url,title,category,chunk_id,chunk_text,word_count
https://www.guvi.in/courses/project-management/jira-jira-project-management,Best Jira: Jira project management Course Online with Certification | GUVI,Course,0,"Best Jira: Jira project management Course Online with Certification GUVI LIVE Classes VLSI Design Programme New IIT Delhi certified AI & Machine Learning New Intel & IIT-M Pravartak certified Data Science IIT-M Pravartak certified Full Stack Development IIT-M Pravartak certified UI/UX Design HCL GUVI certified AI DevOps Program HCL GUVI certified Still Confused? Request a Callback Explore all Programs Courses Practice CodeKata Sharpen your coding skills, prepare for interviews WebKata Build basic frontend & backend development skills SQLKata Master SQL concepts in relational database management FixTheCode A series of programs curated by industry experts IDE - Online Compiler Run & test your code in any programming language Resources Free Resources Referral Success Stories Blogs Learn Hub Get The App Rewards Become an Affiliate Leaderboard What's New? Resume Builder Community Hub Our Products HackerKID Coding classes platform for K-12 children GUVI For Corporates Meet your Hiring & Training Needs Placement Preparation Ace Up your Aptitude Login Sign up Login Sign up LIVE Classes VLSI Design Programme New IIT Delhi certified AI & Machine Learning New Intel & IIT-M Pravartak certified Data Science IIT-M Pravartak certified Full Stack Development IIT-M Pravartak certified UI/UX Design HCL GUVI certified AI DevOps Program HCL GUVI",200
https://www.guvi.in/courses/project-management/jira-jira-project-management,Best Jira: Jira project management Course Online with Certification | GUVI,Course,1,"& Machine Learning New Intel & IIT-M Pravartak certified Data Science IIT-M Pravartak certified Full Stack Development IIT-M Pravartak certified UI/UX Design HCL GUVI certified AI DevOps Program HCL GUVI certified Explore all Programs Courses Practice CodeKata Sharpen your coding skills, prepare for interviews WebKata Build basic frontend & backend development skills SQLKata Master SQL concepts in relational database management FixTheCode A series of programs curated by industry experts IDE - Online Compiler Run & test your code in any programming language Resources Free Resources Referral Success Stories Blogs Learn Hub Get The App Rewards Become an Affiliate Leaderboard What's New? Resume Builder Community Hub Our Products HackerKID Coding classes platform for K-12 children GUVI For Corporates Meet your Hiring & Training Needs Placement Preparation Ace Up your Aptitude Still Confused? Request a Callback Welcome LIVE Classes Courses Practice Platforms Leaderboard Rewards Referral Profile Finish Welcome LIVE Classes Courses Practice Platforms Leaderboard Rewards Referral Profile Finish ✕ Welcome to HCL GUVI Hey there! Welcome to HCL GUVI—Grab Your Vernacular Imprint—where tech learning is easy, fun, and curated specially for you. Incubated by IIT Madras & IIM Ahmedabad in 2014 and now part of HCL Group, we're making quality tech education",200
https://www.guvi.in/courses/project-management/jira-jira-project-management,Best Jira: Jira project management Course Online with Certification | GUVI,Course,2,"tech learning is easy, fun, and curated specially for you. Incubated by IIT Madras & IIM Ahmedabad in 2014 and now part of HCL Group, we're making quality tech education accessible to all. Join 3M+ learners breaking barriers and upskilling for a brighter future. We're here to guide you every step of the way! 🚀 LIVE Classes Zen Classes are HCL GUVI's most refined and flagship product—live, expert-led tech programs for beginners and pros. With IITM Pravartak affiliations, master Full-Stack, Data Science, DevOps, UI/UX, and more in multiple languages! Explore More Courses Looking for flexibility? HCL GUVI's 200+ self-paced courses let you learn anytime, anywhere! From free lessons to IIT-M & Autodesk-certified programs, gain in-demand skills in your preferred language. Explore More Practice Platforms Enhance your coding skills with HCL GUVI's Practice Platforms—interactive, structured, and designed to help you master programming effortlessly. CodeKata: A structured coding practice platform with 1500+ coding problems designed by industry experts. Ideal for beginners and professionals preparing for tech interviews with real-world coding challenges. Try Now > WebKata: An interactive platform to master HTML, CSS, JavaScript, and Bootstrap with a live coding environment. Perfect for hands-on web development practice without any setup. Try Now >",200
https://www.guvi.in/courses/project-management/jira-jira-project-management,Best Jira: Jira project management Course Online with Certification | GUVI,Course,3,"Now > WebKata: An interactive platform to master HTML, CSS, JavaScript, and Bootstrap with a live coding environment. Perfect for hands-on web development practice without any setup. Try Now > SQLKata: A practice ground for mastering SQL queries used in real-world applications. Write, optimize, and refine your queries to build strong database skills. Try Now > FixTheCode: Hone your bug-fixing skills with real-world debugging challenges in Python, C++, JavaScript, and Golang. More languages coming soon! Try Now > IDE: A free online compiler supporting 20+ programming languages with auto-complete, debugging, and AI-powered code generation—all in the cloud! Try Now > Leaderboard Climb the leaderboard as you earn Geekoins by learning and practicing! The top scorers get featured, making learning competitive and rewarding. Keep going—you could be next! Explore More Rewards Earn Geekoins by watching videos and practicing problems, then redeem them for exciting rewards. The more you engage, the more you win! Explore More Referral Love learning with HCL GUVI? Share it with friends! Invite them using your unique link or code and unlock exciting rewards—Amazon vouchers, iPhones, and more. A Win-Win. Explore More Profile Your HCL GUVI profile is your digital portfolio! Track progress, showcase skills, add projects, and",200
https://www.guvi.in/courses/project-management/jira-jira-project-management,Best Jira: Jira project management Course Online with Certification | GUVI,Course,4,"or code and unlock exciting rewards—Amazon vouchers, iPhones, and more. A Win-Win. Explore More Profile Your HCL GUVI profile is your digital portfolio! Track progress, showcase skills, add projects, and build a resume. Keep it updated—opportunities await! Explore More That's It! You Are Ready! You're all set to dive into your learning journey with HCL GUVI. Explore, upskill, and make each step count—exciting possibilities awaits! close Thank you for Reaching us out Our team will reach you out within the next 24 hours. Explore all Programs ✕ Accelerate your Career Jira: Jira project management Join our JIRA Project Management Course and master a versatile web-based platform that revolutionizes project management, issue tracking, and team collaboration. Learn agile methodologies, customizable workflows, and real-time insights. From project tracking to seamless collaboration, grasp essential skills for efficient project lifecycles. This course equips you with all the JIRA skills to plan, track, and deliver results expertly. From software development to DevOps excellence, JIRA's influence is pervasive. Enroll Now Join 2.0k geeks 4.3 2000+ enrolled 6 Hours of Recorded Content 3 Modules with Certifications English Language Only ₹1499 ₹ 2000 25.05 % OFF Enroll Now Professionals from Top Industries Learn from Us Course Overview Syllabus",200
https://www.guvi.in/courses/project-management/jira-jira-project-management,Best Jira: Jira project management Course Online with Certification | GUVI,Course,5,"6 Hours of Recorded Content 3 Modules with Certifications English Language Only ₹1499 ₹ 2000 25.05 % OFF Enroll Now Professionals from Top Industries Learn from Us Course Overview Syllabus Course Requirements Certificate Recommended course FAQ Course Overview Begin a transformative learning journey as you delve into the world of JIRA Project Management. Across 16 dynamic modules, you'll progressively unravel critical concepts and practical tools that empower your project prowess. Start by understanding the foundations of Jira, then transition seamlessly into mastering agile methodologies for optimal project efficiency. Unveil the art of project setup, explore the intricacies of Scrum and Kanban, and delve into adept issue management. Elevate team collaboration through effective communication tools. As you advance, embrace automation, integration, and the integration of testing with Zephyr. End your course with a capstone project that solidifies your newfound expertise. Explore Our Industry-Aligned Curriculum Course Syllabus Expand all Beginner Module Intermediate Module Advanced Module Course Requirements Basic familiarity with project management concepts and terminology. Access to a computer with a reliable internet connection. Eagerness to learn and dive into the world of Jira project management. Accelerate your Career Jira: Jira project management Enroll Now Real Career Stories Powered By Upskilling """,200
https://www.guvi.in/courses/project-management/jira-jira-project-management,Best Jira: Jira project management Course Online with Certification | GUVI,Course,6,"internet connection. Eagerness to learn and dive into the world of Jira project management. Accelerate your Career Jira: Jira project management Enroll Now Real Career Stories Powered By Upskilling "" Previously in IT services, I wanted to upgrade to a new field but didn’t know how. The trust I got from HCL GUVI was enormous; I quit my job and took HCL Guvi Courses. I’ve now been placed as a Data Scientist at AI Enterprise Software India Ltd. I’m feeling blessed and didn’t expect this level of help! "" S Sonia Kola Data scientist "" I wanted to make a career shift to IT, so I joined the HCL Guvi Courses. I interviewed with 10 companies and received 3 offers. I eventually accepted an offer from a product-based company and am currently working as a Software Developer at iQuanti India Pvt. Ltd. "" R Rakesh Software Developer "" My world changed after joining HCL GUVI. The Courses helped me to develop apps from scratch—a vital skill for any developer—and I worked on projects like GooglePay and YouTube clones. I was placed at a product-based company, Zest Money. If you want to upskill and join a product-based company, I highly recommend",200
https://www.guvi.in/courses/project-management/jira-jira-project-management,Best Jira: Jira project management Course Online with Certification | GUVI,Course,7,"worked on projects like GooglePay and YouTube clones. I was placed at a product-based company, Zest Money. If you want to upskill and join a product-based company, I highly recommend the HCL Guvi Courses. "" M Muntha Pawan Kumar Software Developer "" I enrolled in the UI/UX Design course at HCL GUVI to master the art of user-centric design. The course was brilliantly structured, moving from wireframing basics to high-fidelity prototyping and user testing. Learning tools like Figma and working on real-world case studies helped me a lot. "" S Shaik Ahmad Associate Product Manager Awards & Achievements HCL GUVI recognized as the Best Partner - Technology Training by Empire Forums. Awarded by ZEE Digital during ZEE National Achievers Awards 2022. Awarded by ENTREPRENEUR INDIA for having the best online personalized learning programs. HCL GUVI recognized as the ""Best GenAI Training Partner"" by UBS Forums For the most users to take an Artificial Intelligence lesson in 24 hours. HCL GUVI recognized as the ""Best Partner - New Hire Training"" by UBS Forums Broke the Record for most users taking an online computer programming lesson in 24 Hrs. Certification Industry-recognized Jira: Jira project management Certificate Certificates are generated after the completion",200
https://www.guvi.in/courses/project-management/jira-jira-project-management,Best Jira: Jira project management Course Online with Certification | GUVI,Course,8,"UBS Forums Broke the Record for most users taking an online computer programming lesson in 24 Hrs. Certification Industry-recognized Jira: Jira project management Certificate Certificates are generated after the completion of course. Certificates are globally recognized & they help Enhance your profile. More Courses related to Project Management Tamil 4.5 Jira: Jira project management Tamil 6 Hrs 2k+ Enrolled ₹1,499 English 4.4 Project Management Fundamentals 3 Hrs 2k+ Enrolled ₹1,499 Tamil 4.4 Agile Fundamentals in Tamil 3 Hrs 2k+ Enrolled ₹1,499 English 5.0 Certified Scrum Master 5 Hrs 2k+ Enrolled ₹1,499 English 4.0 Primavera 17 Hrs 2k+ Enrolled ₹2,499 English 4.4 Agile Fundamentals 4 Hrs 2k+ Enrolled ₹1,499 Telugu 4.0 Jira: Jira project management 6 Hrs 2k+ Enrolled ₹1,499 English 4.0 Confluence 10 Hrs 2k+ Enrolled ₹2,499 View all courses Frequently Asked Questions What is the overview of GUVI’s Jira: Jira Project Management Online Course? − GUVI’s Jira: Jira Project Management course is a comprehensive journey that guides you through mastering the versatile web-based platform, Jira. The course covers a wide array of topics, from understanding agile methodologies and customizable workflows to project setup, issue tracking, and efficient team collaboration. With practical examples and case studies, you'll navigate Jira's interface,",200
https://www.guvi.in/courses/project-management/jira-jira-project-management,Best Jira: Jira project management Course Online with Certification | GUVI,Course,9,"wide array of topics, from understanding agile methodologies and customizable workflows to project setup, issue tracking, and efficient team collaboration. With practical examples and case studies, you'll navigate Jira's interface, create projects, manage issues, and explore advanced features like automation and external app integration. Why learn the Jira: Jira Project Management course? + Why choose GUVI for learning the Jira: Jira Project Management course? + What are the benefits of earning Jira: Jira Project Management? + Is the Jira: Jira Project Management course difficult to learn? + How long does it take to learn Jira: Jira Project Management? + Course Preview Jira: Jira project management Master n8n AI Agents: Build & Sell AI Agents and Automations Free Sample Videos NOW PLAYING 12:26 Master n8n AI Agents: Build & Sell AI Agents and Automations Module 1 12:26 What is n8n? (Replace Zapier/Make with n8n) Module 2 1:40 4 Key Components of an AI Agent Module 3 8:15 Understanding AI Workflows Module 4 Enroll Now - ₹1499",165
https://www.guvi.in,HCL GUVI | Learn to code in your native language,Other,0,"HCL GUVI Learn to code in your native language Want to Earn IIM Indore Executive Alumni Status? AI + Product Management Campus Immersion Live Projects Register by 18 October Enroll Now Want to Earn IIM Indore Executive Alumni Status? Register by 18 October Enroll Now LIVE Classes VLSI Design Programme New IIT Delhi certified AI & Machine Learning New Intel & IIT-M Pravartak certified Data Science IIT-M Pravartak certified Full Stack Development IIT-M Pravartak certified UI/UX Design HCL GUVI certified AI DevOps Program HCL GUVI certified Still Confused? Request a Callback Explore all Programs Courses Practice CodeKata Sharpen your coding skills, prepare for interviews WebKata Build basic frontend & backend development skills SQLKata Master SQL concepts in relational database management FixTheCode A series of programs curated by industry experts IDE - Online Compiler Run & test your code in any programming language Resources Free Resources Referral Success Stories Blogs Learn Hub Get The App Rewards Become an Affiliate Leaderboard What's New? Resume Builder Community Hub Our Products HackerKID Coding classes platform for K-12 children GUVI For Corporates Meet your Hiring & Training Needs Placement Preparation Ace Up your Aptitude Login Sign up Login Sign up LIVE Classes VLSI Design Programme",200
https://www.guvi.in,HCL GUVI | Learn to code in your native language,Other,1,"platform for K-12 children GUVI For Corporates Meet your Hiring & Training Needs Placement Preparation Ace Up your Aptitude Login Sign up Login Sign up LIVE Classes VLSI Design Programme New IIT Delhi certified AI & Machine Learning New Intel & IIT-M Pravartak certified Data Science IIT-M Pravartak certified Full Stack Development IIT-M Pravartak certified UI/UX Design HCL GUVI certified AI DevOps Program HCL GUVI certified Explore all Programs Courses Practice CodeKata Sharpen your coding skills, prepare for interviews WebKata Build basic frontend & backend development skills SQLKata Master SQL concepts in relational database management FixTheCode A series of programs curated by industry experts IDE - Online Compiler Run & test your code in any programming language Resources Free Resources Referral Success Stories Blogs Learn Hub Get The App Rewards Become an Affiliate Leaderboard What's New? Resume Builder Community Hub Our Products HackerKID Coding classes platform for K-12 children GUVI For Corporates Meet your Hiring & Training Needs Placement Preparation Ace Up your Aptitude Still Confused? Request a Callback Welcome LIVE Classes Courses Practice Platforms Leaderboard Rewards Referral Profile Finish Welcome LIVE Classes Courses Practice Platforms Leaderboard Rewards Referral Profile Finish ✕ Welcome to HCL GUVI Hey there! Welcome to",200
https://www.guvi.in,HCL GUVI | Learn to code in your native language,Other,2,"LIVE Classes Courses Practice Platforms Leaderboard Rewards Referral Profile Finish Welcome LIVE Classes Courses Practice Platforms Leaderboard Rewards Referral Profile Finish ✕ Welcome to HCL GUVI Hey there! Welcome to HCL GUVI—Grab Your Vernacular Imprint—where tech learning is easy, fun, and curated specially for you. Incubated by IIT Madras & IIM Ahmedabad in 2014 and now part of HCL Group, we're making quality tech education accessible to all. Join 3M+ learners breaking barriers and upskilling for a brighter future. We're here to guide you every step of the way! 🚀 LIVE Classes Zen Classes are HCL GUVI's most refined and flagship product—live, expert-led tech programs for beginners and pros. With IITM Pravartak affiliations, master Full-Stack, Data Science, DevOps, UI/UX, and more in multiple languages! Explore More Courses Looking for flexibility? HCL GUVI's 200+ self-paced courses let you learn anytime, anywhere! From free lessons to IIT-M & Autodesk-certified programs, gain in-demand skills in your preferred language. Explore More Practice Platforms Enhance your coding skills with HCL GUVI's Practice Platforms—interactive, structured, and designed to help you master programming effortlessly. CodeKata: A structured coding practice platform with 1500+ coding problems designed by industry experts. Ideal for beginners and professionals preparing for tech interviews",200
https://www.guvi.in,HCL GUVI | Learn to code in your native language,Other,3,"designed to help you master programming effortlessly. CodeKata: A structured coding practice platform with 1500+ coding problems designed by industry experts. Ideal for beginners and professionals preparing for tech interviews with real-world coding challenges. Try Now > WebKata: An interactive platform to master HTML, CSS, JavaScript, and Bootstrap with a live coding environment. Perfect for hands-on web development practice without any setup. Try Now > SQLKata: A practice ground for mastering SQL queries used in real-world applications. Write, optimize, and refine your queries to build strong database skills. Try Now > FixTheCode: Hone your bug-fixing skills with real-world debugging challenges in Python, C++, JavaScript, and Golang. More languages coming soon! Try Now > IDE: A free online compiler supporting 20+ programming languages with auto-complete, debugging, and AI-powered code generation—all in the cloud! Try Now > Leaderboard Climb the leaderboard as you earn Geekoins by learning and practicing! The top scorers get featured, making learning competitive and rewarding. Keep going—you could be next! Explore More Rewards Earn Geekoins by watching videos and practicing problems, then redeem them for exciting rewards. The more you engage, the more you win! Explore More Referral Love learning with HCL GUVI? Share it with friends! Invite",200
https://www.guvi.in,HCL GUVI | Learn to code in your native language,Other,4,"and practicing problems, then redeem them for exciting rewards. The more you engage, the more you win! Explore More Referral Love learning with HCL GUVI? Share it with friends! Invite them using your unique link or code and unlock exciting rewards—Amazon vouchers, iPhones, and more. A Win-Win. Explore More Profile Your HCL GUVI profile is your digital portfolio! Track progress, showcase skills, add projects, and build a resume. Keep it updated—opportunities await! Explore More That's It! You Are Ready! You're all set to dive into your learning journey with HCL GUVI. Explore, upskill, and make each step count—exciting possibilities awaits! close Thank you for Reaching us out Our team will reach you out within the next 24 hours. Explore all Programs ✕ Our Accreditations & Partnerships Live Classes + Placement Guidance Live Classes + Placement Guidance HCL GUVI offers one of the industry’s leading Project Based Career Programs that promises Placement Guidance on completing the program. Master Data Science Course with IITM Pravartak Certification Tamil, English & Hindi Syllabus Know More GEN AI Software Development Program (Certified by MongoDB, IITM Pravartak) Tamil, English & Hindi Syllabus Know More Artificial Intelligence & Machine Learning (Certified by Intel, IITM Pravartak) Tamil, English",200
https://www.guvi.in,HCL GUVI | Learn to code in your native language,Other,5,"More GEN AI Software Development Program (Certified by MongoDB, IITM Pravartak) Tamil, English & Hindi Syllabus Know More Artificial Intelligence & Machine Learning (Certified by Intel, IITM Pravartak) Tamil, English & Hindi Syllabus Know More UI/UX Design Course Tamil, English, Hindi & Telugu Syllabus Know More Full Stack Development Course with AI Tools Tamil, English, Hindi & Telugu Syllabus Know More Business and Marketing Analytics with AI Tools Tamil, English & Hindi Syllabus Know More DevOps Course Tamil & English Syllabus Know More Artificial Intelligence & Machine Learning Course Tamil, English & Hindi Syllabus Know More Explore All Programs Not sure which path to choose? Take our free Skill Assessment and discover the right program tailored for you. Free Skill Assessment Hurry up! Don't miss the exclusive discount ₹7500 on the courses Journey Of Our Learners Padmini Kadhirvel Online Support Associate After HCL GUVI Automation Testing Engineer B Swathy Associate After HCL GUVI UI/UX Designer Vignesh G Fresher, Msc (Arts & Science) After HCL GUVI Junior Developer Ramapriya Prasathe 9 years gap after graduation After HCL GUVI Automation Testing Engineer Penumaka Gopi Kishore Intern, 2 Years After HCL GUVI Full Stack Developer Kesavan Career gap of 7 months After HCL",200
https://www.guvi.in,HCL GUVI | Learn to code in your native language,Other,6,"years gap after graduation After HCL GUVI Automation Testing Engineer Penumaka Gopi Kishore Intern, 2 Years After HCL GUVI Full Stack Developer Kesavan Career gap of 7 months After HCL GUVI Data Scientist Prakash T N Fresher, civil backgorund, 6 months of career gap After HCL GUVI Data Scientist Vinoth M Mechanical Engineer After HCL GUVI ML - Engineer Thenmozhi L Programmer Analyst After HCL GUVI Full Stack Developer Kalaivani B Associate After HCL GUVI Full Stack Developer Raghavan P BCA Graduate with 4.4 years IT experience After HCL GUVI Devops Engineer What Our Learners Are Saying! Rated 4.3/5.0 More than 2500 Google Reviews SRI HARI K Full Stack Developer I've been a non-IT professional for six years and switched to IT through HCL GUVI's Full Stack Development course (Tamil Batch). The flexible schedule, expert instructors, and mock interviews were invaluable, helping me secure my first IT role in Chennai. I would highly recommend HCL GUVI. Vinitha G Node Js developer Vinitha G Node Js developer I completed HCL GUVI's Full Stack Development (MERN) Program, and their teaching with query resolution was excellent. My mentors used to explain concepts in Tamil in really clear-cut ways.Placement support along with mock interviews",200
https://www.guvi.in,HCL GUVI | Learn to code in your native language,Other,7,"Full Stack Development (MERN) Program, and their teaching with query resolution was excellent. My mentors used to explain concepts in Tamil in really clear-cut ways.Placement support along with mock interviews and job-specific prep sessions was very useful. Prasanth Data Science and AI Engineer RAMYA KRISHNAN A Data Scientist HCL GUVI's Data Science Program was just fantastic. It covered statistics, machine learning, data visualization, and Python within its curriculum. Later, its hands-on projects allowed me to apply the concepts effectively and significantly improved my data science skills. Joel Frontend Developer Selva Kumaran Frontend Developer I completed HCL GUVI's Full Stack Development (MERN) Program, and their teaching with query resolution was excellent. My mentors used to explain concepts in Tamil in really clear-cut ways.Placement support along with mock interviews and job-specific prep sessions was very useful. View All Where Do Our Students Work? We are proud of... 0 Learners 0 Mentors 0 Lines of Code Submission 0 Videos 0% of Learners complete their courses within 3 months 0% of Learners could recollect the concepts faster 0% of Learners have better understanding over complex topics Your Learning, Your Pace: Explore, Master, Succeed Choose from 1300 + exclusive courses with new courses being published",200
https://www.guvi.in,HCL GUVI | Learn to code in your native language,Other,8,"the concepts faster 0% of Learners have better understanding over complex topics Your Learning, Your Pace: Explore, Master, Succeed Choose from 1300 + exclusive courses with new courses being published every month. Business & Management Data Science & AI Engineering & Design IT & Software, Network & Security Programming Creative and User Experience Paid Business Finance 5 Hrs English Paid Product Management Interview Preparation 3 Hrs English Paid Project Management Fundamentals 3 Hrs English Paid Jira: Jira project management 6 Hrs English Paid Introduction to Agile and Project Management 5 Hrs English Paid Entrepreneurship - Bootstrap vs Fundraising 5 Hrs English Paid Introduction to ESG: Driving Responsible Business Practices 3 Hrs English Paid SAP S/4 HANA 3 Hrs English Paid Email Etiquette 4 Hrs English Paid Resume Building 2 Hrs English Paid Confluence 10 Hrs English Explore Courses Learn. Practice. Earn. Have Fun! CodeKata CodeKata CodeKata is an interactive platform for programming practice. Offers 1500+ coding problems curated by top IT industry experts. Helps showcase your skills for job recruitment. Enhances your ability to crack coding interviews. Explore CodeKata WebKata WebKata WebKata is a practice platform designed for beginners. Features top-notch web development problem statements. Focuses on Modern HTML, CSS,",200
https://www.guvi.in,HCL GUVI | Learn to code in your native language,Other,9,"Enhances your ability to crack coding interviews. Explore CodeKata WebKata WebKata WebKata is a practice platform designed for beginners. Features top-notch web development problem statements. Focuses on Modern HTML, CSS, and JavaScript. Helps accelerate web development skills through hands-on assignments. Explore WebKata SQLKata SQLKata SQLKata is a powerful tool for mastering SQL and relational databases. Focuses on concept-driven exercises for skill enhancement. Helps improve query formulation, optimization, and database management. Designed to tackle real-world challenges in data management. Provides a structured, hands-on learning approach for learners and professionals. Explore SQLKata FixTheCode FixTheCode FixTheCode is a series of programs curated by industry experts. Helps you get started and become familiar with programming. Your performance in FixTheCode influences job recommendations. Enhances your programming skills and improves interview success. Explore FixTheCode IDE IDE HCL GUVI IDE is an Integrated Development Environment (IDE) for coding. Allows you to write, edit, run, test, and debug your code. Comes with a built-in debugger to fix code errors. Supports JavaScript, Python, Ruby, and 20+ programming languages. Explore IDE Rewards Rewards HCL GUVI users can redeem Geekoins for exciting rewards. Earn points through CodeKata, WebKata, and referrals. Use those Geekoins to redeem exciting rewards and vouchers. Explore Rewards",200
https://www.guvi.in,HCL GUVI | Learn to code in your native language,Other,10,"IDE Rewards Rewards HCL GUVI users can redeem Geekoins for exciting rewards. Earn points through CodeKata, WebKata, and referrals. Use those Geekoins to redeem exciting rewards and vouchers. Explore Rewards Referral Referral HCL GUVI's referral program is simple and easy to use. Share your referral code with peers, family, and friends. Earn points for every successful referral. Redeem points for exciting rewards like iPhones, Amazon vouchers, and more. Explore Referral Forum Forum The Forum is a technical community platform for discussions. Open to students, professionals, and tech enthusiasts. Covers technical doubts, software updates, and trending tech news. Dedicated tech experts respond to queries within 48 hours. Explore Forum CodeKata CodeKata is an interactive platform for programming practice. Offers 1500+ coding problems curated by top IT industry experts. Helps showcase your skills for job recruitment. Enhances your ability to crack coding interviews. Explore CodeKata HCL GUVI for Corporates Explore our customized corporate solutions for your company! Specialized Corporate Training Streamlined Corporate Hiring Corporate Social Responsibility HYRE assessment End-to-End Campus Hiring Learn More Details Leading EdTech Platform for Learning in Native Languages. HCL GUVI, backed by IIT-M, IIM-A, and HCL Group, is India’s top tech-driven EdTech platform for learning in regional and",200
https://www.guvi.in,HCL GUVI | Learn to code in your native language,Other,11,"More Details Leading EdTech Platform for Learning in Native Languages. HCL GUVI, backed by IIT-M, IIM-A, and HCL Group, is India’s top tech-driven EdTech platform for learning in regional and global languages. With 3M+ learners worldwide, it offers personalized online learning, upskilling, and job opportunities. HCL GUVI - G rab U r V ernacular I mprint OUR AWARDS & ACHIEVEMENTS For the most users to take an Artificial Intelligence lesson in 24 hours. Awarded by ENTREPRENEUR INDIA for having the best online personalized learning programs. Awarded by ZEE Digital during ZEE National Achievers Awards 2022. Broke the Record for most users taking an online computer programming lesson in 24 Hrs. HCL GUVI recognized as the ""Best GenAI Training Partner"" by UBS Forums HCL GUVI recognized as the ""Best Partner - New Hire Training"" by UBS Forums HCL GUVI recognized as the Best Partner - Technology Training by Empire Forums. Find Our Perfect Free Resources to Enhance Your Skills Now! Find Our Perfect Free Resources to Enhance Your Skills Now! Explore Now Download Syllabus ✕ Name* Email ID* Phone Number* 🇮🇳 +91 🇮🇳 India +91 🇺🇸 United States +1 🇬🇧 United Kingdom +44 Educational Qualification* Education Qualification Engineering Degree (CS /",200
https://www.guvi.in,HCL GUVI | Learn to code in your native language,Other,12,"Now Download Syllabus ✕ Name* Email ID* Phone Number* 🇮🇳 +91 🇮🇳 India +91 🇺🇸 United States +1 🇬🇧 United Kingdom +44 Educational Qualification* Education Qualification Engineering Degree (CS / IT / ECE / EEE) Engineering Degree (Mech / Civil / Others) Non-Engineering Degree (B.Sc / B.Com / BCA / MBA / M.Sc / Others) ITI / Diploma HSC / SSC Current Profile* Select Working in Non IT Industry Working in IT Industry Student Graduated and Looking for a Career Year of Graduation* Year of Graduation 2027 2028 2029 2030 2031 Speaking Language* Select English Tamil Hindi Telugu Kannada Malayalam Others Download Syllabus Your syllabus is on the way! Your syllabus will start downloading shortly. close Verify Your Mobile Number An OTP has been sent to your Mobile - Edit Resend OTP Verify OTP Verify Your Mobile Number 🇮🇳 +91 🇮🇳 India +91 🇺🇸 United States +1 🇬🇧 United Kingdom +44 Send OTP Verified successfully! Redirecting you to your dashboard... Oops! We're sorry, but we are unable to verify that you're a human. Please try again. If you continue to experience issues, try registering from another device. Refresh Install The GUVI Super App 4.5 500K+ Downloads INSTALL ZEN CLASS LIVE",200
https://www.guvi.in,HCL GUVI | Learn to code in your native language,Other,13,"you're a human. Please try again. If you continue to experience issues, try registering from another device. Refresh Install The GUVI Super App 4.5 500K+ Downloads INSTALL ZEN CLASS LIVE CLASS Full Stack Development Data Science Software Development Intel AIML UI/UX DevOps Business Analytics with Digital Marketing All Programs Popular Courses Python - IIT-M Pravartak Certified Java Mobile Hacking C Programming AWS Angular Dark Web All Courses Self-Paced Courses Paid Courses Free Courses Combos Practice Platforms CodeKata WebKata SQLKata FixTheCode IDE Community Campus Ambassador Industrial visit Products HackerKID Placement Preparation HCL GUVI for Corporates Resources Success Stories Learn Hub Free Resources Blog Web Stories Rewards Refer a friend Become an Affiliate Resume Builder New Company Refund Policy FAQs Contact Us About Us ZEN CLASS LIVE CLASS Full Stack Development Data Science Software Development Intel AIML UI/UX DevOps Business Analytics with Digital Marketing All Programs Popular Courses Python - IIT-M Pravartak Certified Java Mobile Hacking C Programming AWS Angular Dark Web All Courses Self-Paced Courses Paid Courses Free Courses Combos Practice Platforms CodeKata WebKata SQLKata FixTheCode IDE Community Campus Ambassador Industrial visit Products HackerKID Placement Preparation HCL GUVI for Corporates Resources Success Stories Learn Hub Free Resources Blog Web Stories Rewards",200
https://www.guvi.in,HCL GUVI | Learn to code in your native language,Other,14,"Platforms CodeKata WebKata SQLKata FixTheCode IDE Community Campus Ambassador Industrial visit Products HackerKID Placement Preparation HCL GUVI for Corporates Resources Success Stories Learn Hub Free Resources Blog Web Stories Rewards Refer a friend Become an Affiliate Resume Builder New Company Refund Policy FAQs Contact Us About Us Refer & Earn HCL GUVI (Grab Your Vernacular Imprint) Geek Network Private Limited is a leading online learning and skills development company, incubated by IIT Madras and IIM Ahmedabad. Established in 2014 and acquired by the HCL Group in 2022, HCL GUVI is dedicated to providing effective and high-quality learning and skilling programs that transcend language barriers in technology education. HCL GUVI today is trusted by over 4.8 million users, 20 languages and 2500+ corporate partners. Refer & Earn Follow us on Follow us on HCL GUVI (Grab Your Vernacular Imprint) Geek Network Private Limited is a leading online learning and skills development company, incubated by IIT Madras and IIM Ahmedabad. Established in 2014 and acquired by the HCL Group in 2022, HCL GUVI is dedicated to providing effective and high-quality learning and skilling programs that transcend language barriers in technology education. HCL GUVI today is trusted by over 4.8 million users, 20",200
https://www.guvi.in,HCL GUVI | Learn to code in your native language,Other,15,"GUVI is dedicated to providing effective and high-quality learning and skilling programs that transcend language barriers in technology education. HCL GUVI today is trusted by over 4.8 million users, 20 languages and 2500+ corporate partners. Follow us on Refer & Earn Terms and Conditions Privacy Policy HCL GUVI Geek Network Pvt. Ltd. Terms and Conditions Privacy Policy HCL GUVI Geek Network Pvt. Ltd.",63
https://www.guvi.in/referral,Referral | HCL GUVI,Other,0,"Referral HCL GUVI Home LIVE Classes VLSI Design Programme New IIT Delhi certified AI & Machine Learning New Intel & IIT-M Pravartak Certified Data Science IIT-M Pravartak certified Full Stack Development IIT-M Pravartak certified UI/UX Design HCL GUVI certified AI DevOps Program HCL GUVI Certified Still Confused? Request a Callback Explore all Programs > Courses Practice CodeKata Sharpen your coding skills, prepare for interviews WebKata Build basic Frontend and Backend development skills SQLKata Master SQL concepts in relational database management FixTheCode A series of programs curated by Industry Experts IDE - Online Compiler Run & test your code in any programming language Resources Free Resources Success Stories Learn Hub Rewards Leaderboard Referral Blogs Get The App Become an Affiliate Forum Whatâs New? Resume Builder Community Hub Our Products HackerKID Coding classes platform for K-12 children GUVI for Corporates Meet your Hiring & Training Needs Placement Preparation Ace Up your Aptitude close Sign up Home LIVE Classes VLSI Design Programme New IIT Delhi certified AI & Machine Learning New Intel & IIT-M Pravartak Certified Data Science IIT-M Pravartak certified Full Stack Development IIT-M Pravartak certified UI/UX Design HCL GUVI certified AI DevOps Program HCL GUVI Certified Explore all Programs > Courses",200
https://www.guvi.in/referral,Referral | HCL GUVI,Other,1,"IIT-M Pravartak Certified Data Science IIT-M Pravartak certified Full Stack Development IIT-M Pravartak certified UI/UX Design HCL GUVI certified AI DevOps Program HCL GUVI Certified Explore all Programs > Courses Practice CodeKata Sharpen your coding skills, prepare for interviews WebKata Build basic Frontend and Backend development skills SQLKata Master SQL concepts in relational database management FixTheCode A series of programs curated by Industry Experts IDE - Online Compiler Run & test your code in any programming language Resources Free Resources Success Stories Learn Hub Rewards Leaderboard Referral Blogs Get The App Become an Affiliate Forum Whatâs New? Resume Builder Community Hub Our Products HackerKID Coding classes platform for K-12 children GUVI for Corporates Meet your Hiring & Training Needs Placement Preparation Ace Up your Aptitude Still Confused? Request a Callback Refer & Earn Great Rewards. Apple products, Amazon Voucher & much more to win! Everyoneâs a winner! Refer your friends & families to HCL GUVI, and for every successful sign-up, unlock amazing rewards. Keep referring to win big! Login to Refer Login to Refer How does it work? Referral Link Copy How does it work? Share in How can Everybody Win Rewards? Follow these simple steps to make the rewards",200
https://www.guvi.in/referral,Referral | HCL GUVI,Other,2,"Refer Login to Refer How does it work? Referral Link Copy How does it work? Share in How can Everybody Win Rewards? Follow these simple steps to make the rewards YOURS! How will I win Rewards upon Referral? Sign Up & Login to HCL GUVI. Go to the Referral Page. Find your Unique Referral link. How does this benefit my Friends? Share your Unique Referral Link with your friends, family & social circle via Facebook, WhatsApp, or any other social network. Win Amazing Rewards When your friends or family join HCL GUVI and complete their verification, you all stand a chance to win exciting prizes, including Amazon vouchers and an iPhone! Note: Once signed up, the users have to verify their accounts to consider them as verified referrals Rewards look alluring, right? Follow these simple steps to make the rewards YOURS! How will I win Rewards upon Referral? Sign Up & Login to HCL GUVI. Go to the Referral Page. Find your Unique Referral link. How does this benefit my Friends? Share your Unique Referral Link with your friends, family & social circle via Facebook, WhatsApp, or any other social network. Win Amazing Rewards When your friends or family join",200
https://www.guvi.in/referral,Referral | HCL GUVI,Other,3,"Friends? Share your Unique Referral Link with your friends, family & social circle via Facebook, WhatsApp, or any other social network. Win Amazing Rewards When your friends or family join HCL GUVI and complete their verification, you all stand a chance to win exciting prizes, including Amazon vouchers and an iPhone! Login to Refer Start Referring 1 Free Sign-up = 1 Verified Referral More Verified Referrals = Multiple Rewards No. of Sign Ups 0 No. of Verified Referrals 0 No. of Redeemable Referrals 0 Note: Please make sure that the people, who sign up through your referral, verify their account to count them as a verified referral Refer your friends, Claim your Rewards! Note: Rewards once claimed will be verified by our Team before confirming it Login to Refer Start Referring FAQs How do I participate in the Refer & Earn Reward Program? The offer code will be shown instantly upon claiming the reward. How I will receive the Voucher/Coupon code? We will reach you through your registered email address or contact number within 7-14 working days to collect your delivery address information for sending the rewards. How I will receive the earned reward items? Please note that each signup",200
https://www.guvi.in/referral,Referral | HCL GUVI,Other,4,"or contact number within 7-14 working days to collect your delivery address information for sending the rewards. How I will receive the earned reward items? Please note that each signup is counted as valid referral only on the event of verifing the account information including both email and contact number Why is my referral sign-up count not updating itself? Please note that each signup is counted as a valid referral only upon the event of verifying the account information that includes both email address and contact number. What happens to my sign-up count after I claim a reward? Once a reward is claimed, your sign-up count will reset to zero. Any new referrals will be counted fresh from that point onward. Refer More Friends, Get More Rewards, Repeat! Start Referring Login to Refer × × Get Rewarded with our Referral program: Register to HCL GUVI through your email. Verify your email address using the activation link. Click left on the menu & go to our referral page. Find your âUnique Invite linkâ at the top. Share your referral link with your friends & family. Each successful sign-up through your referral link counts. You can see the number of verified referrals",200
https://www.guvi.in/referral,Referral | HCL GUVI,Other,5,"Invite linkâ at the top. Share your referral link with your friends & family. Each successful sign-up through your referral link counts. You can see the number of verified referrals on the scoreboard. Redeem exciting rewards like Amazon Vouchers, headset & Apple products, once they reach a certain number. It's the WIN-WIN season, More signups = Great Rewards!! Loading...",59
https://www.guvi.in/code-kata,HCL GUVI | Learn to code in your native language,Practice,0,"HCL GUVI Learn to code in your native language LIVE Classes VLSI Design Programme New IIT Delhi certified AI & Machine Learning New Intel & IIT-M Pravartak certified Data Science IIT-M Pravartak certified Full Stack Development IIT-M Pravartak certified UI/UX Design HCL GUVI certified AI DevOps Program HCL GUVI certified Still Confused? Request a Callback Explore all Programs Courses Practice CodeKata Sharpen your coding skills, prepare for interviews WebKata Build basic frontend & backend development skills SQLKata Master SQL concepts in relational database management FixTheCode A series of programs curated by industry experts IDE - Online Compiler Run & test your code in any programming language Resources Free Resources Referral Success Stories Blogs Learn Hub Get The App Rewards Become an Affiliate Leaderboard What's New? Resume Builder Community Hub Our Products HackerKID Coding classes platform for K-12 children GUVI For Corporates Meet your Hiring & Training Needs Placement Preparation Ace Up your Aptitude Login Sign up Login Sign up LIVE Classes VLSI Design Programme New IIT Delhi certified AI & Machine Learning New Intel & IIT-M Pravartak certified Data Science IIT-M Pravartak certified Full Stack Development IIT-M Pravartak certified UI/UX Design HCL GUVI certified AI DevOps Program HCL GUVI certified",200
https://www.guvi.in/code-kata,HCL GUVI | Learn to code in your native language,Practice,1,"Machine Learning New Intel & IIT-M Pravartak certified Data Science IIT-M Pravartak certified Full Stack Development IIT-M Pravartak certified UI/UX Design HCL GUVI certified AI DevOps Program HCL GUVI certified Explore all Programs Courses Practice CodeKata Sharpen your coding skills, prepare for interviews WebKata Build basic frontend & backend development skills SQLKata Master SQL concepts in relational database management FixTheCode A series of programs curated by industry experts IDE - Online Compiler Run & test your code in any programming language Resources Free Resources Referral Success Stories Blogs Learn Hub Get The App Rewards Become an Affiliate Leaderboard What's New? Resume Builder Community Hub Our Products HackerKID Coding classes platform for K-12 children GUVI For Corporates Meet your Hiring & Training Needs Placement Preparation Ace Up your Aptitude Still Confused? Request a Callback Welcome LIVE Classes Courses Practice Platforms Leaderboard Rewards Referral Profile Finish Welcome LIVE Classes Courses Practice Platforms Leaderboard Rewards Referral Profile Finish ✕ Welcome to HCL GUVI Hey there! Welcome to HCL GUVI—Grab Your Vernacular Imprint—where tech learning is easy, fun, and curated specially for you. Incubated by IIT Madras & IIM Ahmedabad in 2014 and now part of HCL Group, we're making quality tech education accessible",200
https://www.guvi.in/code-kata,HCL GUVI | Learn to code in your native language,Practice,2,"learning is easy, fun, and curated specially for you. Incubated by IIT Madras & IIM Ahmedabad in 2014 and now part of HCL Group, we're making quality tech education accessible to all. Join 3M+ learners breaking barriers and upskilling for a brighter future. We're here to guide you every step of the way! 🚀 LIVE Classes Zen Classes are HCL GUVI's most refined and flagship product—live, expert-led tech programs for beginners and pros. With IITM Pravartak affiliations, master Full-Stack, Data Science, DevOps, UI/UX, and more in multiple languages! Explore More Courses Looking for flexibility? HCL GUVI's 200+ self-paced courses let you learn anytime, anywhere! From free lessons to IIT-M & Autodesk-certified programs, gain in-demand skills in your preferred language. Explore More Practice Platforms Enhance your coding skills with HCL GUVI's Practice Platforms—interactive, structured, and designed to help you master programming effortlessly. CodeKata: A structured coding practice platform with 1500+ coding problems designed by industry experts. Ideal for beginners and professionals preparing for tech interviews with real-world coding challenges. Try Now > WebKata: An interactive platform to master HTML, CSS, JavaScript, and Bootstrap with a live coding environment. Perfect for hands-on web development practice without any setup. Try Now > SQLKata:",200
https://www.guvi.in/code-kata,HCL GUVI | Learn to code in your native language,Practice,3,"> WebKata: An interactive platform to master HTML, CSS, JavaScript, and Bootstrap with a live coding environment. Perfect for hands-on web development practice without any setup. Try Now > SQLKata: A practice ground for mastering SQL queries used in real-world applications. Write, optimize, and refine your queries to build strong database skills. Try Now > FixTheCode: Hone your bug-fixing skills with real-world debugging challenges in Python, C++, JavaScript, and Golang. More languages coming soon! Try Now > IDE: A free online compiler supporting 20+ programming languages with auto-complete, debugging, and AI-powered code generation—all in the cloud! Try Now > Leaderboard Climb the leaderboard as you earn Geekoins by learning and practicing! The top scorers get featured, making learning competitive and rewarding. Keep going—you could be next! Explore More Rewards Earn Geekoins by watching videos and practicing problems, then redeem them for exciting rewards. The more you engage, the more you win! Explore More Referral Love learning with HCL GUVI? Share it with friends! Invite them using your unique link or code and unlock exciting rewards—Amazon vouchers, iPhones, and more. A Win-Win. Explore More Profile Your HCL GUVI profile is your digital portfolio! Track progress, showcase skills, add projects, and build",200
https://www.guvi.in/code-kata,HCL GUVI | Learn to code in your native language,Practice,4,"code and unlock exciting rewards—Amazon vouchers, iPhones, and more. A Win-Win. Explore More Profile Your HCL GUVI profile is your digital portfolio! Track progress, showcase skills, add projects, and build a resume. Keep it updated—opportunities await! Explore More That's It! You Are Ready! You're all set to dive into your learning journey with HCL GUVI. Explore, upskill, and make each step count—exciting possibilities awaits! close Thank you for Reaching us out Our team will reach you out within the next 24 hours. Explore all Programs ✕ CodeKata CodeKata is an interactive platform for programming practice. Offers 1500+ coding problems curated by top IT industry experts. Helps showcase your skills for job recruitment. Enhances your ability to crack coding interviews. View More Sign up / Login to begin your practice journey! Start Solving absolute beginner 30 algorithm 16 aptitude 2 array 316 array, list and tuples - tf 1 arrays, list and tuples - tf 17 backtracking 1 bascis 1 basic io math - tf 63 basics 41 binary 1 bit manipulation 12 bst 7 calendar 1 collection 1 counting 1 data structures 44 dictionary 2 divide and conquer 1 dynamic programming 17 factorial 1 FDP Hindustan C ProgrammingUnit-2 25 gcd",200
https://www.guvi.in/code-kata,HCL GUVI | Learn to code in your native language,Practice,5,"manipulation 12 bst 7 calendar 1 collection 1 counting 1 data structures 44 dictionary 2 divide and conquer 1 dynamic programming 17 factorial 1 FDP Hindustan C ProgrammingUnit-2 25 gcd 1 graph 9 greedy 1 guvi-learning-path 46 hash 4 hashing 28 heaps 8 Input/Output 10 integer 2 linked list 19 linkedlist 4 loop 3 Looping 14 matematics 1 mathematics 191 matrix 37 memoization 1 merge sort 1 modulo 1 numbers 22 pattern 1 patterns 61 patterns - tf 17 permutation 1 queue 11 recursion 6 searching 21 segment tree 21 series 2 set 1 sorting 44 splay trees 2 stack 20 strings 196 time 1 trees and graphs 25 tries 22 xor 1 zen 53 More Difficulty Easy Medium Hard Filter Topics Companies Colleges absolute beginner algorithm aptitude array array, list and tuples - tf arrays, list and tuples - tf backtracking bascis More Show Tags Surprise Me Question Acceptance Difficulty Geekoins 1. Odd or Even Sum 73.97% Easy 30 2. Prime Number Check 77.37% Easy 30 3. Check Divisibility by 7 90.48% Easy 10 4. Next Greater Power of 2 63.15% Easy 20 5. Palindrome Check 90.93% Easy 30 6. Vowel Check in String 86.77% Easy 20 7. Number",200
https://www.guvi.in/code-kata,HCL GUVI | Learn to code in your native language,Practice,6,by 7 90.48% Easy 10 4. Next Greater Power of 2 63.15% Easy 20 5. Palindrome Check 90.93% Easy 30 6. Vowel Check in String 86.77% Easy 20 7. Number Range Check 53.44% Easy 20 8. Round to Nearest Greater Integer 66.64% Easy 30 9. String Middle Element Modification 82.31% Easy 20 10. Check if Number is Composite 85.86% Easy 20 11. Print Factors of a Number 35.24% Easy 30 12. Check Divisibility by 13 95.33% Easy 20 13. Perfect Square Product 75.96% Easy 20 14. Odd Digits in a Number 64.46% Easy 20 15. Ninja Clan Difference 83.89% Easy 30 15 per page 30 per page 50 per page 1 2 3 4 5... 133 134 Showing 1 to 15 of 2010 results ZEN CLASS LIVE CLASS Full Stack Development Data Science Software Development Intel AIML UI/UX DevOps Business Analytics with Digital Marketing All Programs Popular Courses Python - IIT-M Pravartak Certified Java Mobile Hacking C Programming AWS Angular Dark Web All Courses Self-Paced Courses Paid Courses Free Courses Combos Practice Platforms CodeKata WebKata SQLKata FixTheCode IDE Community Campus Ambassador Industrial visit Products HackerKID Placement Preparation HCL GUVI for Corporates Resources Success Stories Learn Hub Free Resources Blog Web,200
https://www.guvi.in/code-kata,HCL GUVI | Learn to code in your native language,Practice,7,"Combos Practice Platforms CodeKata WebKata SQLKata FixTheCode IDE Community Campus Ambassador Industrial visit Products HackerKID Placement Preparation HCL GUVI for Corporates Resources Success Stories Learn Hub Free Resources Blog Web Stories Rewards Refer a friend Become an Affiliate Resume Builder New Company Refund Policy FAQs Contact Us About Us ZEN CLASS LIVE CLASS Full Stack Development Data Science Software Development Intel AIML UI/UX DevOps Business Analytics with Digital Marketing All Programs Popular Courses Python - IIT-M Pravartak Certified Java Mobile Hacking C Programming AWS Angular Dark Web All Courses Self-Paced Courses Paid Courses Free Courses Combos Practice Platforms CodeKata WebKata SQLKata FixTheCode IDE Community Campus Ambassador Industrial visit Products HackerKID Placement Preparation HCL GUVI for Corporates Resources Success Stories Learn Hub Free Resources Blog Web Stories Rewards Refer a friend Become an Affiliate Resume Builder New Company Refund Policy FAQs Contact Us About Us Refer & Earn HCL GUVI (Grab Your Vernacular Imprint) Geek Network Private Limited is a leading online learning and skills development company, incubated by IIT Madras and IIM Ahmedabad. Established in 2014 and acquired by the HCL Group in 2022, HCL GUVI is dedicated to providing effective and high-quality learning and skilling programs that transcend language",200
https://www.guvi.in/code-kata,HCL GUVI | Learn to code in your native language,Practice,8,"and IIM Ahmedabad. Established in 2014 and acquired by the HCL Group in 2022, HCL GUVI is dedicated to providing effective and high-quality learning and skilling programs that transcend language barriers in technology education. HCL GUVI today is trusted by over 4.8 million users, 20 languages and 2500+ corporate partners. Refer & Earn Follow us on Follow us on HCL GUVI (Grab Your Vernacular Imprint) Geek Network Private Limited is a leading online learning and skills development company, incubated by IIT Madras and IIM Ahmedabad. Established in 2014 and acquired by the HCL Group in 2022, HCL GUVI is dedicated to providing effective and high-quality learning and skilling programs that transcend language barriers in technology education. HCL GUVI today is trusted by over 4.8 million users, 20 languages and 2500+ corporate partners. Follow us on Refer & Earn Terms and Conditions Privacy Policy HCL GUVI Geek Network Pvt. Ltd. Terms and Conditions Privacy Policy HCL GUVI Geek Network Pvt. Ltd.",160
https://www.guvi.in/zen-class,Zen Class - Career Programs from HCL GUVI,Live Program,0,"Zen Class - Career Programs from HCL GUVI LIVE Classes VLSI Design Programme New IIT Delhi certified AI & Machine Learning New Intel & IIT-M Pravartak certified Data Science IIT-M Pravartak certified Full Stack Development IIT-M Pravartak certified UI/UX Design HCL GUVI certified AI DevOps Program HCL GUVI certified Still Confused? Request a Callback Explore all Programs Courses Practice CodeKata Sharpen your coding skills, prepare for interviews WebKata Build basic frontend & backend development skills SQLKata Master SQL concepts in relational database management FixTheCode A series of programs curated by industry experts IDE - Online Compiler Run & test your code in any programming language Resources Free Resources Referral Success Stories Blogs Learn Hub Get The App Rewards Become an Affiliate Leaderboard What's New? Resume Builder Community Hub Our Products HackerKID Coding classes platform for K-12 children GUVI For Corporates Meet your Hiring & Training Needs Placement Preparation Ace Up your Aptitude Login Sign up Login Sign up LIVE Classes VLSI Design Programme New IIT Delhi certified AI & Machine Learning New Intel & IIT-M Pravartak certified Data Science IIT-M Pravartak certified Full Stack Development IIT-M Pravartak certified UI/UX Design HCL GUVI certified AI DevOps Program HCL GUVI certified Explore",200
https://www.guvi.in/zen-class,Zen Class - Career Programs from HCL GUVI,Live Program,1,"Learning New Intel & IIT-M Pravartak certified Data Science IIT-M Pravartak certified Full Stack Development IIT-M Pravartak certified UI/UX Design HCL GUVI certified AI DevOps Program HCL GUVI certified Explore all Programs Courses Practice CodeKata Sharpen your coding skills, prepare for interviews WebKata Build basic frontend & backend development skills SQLKata Master SQL concepts in relational database management FixTheCode A series of programs curated by industry experts IDE - Online Compiler Run & test your code in any programming language Resources Free Resources Referral Success Stories Blogs Learn Hub Get The App Rewards Become an Affiliate Leaderboard What's New? Resume Builder Community Hub Our Products HackerKID Coding classes platform for K-12 children GUVI For Corporates Meet your Hiring & Training Needs Placement Preparation Ace Up your Aptitude Still Confused? Request a Callback Welcome LIVE Classes Courses Practice Platforms Leaderboard Rewards Referral Profile Finish Welcome LIVE Classes Courses Practice Platforms Leaderboard Rewards Referral Profile Finish ✕ Welcome to HCL GUVI Hey there! Welcome to HCL GUVI—Grab Your Vernacular Imprint—where tech learning is easy, fun, and curated specially for you. Incubated by IIT Madras & IIM Ahmedabad in 2014 and now part of HCL Group, we're making quality tech education accessible to",200
https://www.guvi.in/zen-class,Zen Class - Career Programs from HCL GUVI,Live Program,2,"is easy, fun, and curated specially for you. Incubated by IIT Madras & IIM Ahmedabad in 2014 and now part of HCL Group, we're making quality tech education accessible to all. Join 3M+ learners breaking barriers and upskilling for a brighter future. We're here to guide you every step of the way! 🚀 LIVE Classes Zen Classes are HCL GUVI's most refined and flagship product—live, expert-led tech programs for beginners and pros. With IITM Pravartak affiliations, master Full-Stack, Data Science, DevOps, UI/UX, and more in multiple languages! Explore More Courses Looking for flexibility? HCL GUVI's 200+ self-paced courses let you learn anytime, anywhere! From free lessons to IIT-M & Autodesk-certified programs, gain in-demand skills in your preferred language. Explore More Practice Platforms Enhance your coding skills with HCL GUVI's Practice Platforms—interactive, structured, and designed to help you master programming effortlessly. CodeKata: A structured coding practice platform with 1500+ coding problems designed by industry experts. Ideal for beginners and professionals preparing for tech interviews with real-world coding challenges. Try Now > WebKata: An interactive platform to master HTML, CSS, JavaScript, and Bootstrap with a live coding environment. Perfect for hands-on web development practice without any setup. Try Now > SQLKata: A",200
https://www.guvi.in/zen-class,Zen Class - Career Programs from HCL GUVI,Live Program,3,"WebKata: An interactive platform to master HTML, CSS, JavaScript, and Bootstrap with a live coding environment. Perfect for hands-on web development practice without any setup. Try Now > SQLKata: A practice ground for mastering SQL queries used in real-world applications. Write, optimize, and refine your queries to build strong database skills. Try Now > FixTheCode: Hone your bug-fixing skills with real-world debugging challenges in Python, C++, JavaScript, and Golang. More languages coming soon! Try Now > IDE: A free online compiler supporting 20+ programming languages with auto-complete, debugging, and AI-powered code generation—all in the cloud! Try Now > Leaderboard Climb the leaderboard as you earn Geekoins by learning and practicing! The top scorers get featured, making learning competitive and rewarding. Keep going—you could be next! Explore More Rewards Earn Geekoins by watching videos and practicing problems, then redeem them for exciting rewards. The more you engage, the more you win! Explore More Referral Love learning with HCL GUVI? Share it with friends! Invite them using your unique link or code and unlock exciting rewards—Amazon vouchers, iPhones, and more. A Win-Win. Explore More Profile Your HCL GUVI profile is your digital portfolio! Track progress, showcase skills, add projects, and build a",200
https://www.guvi.in/zen-class,Zen Class - Career Programs from HCL GUVI,Live Program,4,"and unlock exciting rewards—Amazon vouchers, iPhones, and more. A Win-Win. Explore More Profile Your HCL GUVI profile is your digital portfolio! Track progress, showcase skills, add projects, and build a resume. Keep it updated—opportunities await! Explore More That's It! You Are Ready! You're all set to dive into your learning journey with HCL GUVI. Explore, upskill, and make each step count—exciting possibilities awaits! close Thank you for Reaching us out Our team will reach you out within the next 24 hours. Explore all Programs ✕ Master the skills that drive industry innovation Check out our top four best-selling courses, trusted by learners Data Science & Gen AI Programme Intel AI ML Programme Gen AI Software Development Software & AI Engineer Programme Our Programs For You Featured Programs Category Data Science AI Deployment Analytics Web Development Mechanical CAD -Design & Simulation Design Entrepreneurship Electrical - Semiconductor Automobile Management Certification IITM Pravartak HCL GUVI Autodesk Intel MongoDB IIT Delhi IIM Indore Language Tamil English Hindi Telugu Duration 3 Month - weekday, 5 Month - weekend 5 Month - weekend 3 Month - weekday, 6 Month - weekend 4.5 Month - weekend 6 Month - weekend 9 Month - weekend 6 Months -",200
https://www.guvi.in/zen-class,Zen Class - Career Programs from HCL GUVI,Live Program,5,"Month - weekend 5 Month - weekend 3 Month - weekday, 6 Month - weekend 4.5 Month - weekend 6 Month - weekend 9 Month - weekend 6 Months - Weekend 8 months- Weekend- Campus Immersion Best Seller Data Science & Gen AI Programme Tools & Technologies +7 Tamil, English, Hindi, Telugu IITM Pravartak, HCL GUVI 3 Month - weekday, 5 Month - weekend Know More Brochure Applied AIML Programme Tools & Technologies +5 English HCL GUVI 5 Month - weekend Know More Brochure AI Cloud Computing & DevOps Programme Tools & Technologies +14 English HCL GUVI 3 Month - weekday, 5 Month - weekend Know More Brochure Best Seller Business Analytics with AI Tools & Technologies +9 Tamil, English, Hindi HCL GUVI 3 Month - weekday, 6 Month - weekend Know More Brochure Best Seller Software & AI Engineer Programme Tools & Technologies +11 Tamil, English, Hindi, Telugu IITM Pravartak, HCL GUVI 3 Month - weekday, 5 Month - weekend Know More Brochure View More Best Seller Data Science & Gen AI Programme Tools & Technologies +7 Tamil, English, Hindi, Telugu IITM Pravartak, HCL GUVI 3 Month - weekday, 5 Month - weekend Know More Brochure Applied AIML Programme",200
https://www.guvi.in/zen-class,Zen Class - Career Programs from HCL GUVI,Live Program,6,"& Gen AI Programme Tools & Technologies +7 Tamil, English, Hindi, Telugu IITM Pravartak, HCL GUVI 3 Month - weekday, 5 Month - weekend Know More Brochure Applied AIML Programme Tools & Technologies +5 English HCL GUVI 5 Month - weekend Know More Brochure AI Cloud Computing & DevOps Programme Tools & Technologies +14 English HCL GUVI 3 Month - weekday, 5 Month - weekend Know More Brochure Best Seller Business Analytics with AI Tools & Technologies +9 Tamil, English, Hindi HCL GUVI 3 Month - weekday, 6 Month - weekend Know More Brochure Best Seller Software & AI Engineer Programme Tools & Technologies +11 Tamil, English, Hindi, Telugu IITM Pravartak, HCL GUVI 3 Month - weekday, 5 Month - weekend Know More Brochure CAD & Automotive Design with AI Automation Tools & Technologies Tamil, English, Hindi Autodesk, HCL GUVI 4.5 Month - weekend Know More Brochure Best Seller Intel AI ML Programme Tools & Technologies +10 English Intel, IITM Pravartak, HCL GUVI 6 Month - weekend Know More Brochure Best Seller UI/UX & Product Design with AI Tools & Technologies +5 Tamil, English, Hindi, Telugu HCL GUVI 3 Month - weekday, 5 Month - weekend Know More Brochure Best",200
https://www.guvi.in/zen-class,Zen Class - Career Programs from HCL GUVI,Live Program,7,"Best Seller UI/UX & Product Design with AI Tools & Technologies +5 Tamil, English, Hindi, Telugu HCL GUVI 3 Month - weekday, 5 Month - weekend Know More Brochure Best Seller Gen AI Software Development Tools & Technologies +8 Tamil, English, Hindi, Telugu IITM Pravartak, HCL GUVI, MongoDB 9 Month - weekend Know More Brochure Entrepreneurship Programme by IIT Delhi English IIT Delhi 9 Month - weekend Know More Brochure VLSI Design Programme Tools & Technologies English IIT Delhi 6 Month - weekend Know More Brochure Electric Vehicle Technology Programme English IIT Delhi 6 Months - Weekend Know More Brochure IIM Indore Product Management English IIM Indore 8 months- Weekend- Campus Immersion Know More Brochure Transformed Lives Junior Developer Joined HCL GUVI Fresher, Msc (Arts & Science) Full Stack Developer Joined HCL GUVI Intern (2 Years) Automation Testing Engineer Joined HCL GUVI 9 years gap after graduation ML - Engineer Joined HCL GUVI Mechanical Engineer Junior Developer Joined HCL GUVI Fresher, Msc (Arts & Science) Full Stack Developer Joined HCL GUVI Intern (2 Years) Automation Testing Engineer Joined HCL GUVI 9 years gap after graduation ML - Engineer Joined HCL GUVI Mechanical Engineer View Success Stories Our Learners Work At",200
https://www.guvi.in/zen-class,Zen Class - Career Programs from HCL GUVI,Live Program,8,"GUVI Intern (2 Years) Automation Testing Engineer Joined HCL GUVI 9 years gap after graduation ML - Engineer Joined HCL GUVI Mechanical Engineer View Success Stories Our Learners Work At What You Get When You Invest in Us Your Career Investment Calculator Data Science & Gen AI Programme Data Science & Gen AI Programme Applied AIML Programme AI Cloud Computing & DevOps Programme Business Analytics with AI Software & AI Engineer Programme CAD & Automotive Design with AI Automation Intel AI ML Programme UI/UX & Product Design with AI Gen AI Software Development VLSI Design Programme Your Investment LIVE CLASS ₹4,909/- Per month for 24 months ₹94,999/- Full payment Career Growth Analysis INTERNSHIP 12-40K FRESHER 50-120K 1ST YEAR 65-150K 2ND YEAR 85-175K Master In-Demand 10+ Tools To boost your Skills Learn Impactful 7+ Projects To Secure you career A globally recognised Certificate that works as hard as you do. Certificate Provided By Small Sacrifice, Big Returns What if 7 weeks could make you a Data Scientist? HCL Guvi can. Talk to our Counselor View Full Details Hear it from Our Learners Earning 45K as an Intern! Here's the proof Mohammed Esa Khan J Software Developer Playing Next How I Cracked",200
https://www.guvi.in/zen-class,Zen Class - Career Programs from HCL GUVI,Live Program,9,"to our Counselor View Full Details Hear it from Our Learners Earning 45K as an Intern! Here's the proof Mohammed Esa Khan J Software Developer Playing Next How I Cracked an ₹11 LPA Job at Accenture Nandhalal S Advanced Application Engineering Analyst 9 LPA as a Fresher in TCS A M Santina Trainee Software Engineer How Sathwika Started AI & ML as a BTech Final Year Student? Sai Vishnu Priya Digital Specialist Engineer 4 Job Offers Before Graduation Praveen Kumar Software Developer From Learning to Earning Nithin R Mindsprint - Software Developer / CTS - Data Analyst How I Became a Data Analyst at EY Amruthavarshini Explains How HCL GUVI Shaped Her Career Amruthavarshini Data analyst From Fresher to SAP Analyst at EY Sanjana Kumari SAP analyst Skills That Matter in Today’s Job Market Hida Fathima P H Trainee Engineer Career Journey, Skills, Learnings & Real Industry Insights Chandreyi Ghosh Analyst From Curiosity to Career 🚀 Shylendra Prabu R DE This Student Went From Basics to Deep Learning with HCL GUVI Jagana Deepak Software development No Tech Background? Here’s Vadivukarasi’s AI & ML Story Vadivukarasi M Course Testimony Just Theory Before👉🏾 Building Real Projects Now! Surya K Course Testimony Truth",200
https://www.guvi.in/zen-class,Zen Class - Career Programs from HCL GUVI,Live Program,10,"GUVI Jagana Deepak Software development No Tech Background? Here’s Vadivukarasi’s AI & ML Story Vadivukarasi M Course Testimony Just Theory Before👉🏾 Building Real Projects Now! Surya K Course Testimony Truth About Practice-Driven Learning at HCL GUVI Aadhi Course Testimony Playing Next How I Cracked an ₹11 LPA Job at Accenture Nandhalal S Advanced Application Engineering Analyst 9 LPA as a Fresher in TCS A M Santina Trainee Software Engineer How Sathwika Started AI & ML as a BTech Final Year Student? Sai Vishnu Priya Digital Specialist Engineer 4 Job Offers Before Graduation Praveen Kumar Software Developer From Learning to Earning Nithin R Mindsprint - Software Developer / CTS - Data Analyst How I Became a Data Analyst at EY Amruthavarshini Explains How HCL GUVI Shaped Her Career Amruthavarshini Data analyst From Fresher to SAP Analyst at EY Sanjana Kumari SAP analyst Skills That Matter in Today’s Job Market Hida Fathima P H Trainee Engineer Career Journey, Skills, Learnings & Real Industry Insights Chandreyi Ghosh Analyst From Curiosity to Career 🚀 Shylendra Prabu R DE This Student Went From Basics to Deep Learning with HCL GUVI Jagana Deepak Software development No Tech Background? Here’s Vadivukarasi’s AI & ML Story Vadivukarasi M",200
https://www.guvi.in/zen-class,Zen Class - Career Programs from HCL GUVI,Live Program,11,"Shylendra Prabu R DE This Student Went From Basics to Deep Learning with HCL GUVI Jagana Deepak Software development No Tech Background? Here’s Vadivukarasi’s AI & ML Story Vadivukarasi M Course Testimony Just Theory Before👉🏾 Building Real Projects Now! Surya K Course Testimony Truth About Practice-Driven Learning at HCL GUVI Aadhi Course Testimony View Success Stories What’s in it for You Personalised LMS Portal LearnSpace - A full on LMS product from start to placement will be given to you for your guidance through out the program. It will be accesed by you for a lifetime. All-in-One Student Dashboard Track Progress with Clarity Quick Query Resolution ZEN GPT Leverage AI-powered assistance to clear doubts, practice coding, and get instant solutions, ensuring uninterrupted learning and faster progress. Your AI Learning Companion Instant Answers, Anytime, Anywhere Smart Assistance for Every Query Expert Mentorship Learn directly from experienced industry experts who provide practical insights, personalized guidance, and career-focused support to accelerate your learning journey. Learn Directly from Industry Experts Personalized Feedback & Real-World Insights Guidance to Become Job-Ready Placement Assistance Master interviews, optimize your resume, and gain recruiter-ready skills with AI-driven practice and dedicated career support for guaranteed confidence. End-to-End Career Support Resume",200
https://www.guvi.in/zen-class,Zen Class - Career Programs from HCL GUVI,Live Program,12,"Insights Guidance to Become Job-Ready Placement Assistance Master interviews, optimize your resume, and gain recruiter-ready skills with AI-driven practice and dedicated career support for guaranteed confidence. End-to-End Career Support Resume Building & Mock Interviews Interview Support & Follow-Through Get to know about HCL GUVI HCL GUVI (Grab Your Vernacular Imprint) Geek Network Private Limited is a leading online learning and skills development company, incubated by IIT Madras and IIM Ahmedabad. Established in 2014 and acquired by the HCL Group in 2022, HCL GUVI is dedicated to providing effective and high-quality learning and skilling programs that transcend language barriers in technology education. HCL GUVI today is trusted by over 4.8 million users, 20 languages and 2500+ corporate partners. Awards Press Highlights Talk To Your Career Expert Name Email 🇮🇳 +91 🇦🇫 Afghanistan +93 🇦🇽 Aland Islands +358-18 🇦🇱 Albania +355 🇩🇿 Algeria +213 🇦🇸 American Samoa +1-684 🇦🇩 Andorra +376 🇦🇴 Angola +244 🇦🇮 Anguilla +1-264 🇦🇶 Antarctica +672 🇦🇬 Antigua And Barbuda +1-268 🇦🇷 Argentina +54 🇦🇲 Armenia +374 🇦🇼 Aruba +297 🇦🇺 Australia +61 🇦🇹 Austria +43 🇦🇿 Azerbaijan +994 🇧🇭 Bahrain +973 🇧🇩 Bangladesh +880 🇧🇧 Barbados +1-246 🇧🇾 Belarus +375 🇧🇪 Belgium +32 🇧🇿 Belize +501 🇧🇯",200
https://www.guvi.in/zen-class,Zen Class - Career Programs from HCL GUVI,Live Program,13,"Aruba +297 🇦🇺 Australia +61 🇦🇹 Austria +43 🇦🇿 Azerbaijan +994 🇧🇭 Bahrain +973 🇧🇩 Bangladesh +880 🇧🇧 Barbados +1-246 🇧🇾 Belarus +375 🇧🇪 Belgium +32 🇧🇿 Belize +501 🇧🇯 Benin +229 🇧🇲 Bermuda +1-441 🇧🇹 Bhutan +975 🇧🇴 Bolivia +591 🇧🇶 Bonaire, Sint Eustatius and Saba +599 🇧🇦 Bosnia and Herzegovina +387 🇧🇼 Botswana +267 🇧🇻 Bouvet Island +0055 🇧🇷 Brazil +55 🇮🇴 British Indian Ocean Territory +246 🇧🇳 Brunei +673 🇧🇬 Bulgaria +359 🇧🇫 Burkina Faso +226 🇧🇮 Burundi +257 🇰🇭 Cambodia +855 🇨🇲 Cameroon +237 🇨🇦 Canada +1 🇨🇻 Cape Verde +238 🇰🇾 Cayman Islands +1-345 🇨🇫 Central African Republic +236 🇹🇩 Chad +235 🇨🇱 Chile +56 🇨🇳 China +86 🇨🇽 Christmas Island +61 🇨🇨 Cocos (Keeling) Islands +61 🇨🇴 Colombia +57 🇰🇲 Comoros +269 🇨🇬 Congo +242 🇨🇰 Cook Islands +682 🇨🇷 Costa Rica +506 🇨🇮 Cote D'Ivoire (Ivory Coast) +225 🇭🇷 Croatia +385 🇨🇺 Cuba +53 🇨🇼 Curaçao +599 🇨🇾 Cyprus +357 🇨🇿 Czech Republic +420 🇨🇩 Democratic Republic of the Congo +243 🇩🇰 Denmark +45 🇩🇯 Djibouti +253 🇩🇲 Dominica +1-767 🇩🇴 Dominican Republic +1-809 and 1-829 🇹🇱 East Timor +670 🇪🇨 Ecuador +593 🇪🇬 Egypt +20 🇸🇻 El Salvador +503 🇬🇶 Equatorial Guinea",200
https://www.guvi.in/zen-class,Zen Class - Career Programs from HCL GUVI,Live Program,14,+45 🇩🇯 Djibouti +253 🇩🇲 Dominica +1-767 🇩🇴 Dominican Republic +1-809 and 1-829 🇹🇱 East Timor +670 🇪🇨 Ecuador +593 🇪🇬 Egypt +20 🇸🇻 El Salvador +503 🇬🇶 Equatorial Guinea +240 🇪🇷 Eritrea +291 🇪🇪 Estonia +372 🇪🇹 Ethiopia +251 🇫🇰 Falkland Islands +500 🇫🇴 Faroe Islands +298 🇫🇯 Fiji Islands +679 🇫🇮 Finland +358 🇫🇷 France +33 🇬🇫 French Guiana +594 🇵🇫 French Polynesia +689 🇹🇫 French Southern Territories +262 🇬🇦 Gabon +241 🇬🇲 Gambia The +220 🇬🇪 Georgia +995 🇩🇪 Germany +49 🇬🇭 Ghana +233 🇬🇮 Gibraltar +350 🇬🇷 Greece +30 🇬🇱 Greenland +299 🇬🇩 Grenada +1-473 🇬🇵 Guadeloupe +590 🇬🇺 Guam +1-671 🇬🇹 Guatemala +502 🇬🇬 Guernsey and Alderney +44-1481 🇬🇳 Guinea +224 🇬🇼 Guinea-Bissau +245 🇬🇾 Guyana +592 🇭🇹 Haiti +509 🇭🇲 Heard Island and McDonald Islands +672 🇭🇳 Honduras +504 🇭🇰 Hong Kong S.A.R. +852 🇭🇺 Hungary +36 🇮🇸 Iceland +354 🇮🇳 India +91 🇮🇩 Indonesia +62 🇮🇷 Iran +98 🇮🇶 Iraq +964 🇮🇪 Ireland +353 🇮🇱 Israel +972 🇮🇹 Italy +39 🇯🇲 Jamaica +1-876 🇯🇵 Japan +81 🇯🇪 Jersey +44-1534 🇯🇴 Jordan +962 🇰🇿 Kazakhstan +7 🇰🇪 Kenya +254 🇰🇮 Kiribati +686 🇽🇰 Kosovo +383 🇰🇼 Kuwait +965 🇰🇬 Kyrgyzstan +996 🇱🇦 Laos +856,200
https://www.guvi.in/zen-class,Zen Class - Career Programs from HCL GUVI,Live Program,15,🇯🇵 Japan +81 🇯🇪 Jersey +44-1534 🇯🇴 Jordan +962 🇰🇿 Kazakhstan +7 🇰🇪 Kenya +254 🇰🇮 Kiribati +686 🇽🇰 Kosovo +383 🇰🇼 Kuwait +965 🇰🇬 Kyrgyzstan +996 🇱🇦 Laos +856 🇱🇻 Latvia +371 🇱🇧 Lebanon +961 🇱🇸 Lesotho +266 🇱🇷 Liberia +231 🇱🇾 Libya +218 🇱🇮 Liechtenstein +423 🇱🇹 Lithuania +370 🇱🇺 Luxembourg +352 🇲🇴 Macau S.A.R. +853 🇲🇰 Macedonia +389 🇲🇬 Madagascar +261 🇲🇼 Malawi +265 🇲🇾 Malaysia +60 🇲🇻 Maldives +960 🇲🇱 Mali +223 🇲🇹 Malta +356 🇮🇲 Man (Isle of) +44-1624 🇲🇭 Marshall Islands +692 🇲🇶 Martinique +596 🇲🇷 Mauritania +222 🇲🇺 Mauritius +230 🇾🇹 Mayotte +262 🇲🇽 Mexico +52 🇫🇲 Micronesia +691 🇲🇩 Moldova +373 🇲🇨 Monaco +377 🇲🇳 Mongolia +976 🇲🇪 Montenegro +382 🇲🇸 Montserrat +1-664 🇲🇦 Morocco +212 🇲🇿 Mozambique +258 🇲🇲 Myanmar +95 🇳🇦 Namibia +264 🇳🇷 Nauru +674 🇳🇵 Nepal +977 🇳🇱 Netherlands +31 🇳🇨 New Caledonia +687 🇳🇿 New Zealand +64 🇳🇮 Nicaragua +505 🇳🇪 Niger +227 🇳🇬 Nigeria +234 🇳🇺 Niue +683 🇳🇫 Norfolk Island +672 🇰🇵 North Korea +850 🇲🇵 Northern Mariana Islands +1-670 🇳🇴 Norway +47 🇴🇲 Oman +968 🇵🇰 Pakistan +92 🇵🇼 Palau +680 🇵🇸 Palestinian Territory Occupied +970 🇵🇦 Panama +507 🇵🇬 Papua new Guinea +675,200
https://www.guvi.in/zen-class,Zen Class - Career Programs from HCL GUVI,Live Program,16,🇲🇵 Northern Mariana Islands +1-670 🇳🇴 Norway +47 🇴🇲 Oman +968 🇵🇰 Pakistan +92 🇵🇼 Palau +680 🇵🇸 Palestinian Territory Occupied +970 🇵🇦 Panama +507 🇵🇬 Papua new Guinea +675 🇵🇾 Paraguay +595 🇵🇪 Peru +51 🇵🇭 Philippines +63 🇵🇳 Pitcairn Island +870 🇵🇱 Poland +48 🇵🇹 Portugal +351 🇵🇷 Puerto Rico +1-787 and 1-939 🇶🇦 Qatar +974 🇷🇪 Reunion +262 🇷🇴 Romania +40 🇷🇺 Russia +7 🇷🇼 Rwanda +250 🇸🇭 Saint Helena +290 🇰🇳 Saint Kitts And Nevis +1-869 🇱🇨 Saint Lucia +1-758 🇵🇲 Saint Pierre and Miquelon +508 🇻🇨 Saint Vincent And The Grenadines +1-784 🇧🇱 Saint-Barthelemy +590 🇲🇫 Saint-Martin (French part) +590 🇼🇸 Samoa +685 🇸🇲 San Marino +378 🇸🇹 Sao Tome and Principe +239 🇸🇦 Saudi Arabia +966 🇸🇳 Senegal +221 🇷🇸 Serbia +381 🇸🇨 Seychelles +248 🇸🇱 Sierra Leone +232 🇸🇬 Singapore +65 🇸🇽 Sint Maarten (Dutch part) +1721 🇸🇰 Slovakia +421 🇸🇮 Slovenia +386 🇸🇧 Solomon Islands +677 🇸🇴 Somalia +252 🇿🇦 South Africa +27 🇬🇸 South Georgia +500 🇰🇷 South Korea +82 🇸🇸 South Sudan +211 🇪🇸 Spain +34 🇱🇰 Sri Lanka +94 🇸🇩 Sudan +249 🇸🇷 Suriname +597 🇸🇯 Svalbard And Jan Mayen Islands +47 🇸🇿 Swaziland +268 🇸🇪 Sweden +46 🇨🇭,200
https://www.guvi.in/zen-class,Zen Class - Career Programs from HCL GUVI,Live Program,17,South Sudan +211 🇪🇸 Spain +34 🇱🇰 Sri Lanka +94 🇸🇩 Sudan +249 🇸🇷 Suriname +597 🇸🇯 Svalbard And Jan Mayen Islands +47 🇸🇿 Swaziland +268 🇸🇪 Sweden +46 🇨🇭 Switzerland +41 🇸🇾 Syria +963 🇹🇼 Taiwan +886 🇹🇯 Tajikistan +992 🇹🇿 Tanzania +255 🇹🇭 Thailand +66 🇧🇸 The Bahamas +1-242 🇹🇬 Togo +228 🇹🇰 Tokelau +690 🇹🇴 Tonga +676 🇹🇹 Trinidad And Tobago +1-868 🇹🇳 Tunisia +216 🇹🇷 Turkey +90 🇹🇲 Turkmenistan +993 🇹🇨 Turks And Caicos Islands +1-649 🇹🇻 Tuvalu +688 🇺🇬 Uganda +256 🇺🇦 Ukraine +380 🇦🇪 United Arab Emirates +971 🇬🇧 United Kingdom +44 🇺🇸 United States +1 🇺🇲 United States Minor Outlying Islands +1 🇺🇾 Uruguay +598 🇺🇿 Uzbekistan +998 🇻🇺 Vanuatu +678 🇻🇦 Vatican City State (Holy See) +379 🇻🇪 Venezuela +58 🇻🇳 Vietnam +84 🇻🇬 Virgin Islands (British) +1-284 🇻🇮 Virgin Islands (US) +1-340 🇼🇫 Wallis And Futuna Islands +681 🇪🇭 Western Sahara +212 🇾🇪 Yemen +967 🇿🇲 Zambia +260 🇿🇼 Zimbabwe +263 Mobile Number Education Qualification Engineering Degree (CS / IT / ECE / EEE) Engineering Degree (Mech / Civil / Others) Non-Engineering Degree (B.Sc / B.Com / BCA / MBA / M.Sc / Others) ITI / Diploma HSC / SSC Education,200
https://www.guvi.in/zen-class,Zen Class - Career Programs from HCL GUVI,Live Program,18,"ECE / EEE) Engineering Degree (Mech / Civil / Others) Non-Engineering Degree (B.Sc / B.Com / BCA / MBA / M.Sc / Others) ITI / Diploma HSC / SSC Education Qualification Current Profile Working in Non IT Industry Working in IT Industry Student Graduated and Looking for a Career Current Profile Year of Graduation 2027 2028 2029 2030 2031 Year of Graduation Speaking Language English Tamil Hindi Telugu Kannada Malayalam Others Speaking Language Book a Session By registering, I agree to be contacted via phone, SMS, or email for offers & products, even if I am on a DNC/NDNC list Final Step! OTP Verification An OTP has been sent to your Mobile - Edit Resend OTP Verify OTP Edit Mobile 🇮🇳 +91 🇦🇫 Afghanistan +93 🇦🇽 Aland Islands +358-18 🇦🇱 Albania +355 🇩🇿 Algeria +213 🇦🇸 American Samoa +1-684 🇦🇩 Andorra +376 🇦🇴 Angola +244 🇦🇮 Anguilla +1-264 🇦🇶 Antarctica +672 🇦🇬 Antigua And Barbuda +1-268 🇦🇷 Argentina +54 🇦🇲 Armenia +374 🇦🇼 Aruba +297 🇦🇺 Australia +61 🇦🇹 Austria +43 🇦🇿 Azerbaijan +994 🇧🇭 Bahrain +973 🇧🇩 Bangladesh +880 🇧🇧 Barbados +1-246 🇧🇾 Belarus +375 🇧🇪 Belgium +32 🇧🇿 Belize +501 🇧🇯 Benin +229 🇧🇲 Bermuda +1-441 🇧🇹 Bhutan",200
https://www.guvi.in/zen-class,Zen Class - Career Programs from HCL GUVI,Live Program,19,"+43 🇦🇿 Azerbaijan +994 🇧🇭 Bahrain +973 🇧🇩 Bangladesh +880 🇧🇧 Barbados +1-246 🇧🇾 Belarus +375 🇧🇪 Belgium +32 🇧🇿 Belize +501 🇧🇯 Benin +229 🇧🇲 Bermuda +1-441 🇧🇹 Bhutan +975 🇧🇴 Bolivia +591 🇧🇶 Bonaire, Sint Eustatius and Saba +599 🇧🇦 Bosnia and Herzegovina +387 🇧🇼 Botswana +267 🇧🇻 Bouvet Island +0055 🇧🇷 Brazil +55 🇮🇴 British Indian Ocean Territory +246 🇧🇳 Brunei +673 🇧🇬 Bulgaria +359 🇧🇫 Burkina Faso +226 🇧🇮 Burundi +257 🇰🇭 Cambodia +855 🇨🇲 Cameroon +237 🇨🇦 Canada +1 🇨🇻 Cape Verde +238 🇰🇾 Cayman Islands +1-345 🇨🇫 Central African Republic +236 🇹🇩 Chad +235 🇨🇱 Chile +56 🇨🇳 China +86 🇨🇽 Christmas Island +61 🇨🇨 Cocos (Keeling) Islands +61 🇨🇴 Colombia +57 🇰🇲 Comoros +269 🇨🇬 Congo +242 🇨🇰 Cook Islands +682 🇨🇷 Costa Rica +506 🇨🇮 Cote D'Ivoire (Ivory Coast) +225 🇭🇷 Croatia +385 🇨🇺 Cuba +53 🇨🇼 Curaçao +599 🇨🇾 Cyprus +357 🇨🇿 Czech Republic +420 🇨🇩 Democratic Republic of the Congo +243 🇩🇰 Denmark +45 🇩🇯 Djibouti +253 🇩🇲 Dominica +1-767 🇩🇴 Dominican Republic +1-809 and 1-829 🇹🇱 East Timor +670 🇪🇨 Ecuador +593 🇪🇬 Egypt +20 🇸🇻 El Salvador +503 🇬🇶 Equatorial Guinea +240 🇪🇷 Eritrea +291 🇪🇪 Estonia +372",200
https://www.guvi.in/zen-class,Zen Class - Career Programs from HCL GUVI,Live Program,20,🇩🇴 Dominican Republic +1-809 and 1-829 🇹🇱 East Timor +670 🇪🇨 Ecuador +593 🇪🇬 Egypt +20 🇸🇻 El Salvador +503 🇬🇶 Equatorial Guinea +240 🇪🇷 Eritrea +291 🇪🇪 Estonia +372 🇪🇹 Ethiopia +251 🇫🇰 Falkland Islands +500 🇫🇴 Faroe Islands +298 🇫🇯 Fiji Islands +679 🇫🇮 Finland +358 🇫🇷 France +33 🇬🇫 French Guiana +594 🇵🇫 French Polynesia +689 🇹🇫 French Southern Territories +262 🇬🇦 Gabon +241 🇬🇲 Gambia The +220 🇬🇪 Georgia +995 🇩🇪 Germany +49 🇬🇭 Ghana +233 🇬🇮 Gibraltar +350 🇬🇷 Greece +30 🇬🇱 Greenland +299 🇬🇩 Grenada +1-473 🇬🇵 Guadeloupe +590 🇬🇺 Guam +1-671 🇬🇹 Guatemala +502 🇬🇬 Guernsey and Alderney +44-1481 🇬🇳 Guinea +224 🇬🇼 Guinea-Bissau +245 🇬🇾 Guyana +592 🇭🇹 Haiti +509 🇭🇲 Heard Island and McDonald Islands +672 🇭🇳 Honduras +504 🇭🇰 Hong Kong S.A.R. +852 🇭🇺 Hungary +36 🇮🇸 Iceland +354 🇮🇳 India +91 🇮🇩 Indonesia +62 🇮🇷 Iran +98 🇮🇶 Iraq +964 🇮🇪 Ireland +353 🇮🇱 Israel +972 🇮🇹 Italy +39 🇯🇲 Jamaica +1-876 🇯🇵 Japan +81 🇯🇪 Jersey +44-1534 🇯🇴 Jordan +962 🇰🇿 Kazakhstan +7 🇰🇪 Kenya +254 🇰🇮 Kiribati +686 🇽🇰 Kosovo +383 🇰🇼 Kuwait +965 🇰🇬 Kyrgyzstan +996 🇱🇦 Laos +856 🇱🇻 Latvia +371 🇱🇧 Lebanon +961 🇱🇸,200
https://www.guvi.in/zen-class,Zen Class - Career Programs from HCL GUVI,Live Program,21,Jordan +962 🇰🇿 Kazakhstan +7 🇰🇪 Kenya +254 🇰🇮 Kiribati +686 🇽🇰 Kosovo +383 🇰🇼 Kuwait +965 🇰🇬 Kyrgyzstan +996 🇱🇦 Laos +856 🇱🇻 Latvia +371 🇱🇧 Lebanon +961 🇱🇸 Lesotho +266 🇱🇷 Liberia +231 🇱🇾 Libya +218 🇱🇮 Liechtenstein +423 🇱🇹 Lithuania +370 🇱🇺 Luxembourg +352 🇲🇴 Macau S.A.R. +853 🇲🇰 Macedonia +389 🇲🇬 Madagascar +261 🇲🇼 Malawi +265 🇲🇾 Malaysia +60 🇲🇻 Maldives +960 🇲🇱 Mali +223 🇲🇹 Malta +356 🇮🇲 Man (Isle of) +44-1624 🇲🇭 Marshall Islands +692 🇲🇶 Martinique +596 🇲🇷 Mauritania +222 🇲🇺 Mauritius +230 🇾🇹 Mayotte +262 🇲🇽 Mexico +52 🇫🇲 Micronesia +691 🇲🇩 Moldova +373 🇲🇨 Monaco +377 🇲🇳 Mongolia +976 🇲🇪 Montenegro +382 🇲🇸 Montserrat +1-664 🇲🇦 Morocco +212 🇲🇿 Mozambique +258 🇲🇲 Myanmar +95 🇳🇦 Namibia +264 🇳🇷 Nauru +674 🇳🇵 Nepal +977 🇳🇱 Netherlands +31 🇳🇨 New Caledonia +687 🇳🇿 New Zealand +64 🇳🇮 Nicaragua +505 🇳🇪 Niger +227 🇳🇬 Nigeria +234 🇳🇺 Niue +683 🇳🇫 Norfolk Island +672 🇰🇵 North Korea +850 🇲🇵 Northern Mariana Islands +1-670 🇳🇴 Norway +47 🇴🇲 Oman +968 🇵🇰 Pakistan +92 🇵🇼 Palau +680 🇵🇸 Palestinian Territory Occupied +970 🇵🇦 Panama +507 🇵🇬 Papua new Guinea +675 🇵🇾 Paraguay +595 🇵🇪 Peru +51 🇵🇭,200
https://www.guvi.in/zen-class,Zen Class - Career Programs from HCL GUVI,Live Program,22,+47 🇴🇲 Oman +968 🇵🇰 Pakistan +92 🇵🇼 Palau +680 🇵🇸 Palestinian Territory Occupied +970 🇵🇦 Panama +507 🇵🇬 Papua new Guinea +675 🇵🇾 Paraguay +595 🇵🇪 Peru +51 🇵🇭 Philippines +63 🇵🇳 Pitcairn Island +870 🇵🇱 Poland +48 🇵🇹 Portugal +351 🇵🇷 Puerto Rico +1-787 and 1-939 🇶🇦 Qatar +974 🇷🇪 Reunion +262 🇷🇴 Romania +40 🇷🇺 Russia +7 🇷🇼 Rwanda +250 🇸🇭 Saint Helena +290 🇰🇳 Saint Kitts And Nevis +1-869 🇱🇨 Saint Lucia +1-758 🇵🇲 Saint Pierre and Miquelon +508 🇻🇨 Saint Vincent And The Grenadines +1-784 🇧🇱 Saint-Barthelemy +590 🇲🇫 Saint-Martin (French part) +590 🇼🇸 Samoa +685 🇸🇲 San Marino +378 🇸🇹 Sao Tome and Principe +239 🇸🇦 Saudi Arabia +966 🇸🇳 Senegal +221 🇷🇸 Serbia +381 🇸🇨 Seychelles +248 🇸🇱 Sierra Leone +232 🇸🇬 Singapore +65 🇸🇽 Sint Maarten (Dutch part) +1721 🇸🇰 Slovakia +421 🇸🇮 Slovenia +386 🇸🇧 Solomon Islands +677 🇸🇴 Somalia +252 🇿🇦 South Africa +27 🇬🇸 South Georgia +500 🇰🇷 South Korea +82 🇸🇸 South Sudan +211 🇪🇸 Spain +34 🇱🇰 Sri Lanka +94 🇸🇩 Sudan +249 🇸🇷 Suriname +597 🇸🇯 Svalbard And Jan Mayen Islands +47 🇸🇿 Swaziland +268 🇸🇪 Sweden +46 🇨🇭 Switzerland +41 🇸🇾 Syria +963 🇹🇼 Taiwan,200
https://www.guvi.in/zen-class,Zen Class - Career Programs from HCL GUVI,Live Program,23,"Sri Lanka +94 🇸🇩 Sudan +249 🇸🇷 Suriname +597 🇸🇯 Svalbard And Jan Mayen Islands +47 🇸🇿 Swaziland +268 🇸🇪 Sweden +46 🇨🇭 Switzerland +41 🇸🇾 Syria +963 🇹🇼 Taiwan +886 🇹🇯 Tajikistan +992 🇹🇿 Tanzania +255 🇹🇭 Thailand +66 🇧🇸 The Bahamas +1-242 🇹🇬 Togo +228 🇹🇰 Tokelau +690 🇹🇴 Tonga +676 🇹🇹 Trinidad And Tobago +1-868 🇹🇳 Tunisia +216 🇹🇷 Turkey +90 🇹🇲 Turkmenistan +993 🇹🇨 Turks And Caicos Islands +1-649 🇹🇻 Tuvalu +688 🇺🇬 Uganda +256 🇺🇦 Ukraine +380 🇦🇪 United Arab Emirates +971 🇬🇧 United Kingdom +44 🇺🇸 United States +1 🇺🇲 United States Minor Outlying Islands +1 🇺🇾 Uruguay +598 🇺🇿 Uzbekistan +998 🇻🇺 Vanuatu +678 🇻🇦 Vatican City State (Holy See) +379 🇻🇪 Venezuela +58 🇻🇳 Vietnam +84 🇻🇬 Virgin Islands (British) +1-284 🇻🇮 Virgin Islands (US) +1-340 🇼🇫 Wallis And Futuna Islands +681 🇪🇭 Western Sahara +212 🇾🇪 Yemen +967 🇿🇲 Zambia +260 🇿🇼 Zimbabwe +263 Send OTP Verified successfully! Redirecting you to your dashboard... Oops! We're sorry, but we are unable to verify that you're a human. Please try again. If you continue to experience issues, try registering from another device. Refresh ZEN CLASS LIVE CLASS Full Stack Development Data Science Software",200
https://www.guvi.in/zen-class,Zen Class - Career Programs from HCL GUVI,Live Program,24,"verify that you're a human. Please try again. If you continue to experience issues, try registering from another device. Refresh ZEN CLASS LIVE CLASS Full Stack Development Data Science Software Development Intel AIML UI/UX DevOps Business Analytics with Digital Marketing All Programs Popular Courses Python - IIT-M Pravartak Certified Java Mobile Hacking C Programming AWS Angular Dark Web All Courses Self-Paced Courses Paid Courses Free Courses Combos Practice Platforms CodeKata WebKata SQLKata FixTheCode IDE Community Campus Ambassador Industrial visit Products HackerKID Placement Preparation HCL GUVI for Corporates Resources Success Stories Learn Hub Free Resources Blog Web Stories Rewards Refer a friend Become an Affiliate Resume Builder New Company Refund Policy FAQs Contact Us About Us ZEN CLASS LIVE CLASS Full Stack Development Data Science Software Development Intel AIML UI/UX DevOps Business Analytics with Digital Marketing All Programs Popular Courses Python - IIT-M Pravartak Certified Java Mobile Hacking C Programming AWS Angular Dark Web All Courses Self-Paced Courses Paid Courses Free Courses Combos Practice Platforms CodeKata WebKata SQLKata FixTheCode IDE Community Campus Ambassador Industrial visit Products HackerKID Placement Preparation HCL GUVI for Corporates Resources Success Stories Learn Hub Free Resources Blog Web Stories Rewards Refer a friend Become an Affiliate Resume",200
https://www.guvi.in/zen-class,Zen Class - Career Programs from HCL GUVI,Live Program,25,"Campus Ambassador Industrial visit Products HackerKID Placement Preparation HCL GUVI for Corporates Resources Success Stories Learn Hub Free Resources Blog Web Stories Rewards Refer a friend Become an Affiliate Resume Builder New Company Refund Policy FAQs Contact Us About Us Refer & Earn HCL GUVI (Grab Your Vernacular Imprint) Geek Network Private Limited is a leading online learning and skills development company, incubated by IIT Madras and IIM Ahmedabad. Established in 2014 and acquired by the HCL Group in 2022, HCL GUVI is dedicated to providing effective and high-quality learning and skilling programs that transcend language barriers in technology education. HCL GUVI today is trusted by over 4.8 million users, 20 languages and 2500+ corporate partners. Refer & Earn Follow us on Follow us on HCL GUVI (Grab Your Vernacular Imprint) Geek Network Private Limited is a leading online learning and skills development company, incubated by IIT Madras and IIM Ahmedabad. Established in 2014 and acquired by the HCL Group in 2022, HCL GUVI is dedicated to providing effective and high-quality learning and skilling programs that transcend language barriers in technology education. HCL GUVI today is trusted by over 4.8 million users, 20 languages and 2500+ corporate partners. Follow us",200
https://www.guvi.in/zen-class,Zen Class - Career Programs from HCL GUVI,Live Program,26,"high-quality learning and skilling programs that transcend language barriers in technology education. HCL GUVI today is trusted by over 4.8 million users, 20 languages and 2500+ corporate partners. Follow us on Refer & Earn Terms and Conditions Privacy Policy HCL GUVI Geek Network Pvt. Ltd. Terms and Conditions Privacy Policy HCL GUVI Geek Network Pvt. Ltd.",56
https://www.guvi.in/rewards,Rewards | HCL GUVI,Other,0,"Rewards HCL GUVI Home LIVE Classes VLSI Design Programme New IIT Delhi certified AI & Machine Learning New Intel & IIT-M Pravartak Certified Data Science IIT-M Pravartak certified Full Stack Development IIT-M Pravartak certified UI/UX Design HCL GUVI certified AI DevOps Program HCL GUVI Certified Still Confused? Request a Callback Explore all Programs > Courses Practice CodeKata Sharpen your coding skills, prepare for interviews WebKata Build basic Frontend and Backend development skills SQLKata Master SQL concepts in relational database management FixTheCode A series of programs curated by Industry Experts IDE - Online Compiler Run & test your code in any programming language Resources Free Resources Success Stories Learn Hub Rewards Leaderboard Referral Blogs Get The App Become an Affiliate Forum Whatâs New? Resume Builder Community Hub Our Products HackerKID Coding classes platform for K-12 children GUVI for Corporates Meet your Hiring & Training Needs Placement Preparation Ace Up your Aptitude close Sign up Home LIVE Classes VLSI Design Programme New IIT Delhi certified AI & Machine Learning New Intel & IIT-M Pravartak Certified Data Science IIT-M Pravartak certified Full Stack Development IIT-M Pravartak certified UI/UX Design HCL GUVI certified AI DevOps Program HCL GUVI Certified Explore all Programs > Courses",200
https://www.guvi.in/rewards,Rewards | HCL GUVI,Other,1,"IIT-M Pravartak Certified Data Science IIT-M Pravartak certified Full Stack Development IIT-M Pravartak certified UI/UX Design HCL GUVI certified AI DevOps Program HCL GUVI Certified Explore all Programs > Courses Practice CodeKata Sharpen your coding skills, prepare for interviews WebKata Build basic Frontend and Backend development skills SQLKata Master SQL concepts in relational database management FixTheCode A series of programs curated by Industry Experts IDE - Online Compiler Run & test your code in any programming language Resources Free Resources Success Stories Learn Hub Rewards Leaderboard Referral Blogs Get The App Become an Affiliate Forum Whatâs New? Resume Builder Community Hub Our Products HackerKID Coding classes platform for K-12 children GUVI for Corporates Meet your Hiring & Training Needs Placement Preparation Ace Up your Aptitude Still Confused? Request a Callback Rewards for Geekoins Watch course videos, complete course activities, & solve problems in CodeKata, WebKata, SQLKata & FixTheCode to collect Geekoins & redeem to win exciting rewards. Search × Your Geekoins Filter By Rewards My Rewards Prev of 3 Next Prev of 3 Next Prev of 3 Next Search results for "" "" Empty Here, But Donât Lose Hope! New Rewards are Just Around the Corner! Empty Here, But Donât",200
https://www.guvi.in/rewards,Rewards | HCL GUVI,Other,2,"Prev of 3 Next Prev of 3 Next Search results for "" "" Empty Here, But Donât Lose Hope! New Rewards are Just Around the Corner! Empty Here, But Donât Lose Hope! Your First Reward is Just Around the Corner! Get My Reward Run Count: In CodeKata, You can use Run Counts to compile your code and verify the test cases before submitting the source code. Prev of 3 Next Prev of 3 Next Prev of 3 Next No Search Results Found! No topics or articles in our library match the keyword you entered. Please try any other relevant keyword for better results. Hurray! Redeemed All Rewards! You have redeemed all the rewards here. Do look out this space for more exciting rewards that are coming soon. How It Works Earn Geekoins by completing activities in courses and solving problems in CodeKata, WebKata, SQLKata & FixTheCode. Use the earned Geekoins to redeem rewards from your favourite brands Enjoy these exciting offers and discounts before they expire. Frequently Asked Questions How will I receive the earned rewards? Once you redeem using your earned Geekoins, you will get a coupon code which you can use to avail the offer. In case of",200
https://www.guvi.in/rewards,Rewards | HCL GUVI,Other,3,"will I receive the earned rewards? Once you redeem using your earned Geekoins, you will get a coupon code which you can use to avail the offer. In case of Run Counts, Your claimed Run Counts will be added to the total Run Counts in CodeKata. How to earn Geekoins? Watch the course videos, complete the activities, assignments & problems in CodeKata, WebKata, SQLKata & FixTheCode and you will earn Geekoins accordingly. × Get Run Counts Using this, You can add Run Counts to your Run Count balance in CodeKata and use them to test your code for output. Add Now Insufficient × Claim Now! Do you want to use Geekoins to claim the reward? × Yaay! Run Counts Added. Run counts have been added to your CodeKata × Apple Air Pods To complete your claim, Please fill the given form: Full Name Mobile Number Address (Flat/Door No./Building/Apartment/Company) City/District/Town Pincode State Country Landmark(optional) Alternate Mobile Number( optional) *Our Customer success team will get in touch with you in 24 hours and You will receive your Premium reward in one week. Submit × How to Use Terms & Conditions Coupon redeemed successfully and added to âMy Rewardsâ × Redeem Now Insufficient",200
https://www.guvi.in/courses/machine-learning-and-ai/claude-code,Best Claude Code Course Online with Certification | HCL GUVI,Course,0,"Best Claude Code Course Online with Certification HCL GUVI LIVE Classes VLSI Design Programme New IIT Delhi certified AI & Machine Learning New Intel & IIT-M Pravartak certified Data Science IIT-M Pravartak certified Full Stack Development IIT-M Pravartak certified UI/UX Design HCL GUVI certified AI DevOps Program HCL GUVI certified Still Confused? Request a Callback Explore all Programs Courses Practice CodeKata Sharpen your coding skills, prepare for interviews WebKata Build basic frontend & backend development skills SQLKata Master SQL concepts in relational database management FixTheCode A series of programs curated by industry experts IDE - Online Compiler Run & test your code in any programming language Resources Free Resources Referral Success Stories Blogs Learn Hub Get The App Rewards Become an Affiliate Leaderboard What's New? Resume Builder Community Hub Our Products HackerKID Coding classes platform for K-12 children GUVI For Corporates Meet your Hiring & Training Needs Placement Preparation Ace Up your Aptitude Login Sign up Login Sign up LIVE Classes VLSI Design Programme New IIT Delhi certified AI & Machine Learning New Intel & IIT-M Pravartak certified Data Science IIT-M Pravartak certified Full Stack Development IIT-M Pravartak certified UI/UX Design HCL GUVI certified AI DevOps Program HCL GUVI certified",200
https://www.guvi.in/courses/machine-learning-and-ai/claude-code,Best Claude Code Course Online with Certification | HCL GUVI,Course,1,"Machine Learning New Intel & IIT-M Pravartak certified Data Science IIT-M Pravartak certified Full Stack Development IIT-M Pravartak certified UI/UX Design HCL GUVI certified AI DevOps Program HCL GUVI certified Explore all Programs Courses Practice CodeKata Sharpen your coding skills, prepare for interviews WebKata Build basic frontend & backend development skills SQLKata Master SQL concepts in relational database management FixTheCode A series of programs curated by industry experts IDE - Online Compiler Run & test your code in any programming language Resources Free Resources Referral Success Stories Blogs Learn Hub Get The App Rewards Become an Affiliate Leaderboard What's New? Resume Builder Community Hub Our Products HackerKID Coding classes platform for K-12 children GUVI For Corporates Meet your Hiring & Training Needs Placement Preparation Ace Up your Aptitude Still Confused? Request a Callback Welcome LIVE Classes Courses Practice Platforms Leaderboard Rewards Referral Profile Finish Welcome LIVE Classes Courses Practice Platforms Leaderboard Rewards Referral Profile Finish ✕ Welcome to HCL GUVI Hey there! Welcome to HCL GUVI—Grab Your Vernacular Imprint—where tech learning is easy, fun, and curated specially for you. Incubated by IIT Madras & IIM Ahmedabad in 2014 and now part of HCL Group, we're making quality tech education accessible",200
https://www.guvi.in/courses/machine-learning-and-ai/claude-code,Best Claude Code Course Online with Certification | HCL GUVI,Course,2,"learning is easy, fun, and curated specially for you. Incubated by IIT Madras & IIM Ahmedabad in 2014 and now part of HCL Group, we're making quality tech education accessible to all. Join 3M+ learners breaking barriers and upskilling for a brighter future. We're here to guide you every step of the way! 🚀 LIVE Classes Zen Classes are HCL GUVI's most refined and flagship product—live, expert-led tech programs for beginners and pros. With IITM Pravartak affiliations, master Full-Stack, Data Science, DevOps, UI/UX, and more in multiple languages! Explore More Courses Looking for flexibility? HCL GUVI's 200+ self-paced courses let you learn anytime, anywhere! From free lessons to IIT-M & Autodesk-certified programs, gain in-demand skills in your preferred language. Explore More Practice Platforms Enhance your coding skills with HCL GUVI's Practice Platforms—interactive, structured, and designed to help you master programming effortlessly. CodeKata: A structured coding practice platform with 1500+ coding problems designed by industry experts. Ideal for beginners and professionals preparing for tech interviews with real-world coding challenges. Try Now > WebKata: An interactive platform to master HTML, CSS, JavaScript, and Bootstrap with a live coding environment. Perfect for hands-on web development practice without any setup. Try Now > SQLKata:",200
https://www.guvi.in/courses/machine-learning-and-ai/claude-code,Best Claude Code Course Online with Certification | HCL GUVI,Course,3,"> WebKata: An interactive platform to master HTML, CSS, JavaScript, and Bootstrap with a live coding environment. Perfect for hands-on web development practice without any setup. Try Now > SQLKata: A practice ground for mastering SQL queries used in real-world applications. Write, optimize, and refine your queries to build strong database skills. Try Now > FixTheCode: Hone your bug-fixing skills with real-world debugging challenges in Python, C++, JavaScript, and Golang. More languages coming soon! Try Now > IDE: A free online compiler supporting 20+ programming languages with auto-complete, debugging, and AI-powered code generation—all in the cloud! Try Now > Leaderboard Climb the leaderboard as you earn Geekoins by learning and practicing! The top scorers get featured, making learning competitive and rewarding. Keep going—you could be next! Explore More Rewards Earn Geekoins by watching videos and practicing problems, then redeem them for exciting rewards. The more you engage, the more you win! Explore More Referral Love learning with HCL GUVI? Share it with friends! Invite them using your unique link or code and unlock exciting rewards—Amazon vouchers, iPhones, and more. A Win-Win. Explore More Profile Your HCL GUVI profile is your digital portfolio! Track progress, showcase skills, add projects, and build",200
https://www.guvi.in/courses/machine-learning-and-ai/claude-code,Best Claude Code Course Online with Certification | HCL GUVI,Course,4,"code and unlock exciting rewards—Amazon vouchers, iPhones, and more. A Win-Win. Explore More Profile Your HCL GUVI profile is your digital portfolio! Track progress, showcase skills, add projects, and build a resume. Keep it updated—opportunities await! Explore More That's It! You Are Ready! You're all set to dive into your learning journey with HCL GUVI. Explore, upskill, and make each step count—exciting possibilities awaits! close Thank you for Reaching us out Our team will reach you out within the next 24 hours. Explore all Programs ✕ Accelerate Your Career Claude Code Course: Build & Deploy AI Applications Build practical AI-assisted development skills with HCL GUVI's Claude Code course. Learn the fundamentals of building, testing, and deploying applications while using Claude Code to accelerate coding, problem-solving, and development workflows through hands-on projects. Enroll Now Join 2.0k geeks 5.0 2000+ enrolled 1 Hours of Recorded Content 4 Modules with Certifications English Language Only ₹499 ₹ 2000 75.04 % OFF Enroll Now Professionals from Top Industries Learn from Us Course Overview Syllabus Course Requirements Certificate Recommended course FAQ Course Overview Learn Claude Code fundamentals and set up the development environment for AI-assisted application development. Set up the required development environment and tools needed",200
https://www.guvi.in/courses/machine-learning-and-ai/claude-code,Best Claude Code Course Online with Certification | HCL GUVI,Course,5,"Requirements Certificate Recommended course FAQ Course Overview Learn Claude Code fundamentals and set up the development environment for AI-assisted application development. Set up the required development environment and tools needed to start building a complete web application with Claude Code. Build secure user authentication features,including login and sign-up functionality and validate workflows through practical testing and debugging. Learn how to set up and connect a database to store,manage and retrieve application data efficiently. Build a practical travel application with destinations,smart recommendations,trip-planning features and dedicated travel history pages. Create intuitive dashboards and navigation systems that improve application usability and help users access important features efficiently. Gain hands-on experience in building, testing, and deploying a complete application from an initial idea to a live digital product. Learn AI-assisted development through a practical course. Explore Our Industry-Aligned Curriculum Course Syllabus Expand all Beginner Module 6m total length Intermediate Module 20m total length Advanced Module 8m total length Expert Module 14m total length Course Requirements Basic computer knowledge and willingness to learn application development. No advanced programming experience required for motivated beginners. Accelerate Your Career Claude Code Course: Build & Deploy AI Applications Enroll Now Real Career Stories Powered By Upskilling "" Previously in",200
https://www.guvi.in/courses/machine-learning-and-ai/claude-code,Best Claude Code Course Online with Certification | HCL GUVI,Course,6,"No advanced programming experience required for motivated beginners. Accelerate Your Career Claude Code Course: Build & Deploy AI Applications Enroll Now Real Career Stories Powered By Upskilling "" Previously in IT services, I wanted to upgrade to a new field but didn’t know how. The trust I got from HCL GUVI was enormous; I quit my job and took HCL Guvi Courses. I’ve now been placed as a Data Scientist at AI Enterprise Software India Ltd. I’m feeling blessed and didn’t expect this level of help! "" S Sonia Kola Data scientist "" I wanted to make a career shift to IT, so I joined the HCL Guvi Courses. I interviewed with 10 companies and received 3 offers. I eventually accepted an offer from a product-based company and am currently working as a Software Developer at iQuanti India Pvt. Ltd. "" R Rakesh Software Developer "" My world changed after joining HCL GUVI. The Courses helped me to develop apps from scratch—a vital skill for any developer—and I worked on projects like GooglePay and YouTube clones. I was placed at a product-based company, Zest Money. If you want to upskill and join a product-based company, I highly recommend the HCL",200
https://www.guvi.in/courses/machine-learning-and-ai/claude-code,Best Claude Code Course Online with Certification | HCL GUVI,Course,7,"projects like GooglePay and YouTube clones. I was placed at a product-based company, Zest Money. If you want to upskill and join a product-based company, I highly recommend the HCL Guvi Courses. "" M Muntha Pawan Kumar Software Developer "" I enrolled in the UI/UX Design course at HCL GUVI to master the art of user-centric design. The course was brilliantly structured, moving from wireframing basics to high-fidelity prototyping and user testing. Learning tools like Figma and working on real-world case studies helped me a lot. "" S Shaik Ahmad Associate Product Manager Awards & Achievements HCL GUVI recognized as the Best Partner - Technology Training by Empire Forums. Awarded by ZEE Digital during ZEE National Achievers Awards 2022. Awarded by ENTREPRENEUR INDIA for having the best online personalized learning programs. HCL GUVI recognized as the ""Best GenAI Training Partner"" by UBS Forums For the most users to take an Artificial Intelligence lesson in 24 hours. HCL GUVI recognized as the ""Best Partner - New Hire Training"" by UBS Forums Broke the Record for most users taking an online computer programming lesson in 24 Hrs. Certification Industry-recognized Claude Code Course: Build & Deploy AI Applications Certificate Certificates are generated after",200
https://www.guvi.in/courses/machine-learning-and-ai/claude-code,Best Claude Code Course Online with Certification | HCL GUVI,Course,8,"Broke the Record for most users taking an online computer programming lesson in 24 Hrs. Certification Industry-recognized Claude Code Course: Build & Deploy AI Applications Certificate Certificates are generated after the completion of course. Certificates are globally recognized & they help Enhance your profile. More Courses related to Machine Learning and AI English 4.3 AI Fundamentals Course - Introduction to Artificial Intelligence for Beginners 5 Hrs 5.2k+ Enrolled ₹1,499 English 4.4 Scikit-Learn for Machine Learning Part-1 3 Hrs 2k+ Enrolled ₹3,499 English 4.4 Introduction to Machine Learning 4 Hrs 2.4k+ Enrolled ₹3,499 English 4.8 NLTK 5 Hrs 2k+ Enrolled ₹1,499 English 4.5 Building a Chatbot Using Python 2 Hrs 2k+ Enrolled ₹3,499 English 4.5 Computer Vision Project 6 Hrs 2k+ Enrolled ₹1,499 English 4.5 Claude AI in 90 Minutes Productivity Course: Build Your AI Work Assistant 2 Hrs 2k+ Enrolled ₹499 English 4.4 Deep learning using Pytorch 8 Hrs 74.6k+ Enrolled ₹1,799 View all courses Frequently Asked Questions What will I learn in this Claude Code course? − You will learn Claude Code fundamentals and explore how AI-assisted development supports application building, authentication, database integration, testing, debugging, and deployment through a practical project. Is this course suitable for beginners? +",200
https://www.guvi.in/courses/machine-learning-and-ai/claude-code,Best Claude Code Course Online with Certification | HCL GUVI,Course,9,"learn Claude Code fundamentals and explore how AI-assisted development supports application building, authentication, database integration, testing, debugging, and deployment through a practical project. Is this course suitable for beginners? + What is the best way to learn Claude Code? + Do I need prior coding knowledge to learn Claude Code? + Is Claude Code useful for professional developers? + Will I work on practical coding projects during the course? + How long does it take to complete the course? + Course Preview Claude Code Course: Build & Deploy AI Applications Introduction to Claude Code Free Sample Videos NOW PLAYING 1:17 Introduction to Claude Code Beginner Module 5:19 Setting Up Claude Code Beginner Module Enroll Now - ₹499",117
https://app.guvi.in,"Learn Anytime, Anywhere with the HCL GUVI App",Other,0,"Learn Anytime, Anywhere with the HCL GUVI App LIVE Classes VLSI Design Programme New IIT Delhi certified AI & Machine Learning New Intel & IIT-M Pravartak certified Data Science IIT-M Pravartak certified Full Stack Development IIT-M Pravartak certified UI/UX Design HCL GUVI certified AI DevOps Program HCL GUVI certified Still Confused? Request a Callback Explore all Programs Courses Practice CodeKata Sharpen your coding skills, prepare for interviews WebKata Build basic frontend & backend development skills SQLKata Master SQL concepts in relational database management FixTheCode A series of programs curated by industry experts IDE - Online Compiler Run & test your code in any programming language Resources Free Resources Referral Success Stories Blogs Learn Hub Get The App Rewards Become an Affiliate Leaderboard What's New? Resume Builder Community Hub Our Products HackerKID Coding classes platform for K-12 children GUVI For Corporates Meet your Hiring & Training Needs Placement Preparation Ace Up your Aptitude Login Sign up Login Sign up LIVE Classes VLSI Design Programme New IIT Delhi certified AI & Machine Learning New Intel & IIT-M Pravartak certified Data Science IIT-M Pravartak certified Full Stack Development IIT-M Pravartak certified UI/UX Design HCL GUVI certified AI DevOps Program HCL GUVI certified Explore",200
https://app.guvi.in,"Learn Anytime, Anywhere with the HCL GUVI App",Other,1,"Learning New Intel & IIT-M Pravartak certified Data Science IIT-M Pravartak certified Full Stack Development IIT-M Pravartak certified UI/UX Design HCL GUVI certified AI DevOps Program HCL GUVI certified Explore all Programs Courses Practice CodeKata Sharpen your coding skills, prepare for interviews WebKata Build basic frontend & backend development skills SQLKata Master SQL concepts in relational database management FixTheCode A series of programs curated by industry experts IDE - Online Compiler Run & test your code in any programming language Resources Free Resources Referral Success Stories Blogs Learn Hub Get The App Rewards Become an Affiliate Leaderboard What's New? Resume Builder Community Hub Our Products HackerKID Coding classes platform for K-12 children GUVI For Corporates Meet your Hiring & Training Needs Placement Preparation Ace Up your Aptitude Still Confused? Request a Callback Welcome LIVE Classes Courses Practice Platforms Leaderboard Rewards Referral Profile Finish Welcome LIVE Classes Courses Practice Platforms Leaderboard Rewards Referral Profile Finish ✕ Welcome to HCL GUVI Hey there! Welcome to HCL GUVI—Grab Your Vernacular Imprint—where tech learning is easy, fun, and curated specially for you. Incubated by IIT Madras & IIM Ahmedabad in 2014 and now part of HCL Group, we're making quality tech education accessible to",200
https://app.guvi.in,"Learn Anytime, Anywhere with the HCL GUVI App",Other,2,"is easy, fun, and curated specially for you. Incubated by IIT Madras & IIM Ahmedabad in 2014 and now part of HCL Group, we're making quality tech education accessible to all. Join 3M+ learners breaking barriers and upskilling for a brighter future. We're here to guide you every step of the way! 🚀 LIVE Classes Zen Classes are HCL GUVI's most refined and flagship product—live, expert-led tech programs for beginners and pros. With IITM Pravartak affiliations, master Full-Stack, Data Science, DevOps, UI/UX, and more in multiple languages! Explore More Courses Looking for flexibility? HCL GUVI's 200+ self-paced courses let you learn anytime, anywhere! From free lessons to IIT-M & Autodesk-certified programs, gain in-demand skills in your preferred language. Explore More Practice Platforms Enhance your coding skills with HCL GUVI's Practice Platforms—interactive, structured, and designed to help you master programming effortlessly. CodeKata: A structured coding practice platform with 1500+ coding problems designed by industry experts. Ideal for beginners and professionals preparing for tech interviews with real-world coding challenges. Try Now > WebKata: An interactive platform to master HTML, CSS, JavaScript, and Bootstrap with a live coding environment. Perfect for hands-on web development practice without any setup. Try Now > SQLKata: A",200
https://app.guvi.in,"Learn Anytime, Anywhere with the HCL GUVI App",Other,3,"WebKata: An interactive platform to master HTML, CSS, JavaScript, and Bootstrap with a live coding environment. Perfect for hands-on web development practice without any setup. Try Now > SQLKata: A practice ground for mastering SQL queries used in real-world applications. Write, optimize, and refine your queries to build strong database skills. Try Now > FixTheCode: Hone your bug-fixing skills with real-world debugging challenges in Python, C++, JavaScript, and Golang. More languages coming soon! Try Now > IDE: A free online compiler supporting 20+ programming languages with auto-complete, debugging, and AI-powered code generation—all in the cloud! Try Now > Leaderboard Climb the leaderboard as you earn Geekoins by learning and practicing! The top scorers get featured, making learning competitive and rewarding. Keep going—you could be next! Explore More Rewards Earn Geekoins by watching videos and practicing problems, then redeem them for exciting rewards. The more you engage, the more you win! Explore More Referral Love learning with HCL GUVI? Share it with friends! Invite them using your unique link or code and unlock exciting rewards—Amazon vouchers, iPhones, and more. A Win-Win. Explore More Profile Your HCL GUVI profile is your digital portfolio! Track progress, showcase skills, add projects, and build a",200
https://app.guvi.in,"Learn Anytime, Anywhere with the HCL GUVI App",Other,4,"and unlock exciting rewards—Amazon vouchers, iPhones, and more. A Win-Win. Explore More Profile Your HCL GUVI profile is your digital portfolio! Track progress, showcase skills, add projects, and build a resume. Keep it updated—opportunities await! Explore More That's It! You Are Ready! You're all set to dive into your learning journey with HCL GUVI. Explore, upskill, and make each step count—exciting possibilities awaits! close Thank you for Reaching us out Our team will reach you out within the next 24 hours. Explore all Programs ✕ Take Your Course With You – Learn Anytime, Anywhere! For IOS For Android ZEN CLASS LIVE CLASS Full Stack Development Data Science Software Development Intel AIML UI/UX DevOps Business Analytics with Digital Marketing All Programs Popular Courses Python - IIT-M Pravartak Certified Java Mobile Hacking C Programming AWS Angular Dark Web All Courses Self-Paced Courses Paid Courses Free Courses Combos Practice Platforms CodeKata WebKata SQLKata FixTheCode IDE Community Campus Ambassador Industrial visit Products HackerKID Placement Preparation HCL GUVI for Corporates Resources Success Stories Learn Hub Free Resources Blog Web Stories Rewards Refer a friend Become an Affiliate Resume Builder New Company Refund Policy FAQs Contact Us About Us ZEN CLASS LIVE CLASS Full Stack Development",200
https://app.guvi.in,"Learn Anytime, Anywhere with the HCL GUVI App",Other,5,"Free Resources Blog Web Stories Rewards Refer a friend Become an Affiliate Resume Builder New Company Refund Policy FAQs Contact Us About Us ZEN CLASS LIVE CLASS Full Stack Development Data Science Software Development Intel AIML UI/UX DevOps Business Analytics with Digital Marketing All Programs Popular Courses Python - IIT-M Pravartak Certified Java Mobile Hacking C Programming AWS Angular Dark Web All Courses Self-Paced Courses Paid Courses Free Courses Combos Practice Platforms CodeKata WebKata SQLKata FixTheCode IDE Community Campus Ambassador Industrial visit Products HackerKID Placement Preparation HCL GUVI for Corporates Resources Success Stories Learn Hub Free Resources Blog Web Stories Rewards Refer a friend Become an Affiliate Resume Builder New Company Refund Policy FAQs Contact Us About Us Refer & Earn HCL GUVI (Grab Your Vernacular Imprint) Geek Network Private Limited is a leading online learning and skills development company, incubated by IIT Madras and IIM Ahmedabad. Established in 2014 and acquired by the HCL Group in 2022, HCL GUVI is dedicated to providing effective and high-quality learning and skilling programs that transcend language barriers in technology education. HCL GUVI today is trusted by over 4.8 million users, 20 languages and 2500+ corporate partners. Refer & Earn Follow us on",200
https://app.guvi.in,"Learn Anytime, Anywhere with the HCL GUVI App",Other,6,"programs that transcend language barriers in technology education. HCL GUVI today is trusted by over 4.8 million users, 20 languages and 2500+ corporate partners. Refer & Earn Follow us on Follow us on HCL GUVI (Grab Your Vernacular Imprint) Geek Network Private Limited is a leading online learning and skills development company, incubated by IIT Madras and IIM Ahmedabad. Established in 2014 and acquired by the HCL Group in 2022, HCL GUVI is dedicated to providing effective and high-quality learning and skilling programs that transcend language barriers in technology education. HCL GUVI today is trusted by over 4.8 million users, 20 languages and 2500+ corporate partners. Follow us on Refer & Earn Terms and Conditions Privacy Policy HCL GUVI Geek Network Pvt. Ltd. Terms and Conditions Privacy Policy HCL GUVI Geek Network Pvt. Ltd.",134
https://www.guvi.in/leader-board,Leader Board | HCL GUVI,Other,0,"Leader Board HCL GUVI LIVE Classes VLSI Design Programme New IIT Delhi certified AI & Machine Learning New Intel & IIT-M Pravartak certified Data Science IIT-M Pravartak certified Full Stack Development IIT-M Pravartak certified UI/UX Design HCL GUVI certified AI DevOps Program HCL GUVI certified Still Confused? Request a Callback Explore all Programs Courses Practice CodeKata Sharpen your coding skills, prepare for interviews WebKata Build basic frontend & backend development skills SQLKata Master SQL concepts in relational database management FixTheCode A series of programs curated by industry experts IDE - Online Compiler Run & test your code in any programming language Resources Free Resources Referral Success Stories Blogs Learn Hub Get The App Rewards Become an Affiliate Leaderboard What's New? Resume Builder Community Hub Our Products HackerKID Coding classes platform for K-12 children GUVI For Corporates Meet your Hiring & Training Needs Placement Preparation Ace Up your Aptitude Login Sign up Login Sign up LIVE Classes VLSI Design Programme New IIT Delhi certified AI & Machine Learning New Intel & IIT-M Pravartak certified Data Science IIT-M Pravartak certified Full Stack Development IIT-M Pravartak certified UI/UX Design HCL GUVI certified AI DevOps Program HCL GUVI certified Explore all Programs Courses Practice",200
https://www.guvi.in/leader-board,Leader Board | HCL GUVI,Other,1,"IIT-M Pravartak certified Data Science IIT-M Pravartak certified Full Stack Development IIT-M Pravartak certified UI/UX Design HCL GUVI certified AI DevOps Program HCL GUVI certified Explore all Programs Courses Practice CodeKata Sharpen your coding skills, prepare for interviews WebKata Build basic frontend & backend development skills SQLKata Master SQL concepts in relational database management FixTheCode A series of programs curated by industry experts IDE - Online Compiler Run & test your code in any programming language Resources Free Resources Referral Success Stories Blogs Learn Hub Get The App Rewards Become an Affiliate Leaderboard What's New? Resume Builder Community Hub Our Products HackerKID Coding classes platform for K-12 children GUVI For Corporates Meet your Hiring & Training Needs Placement Preparation Ace Up your Aptitude Still Confused? Request a Callback Welcome LIVE Classes Courses Practice Platforms Leaderboard Rewards Referral Profile Finish Welcome LIVE Classes Courses Practice Platforms Leaderboard Rewards Referral Profile Finish ✕ Welcome to HCL GUVI Hey there! Welcome to HCL GUVI—Grab Your Vernacular Imprint—where tech learning is easy, fun, and curated specially for you. Incubated by IIT Madras & IIM Ahmedabad in 2014 and now part of HCL Group, we're making quality tech education accessible to all. Join 3M+ learners",200
https://www.guvi.in/leader-board,Leader Board | HCL GUVI,Other,2,"curated specially for you. Incubated by IIT Madras & IIM Ahmedabad in 2014 and now part of HCL Group, we're making quality tech education accessible to all. Join 3M+ learners breaking barriers and upskilling for a brighter future. We're here to guide you every step of the way! 🚀 LIVE Classes Zen Classes are HCL GUVI's most refined and flagship product—live, expert-led tech programs for beginners and pros. With IITM Pravartak affiliations, master Full-Stack, Data Science, DevOps, UI/UX, and more in multiple languages! Explore More Courses Looking for flexibility? HCL GUVI's 200+ self-paced courses let you learn anytime, anywhere! From free lessons to IIT-M & Autodesk-certified programs, gain in-demand skills in your preferred language. Explore More Practice Platforms Enhance your coding skills with HCL GUVI's Practice Platforms—interactive, structured, and designed to help you master programming effortlessly. CodeKata: A structured coding practice platform with 1500+ coding problems designed by industry experts. Ideal for beginners and professionals preparing for tech interviews with real-world coding challenges. Try Now > WebKata: An interactive platform to master HTML, CSS, JavaScript, and Bootstrap with a live coding environment. Perfect for hands-on web development practice without any setup. Try Now > SQLKata: A practice ground for mastering",200
https://www.guvi.in/leader-board,Leader Board | HCL GUVI,Other,3,"to master HTML, CSS, JavaScript, and Bootstrap with a live coding environment. Perfect for hands-on web development practice without any setup. Try Now > SQLKata: A practice ground for mastering SQL queries used in real-world applications. Write, optimize, and refine your queries to build strong database skills. Try Now > FixTheCode: Hone your bug-fixing skills with real-world debugging challenges in Python, C++, JavaScript, and Golang. More languages coming soon! Try Now > IDE: A free online compiler supporting 20+ programming languages with auto-complete, debugging, and AI-powered code generation—all in the cloud! Try Now > Leaderboard Climb the leaderboard as you earn Geekoins by learning and practicing! The top scorers get featured, making learning competitive and rewarding. Keep going—you could be next! Explore More Rewards Earn Geekoins by watching videos and practicing problems, then redeem them for exciting rewards. The more you engage, the more you win! Explore More Referral Love learning with HCL GUVI? Share it with friends! Invite them using your unique link or code and unlock exciting rewards—Amazon vouchers, iPhones, and more. A Win-Win. Explore More Profile Your HCL GUVI profile is your digital portfolio! Track progress, showcase skills, add projects, and build a resume. Keep it updated—opportunities",200
https://www.guvi.in/leader-board,Leader Board | HCL GUVI,Other,4,"vouchers, iPhones, and more. A Win-Win. Explore More Profile Your HCL GUVI profile is your digital portfolio! Track progress, showcase skills, add projects, and build a resume. Keep it updated—opportunities await! Explore More That's It! You Are Ready! You're all set to dive into your learning journey with HCL GUVI. Explore, upskill, and make each step count—exciting possibilities awaits! close Thank you for Reaching us out Our team will reach you out within the next 24 hours. Explore all Programs ✕ Rank: 1 72410 Md Saheb View profile Rank: 2 57550 Thiru kanda builders engg college View profile Rank: 3 55140 K.Likhitha View profile Rank: 2 57550 Thiru kanda builders engg college View profile Rank: 1 72410 Md Saheb View profile Rank: 3 55140 K.Likhitha View profile Rank Profile Geekoins 4 Hemavarsheni Hindustan Institute of Technology, Padur Rank: 4 54320 54320 5 KANAAD Rank: 5 53720 53720 6 Nitin Kumar Rank: 6 51615 51615 7 Ayush Ranjan Rank: 7 51470 51470 8 RITU Rank: 8 49840 49840 9 KARTHIK Rank: 9 49400 49400 10 VAISHALINI Rank: 10 49380 49380",179
https://www.guvi.in/courses/tamil/programming/c-programming,HCL GUVI | courses,Course,0,"HCL GUVI courses LIVE Classes VLSI Design Programme New IIT Delhi certified AI & Machine Learning New Intel & IIT-M Pravartak certified Data Science IIT-M Pravartak certified Full Stack Development IIT-M Pravartak certified UI/UX Design HCL GUVI certified AI DevOps Program HCL GUVI certified Still Confused? Request a Callback Explore all Programs Courses Practice CodeKata Sharpen your coding skills, prepare for interviews WebKata Build basic frontend & backend development skills SQLKata Master SQL concepts in relational database management FixTheCode A series of programs curated by industry experts IDE - Online Compiler Run & test your code in any programming language Resources Free Resources Referral Success Stories Blogs Learn Hub Get The App Rewards Become an Affiliate Leaderboard What's New? Resume Builder Community Hub Our Products HackerKID Coding classes platform for K-12 children GUVI For Corporates Meet your Hiring & Training Needs Placement Preparation Ace Up your Aptitude Login Sign up Login Sign up LIVE Classes VLSI Design Programme New IIT Delhi certified AI & Machine Learning New Intel & IIT-M Pravartak certified Data Science IIT-M Pravartak certified Full Stack Development IIT-M Pravartak certified UI/UX Design HCL GUVI certified AI DevOps Program HCL GUVI certified Explore all Programs Courses Practice CodeKata",200
https://www.guvi.in/courses/tamil/programming/c-programming,HCL GUVI | courses,Course,1,"Pravartak certified Data Science IIT-M Pravartak certified Full Stack Development IIT-M Pravartak certified UI/UX Design HCL GUVI certified AI DevOps Program HCL GUVI certified Explore all Programs Courses Practice CodeKata Sharpen your coding skills, prepare for interviews WebKata Build basic frontend & backend development skills SQLKata Master SQL concepts in relational database management FixTheCode A series of programs curated by industry experts IDE - Online Compiler Run & test your code in any programming language Resources Free Resources Referral Success Stories Blogs Learn Hub Get The App Rewards Become an Affiliate Leaderboard What's New? Resume Builder Community Hub Our Products HackerKID Coding classes platform for K-12 children GUVI For Corporates Meet your Hiring & Training Needs Placement Preparation Ace Up your Aptitude Still Confused? Request a Callback Welcome LIVE Classes Courses Practice Platforms Leaderboard Rewards Referral Profile Finish Welcome LIVE Classes Courses Practice Platforms Leaderboard Rewards Referral Profile Finish ✕ Welcome to HCL GUVI Hey there! Welcome to HCL GUVI—Grab Your Vernacular Imprint—where tech learning is easy, fun, and curated specially for you. Incubated by IIT Madras & IIM Ahmedabad in 2014 and now part of HCL Group, we're making quality tech education accessible to all. Join 3M+ learners breaking",200
https://www.guvi.in/courses/tamil/programming/c-programming,HCL GUVI | courses,Course,2,"specially for you. Incubated by IIT Madras & IIM Ahmedabad in 2014 and now part of HCL Group, we're making quality tech education accessible to all. Join 3M+ learners breaking barriers and upskilling for a brighter future. We're here to guide you every step of the way! 🚀 LIVE Classes Zen Classes are HCL GUVI's most refined and flagship product—live, expert-led tech programs for beginners and pros. With IITM Pravartak affiliations, master Full-Stack, Data Science, DevOps, UI/UX, and more in multiple languages! Explore More Courses Looking for flexibility? HCL GUVI's 200+ self-paced courses let you learn anytime, anywhere! From free lessons to IIT-M & Autodesk-certified programs, gain in-demand skills in your preferred language. Explore More Practice Platforms Enhance your coding skills with HCL GUVI's Practice Platforms—interactive, structured, and designed to help you master programming effortlessly. CodeKata: A structured coding practice platform with 1500+ coding problems designed by industry experts. Ideal for beginners and professionals preparing for tech interviews with real-world coding challenges. Try Now > WebKata: An interactive platform to master HTML, CSS, JavaScript, and Bootstrap with a live coding environment. Perfect for hands-on web development practice without any setup. Try Now > SQLKata: A practice ground for mastering SQL",200
https://www.guvi.in/courses/tamil/programming/c-programming,HCL GUVI | courses,Course,3,"master HTML, CSS, JavaScript, and Bootstrap with a live coding environment. Perfect for hands-on web development practice without any setup. Try Now > SQLKata: A practice ground for mastering SQL queries used in real-world applications. Write, optimize, and refine your queries to build strong database skills. Try Now > FixTheCode: Hone your bug-fixing skills with real-world debugging challenges in Python, C++, JavaScript, and Golang. More languages coming soon! Try Now > IDE: A free online compiler supporting 20+ programming languages with auto-complete, debugging, and AI-powered code generation—all in the cloud! Try Now > Leaderboard Climb the leaderboard as you earn Geekoins by learning and practicing! The top scorers get featured, making learning competitive and rewarding. Keep going—you could be next! Explore More Rewards Earn Geekoins by watching videos and practicing problems, then redeem them for exciting rewards. The more you engage, the more you win! Explore More Referral Love learning with HCL GUVI? Share it with friends! Invite them using your unique link or code and unlock exciting rewards—Amazon vouchers, iPhones, and more. A Win-Win. Explore More Profile Your HCL GUVI profile is your digital portfolio! Track progress, showcase skills, add projects, and build a resume. Keep it updated—opportunities await!",200
https://www.guvi.in/courses/tamil/programming/c-programming,HCL GUVI | courses,Course,4,"iPhones, and more. A Win-Win. Explore More Profile Your HCL GUVI profile is your digital portfolio! Track progress, showcase skills, add projects, and build a resume. Keep it updated—opportunities await! Explore More That's It! You Are Ready! You're all set to dive into your learning journey with HCL GUVI. Explore, upskill, and make each step count—exciting possibilities awaits! close Thank you for Reaching us out Our team will reach you out within the next 24 hours. Explore all Programs ✕ Trending Skills English 4.4 HTML & CSS 17 Hrs 20.0k+ Enrolled ₹1,999 English 4.3 React.js 6 Hrs 2.1k+ Enrolled ₹3,499 English 4.6 TypeScript 4 Hrs 2k+ Enrolled ₹1,499 English 4.0 Django Framework Basic to Advanced 15 Hrs 2k+ Enrolled ₹2,499 English 4.0 Express.js 4 Hrs 2k+ Enrolled ₹1,499 English 4.1 Next.js 10 Hrs 2k+ Enrolled ₹2,499 English 4.4 Core Spring Fundamentals 15 Hrs 2k+ Enrolled ₹2,499 English 4.0 Redis with Python RESTful API 9 Hrs 2k+ Enrolled ₹2,499 View all Web development courses Pick a Career Path Data Science Mastery Program: Python Machine Learning & Data Analytics 10 total hours 30,000+ + job opportunities ₹ 11 LPA avg (src: Ambition Box) Explore path UI/UX Design & Web Design Bundle: Figma",200
https://www.guvi.in/courses/tamil/programming/c-programming,HCL GUVI | courses,Course,5,"Program: Python Machine Learning & Data Analytics 10 total hours 30,000+ + job opportunities ₹ 11 LPA avg (src: Ambition Box) Explore path UI/UX Design & Web Design Bundle: Figma Prototyping & UX Fundamentals 39 total hours 18000 + job opportunities ₹ 7 - 10 LPA avg (src: glassdoor, ambition box) Explore path Full Stack Web Development Course Bundle: HTML CSS JavaScript & React 61 total hours 1000 + job opportunities ₹ 6 LPA avg Explore path Complete Python for Data Science Mastery Bootcamp 73 total hours 1000 + job opportunities ₹ 6 LPA avg Explore path Cybersecurity Certification Bundle: Ethical Hacking Network Security & Cyber Defense 7 total hours 1000 + job opportunities ₹ 6 LPA avg Explore path Complete AI & Machine Learning Bootcamp with Python 73 total hours 1000 + job opportunities ₹ 6 LPA avg Explore path New Courses for you English 4.5 Generative AI Course: Build AI Apps with LLMs & Generative Models 7 Hrs 267.2k+ Enrolled ₹499 English 4.6 Prompt Engineering Certification Course with LLM 6 Hrs 2k+ Enrolled ₹799 English 4.3 Cricket Analytics with Data Science: IPL Data Analysis using Python 2 Hrs 2k+ Enrolled ₹799 English 5.0 Introduction to Generative AI 3",200
https://www.guvi.in/courses/tamil/programming/c-programming,HCL GUVI | courses,Course,6,LLM 6 Hrs 2k+ Enrolled ₹799 English 4.3 Cricket Analytics with Data Science: IPL Data Analysis using Python 2 Hrs 2k+ Enrolled ₹799 English 5.0 Introduction to Generative AI 3 Hrs 2k+ Enrolled ₹499 English 4.5 Claude AI in 90 Minutes Productivity Course: Build Your AI Work Assistant 2 Hrs 2k+ Enrolled ₹499 View all new courses Free Courses for you Tamil 4.4 Python Programming Course in Tamil: Beginner to Advanced with Certification 16 Hrs 256.0k+ Enrolled Free Pay for Certification! English 4.6 Build & Deploy AI Apps with Google AI Studio: Multilingual AI Speech App Development 2 Hrs 14.7k+ Enrolled Free Free Certificate! English 4.5 Data Science & Analytics Certification Course: Python Statistics & Data Analysis 4 Hrs 16.7k+ Enrolled Free Pay for Certification! English 4.5 ChatGPT for Everyone: Complete Generative AI & Prompt Engineering Course 2 Hrs 19.3k+ Enrolled Free Free Certificate! English 4.5 Blockchain Certification Course: Learn Blockchain Technology & Development Fundamentals 4 Hrs 5.9k+ Enrolled Free Pay for Certification! English 4.5 HTML & CSS Projects for Beginners: Build Real-World Web Development Projects 3 Hrs 3.5k+ Enrolled Free Pay for Certification! English 4.4 Digital Marketing Masterclass: SEO Social Media Ads & Online Marketing 26 Hrs 4.9k+ Enrolled,200
https://www.guvi.in/courses/tamil/programming/c-programming,HCL GUVI | courses,Course,7,"Beginners: Build Real-World Web Development Projects 3 Hrs 3.5k+ Enrolled Free Pay for Certification! English 4.4 Digital Marketing Masterclass: SEO Social Media Ads & Online Marketing 26 Hrs 4.9k+ Enrolled Free Pay for Certification! English 4.4 Ethical Hacking for Beginners: Cybersecurity & Penetration Testing Basics 3 Hrs 3.5k+ Enrolled Free Pay for Certification! View all free courses Explore all courses Sort by Filter by Topic Language Rating Price Duration Course Type Sort by - Popularity English 4.2 Python Programming Zero to Hero: Complete Python Bootcamp 23 Hrs 344.8k+ Enrolled ₹1,499 English 4.6 Microsoft Power BI Course: Data Visualization & Business Intelligence 8 Hrs 4.0k+ Enrolled ₹999 English 4.6 Data Analysis and Processing with Python using Pandas 5 Hrs 2k+ Enrolled ₹1,499 English 4.5 Data Visualization with Plotly Dash 2 Hrs 2k+ Enrolled ₹1,499 English 4.7 Build Dashboards in Power BI with Python Data 2 Hrs 2k+ Enrolled ₹1,499 English 4.5 Mastering MySQL 10 Hrs 2k+ Enrolled ₹1,999 English 4.2 Python Programming Zero to Hero: Complete Python Bootcamp 23 Hrs 344.8k+ Enrolled ₹1,499 English 4.6 Microsoft Power BI Course: Data Visualization & Business Intelligence 8 Hrs 4.0k+ Enrolled ₹999 English 4.6 Data Analysis and Processing with Python using Pandas 5 Hrs",200
https://www.guvi.in/courses/tamil/programming/c-programming,HCL GUVI | courses,Course,8,"Enrolled ₹1,499 English 4.6 Microsoft Power BI Course: Data Visualization & Business Intelligence 8 Hrs 4.0k+ Enrolled ₹999 English 4.6 Data Analysis and Processing with Python using Pandas 5 Hrs 2k+ Enrolled ₹1,499 English 4.5 Data Visualization with Plotly Dash 2 Hrs 2k+ Enrolled ₹1,499 English 4.7 Build Dashboards in Power BI with Python Data 2 Hrs 2k+ Enrolled ₹1,499 English 4.5 Mastering MySQL 10 Hrs 2k+ Enrolled ₹1,999 View all courses Install The GUVI Super App 4.5 500K+ Downloads INSTALL ZEN CLASS LIVE CLASS Full Stack Development Data Science Software Development Intel AIML UI/UX DevOps Business Analytics with Digital Marketing All Programs Popular Courses Python - IIT-M Pravartak Certified Java Mobile Hacking C Programming AWS Angular Dark Web All Courses Self-Paced Courses Paid Courses Free Courses Combos Practice Platforms CodeKata WebKata SQLKata FixTheCode IDE Community Campus Ambassador Industrial visit Products HackerKID Placement Preparation HCL GUVI for Corporates Resources Success Stories Learn Hub Free Resources Blog Web Stories Rewards Refer a friend Become an Affiliate Resume Builder New Company Refund Policy FAQs Contact Us About Us ZEN CLASS LIVE CLASS Full Stack Development Data Science Software Development Intel AIML UI/UX DevOps Business Analytics with Digital Marketing All Programs Popular Courses",200
https://www.guvi.in/courses/tamil/programming/c-programming,HCL GUVI | courses,Course,9,"Policy FAQs Contact Us About Us ZEN CLASS LIVE CLASS Full Stack Development Data Science Software Development Intel AIML UI/UX DevOps Business Analytics with Digital Marketing All Programs Popular Courses Python - IIT-M Pravartak Certified Java Mobile Hacking C Programming AWS Angular Dark Web All Courses Self-Paced Courses Paid Courses Free Courses Combos Practice Platforms CodeKata WebKata SQLKata FixTheCode IDE Community Campus Ambassador Industrial visit Products HackerKID Placement Preparation HCL GUVI for Corporates Resources Success Stories Learn Hub Free Resources Blog Web Stories Rewards Refer a friend Become an Affiliate Resume Builder New Company Refund Policy FAQs Contact Us About Us Refer & Earn HCL GUVI (Grab Your Vernacular Imprint) Geek Network Private Limited is a leading online learning and skills development company, incubated by IIT Madras and IIM Ahmedabad. Established in 2014 and acquired by the HCL Group in 2022, HCL GUVI is dedicated to providing effective and high-quality learning and skilling programs that transcend language barriers in technology education. HCL GUVI today is trusted by over 4.8 million users, 20 languages and 2500+ corporate partners. Refer & Earn Follow us on Follow us on HCL GUVI (Grab Your Vernacular Imprint) Geek Network Private Limited is a leading online",200
https://www.guvi.in/courses/tamil/programming/c-programming,HCL GUVI | courses,Course,10,"users, 20 languages and 2500+ corporate partners. Refer & Earn Follow us on Follow us on HCL GUVI (Grab Your Vernacular Imprint) Geek Network Private Limited is a leading online learning and skills development company, incubated by IIT Madras and IIM Ahmedabad. Established in 2014 and acquired by the HCL Group in 2022, HCL GUVI is dedicated to providing effective and high-quality learning and skilling programs that transcend language barriers in technology education. HCL GUVI today is trusted by over 4.8 million users, 20 languages and 2500+ corporate partners. Follow us on Refer & Earn Terms and Conditions Privacy Policy HCL GUVI Geek Network Pvt. Ltd. Terms and Conditions Privacy Policy HCL GUVI Geek Network Pvt. Ltd. SAWiT.AI ✕ Do you want to be part of the ongoing Generative AI revolution? Join us to explore cutting-edge AI innovations and shape the future of intelligent technology! Please choose your Language: English Tamil Telugu Kannada Hindi Marathi Bengali Malayalam Start Now",159
https://www.guvi.in/guvi-affiliate,Join Our Affiliate Program & Earn Referral Commissions | GUVI,Other,0,"Join Our Affiliate Program & Earn Referral Commissions GUVI Become a HCL GUVI Affiliate & Earn Advertising Income Help career aspirants, working professionals, college students & kids to upskill in tech by letting them access the career programs, quality tech courses & coding games of HCL GUVI. Become an Affiliate Help career aspirants, working professionals, college students & kids to upskill in tech by letting them access the career programs, quality tech courses & coding games of HCL GUVI. Become an Affiliate If you are already a HCL GUVI Affliate, Login Here If you are already a HCL GUVI Affliate, Login Here How does HCL GUVI’s Affiliate program work? 1. Sign Up Join the HCL GUVI affiliate program by clicking ‘ Become an Affiliate ’. An affiliate code will be created for you. 2.Choose Pick the HCL GUVI’s EdTech services you want to promote: Zen class career programs, 160+ HCL GUVI Tech courses, & HackerKid coding games to promote using HCL GUVI’s custom banners and text links 3.Drive Traffic Encourage your users/traffic to land on the HCL GUVI site through contextual placements of banners and links related to your chosen EdTech service of HCL GUVI 4.Earn Earn a good advertising-income,",200
https://www.guvi.in/guvi-affiliate,Join Our Affiliate Program & Earn Referral Commissions | GUVI,Other,1,"your users/traffic to land on the HCL GUVI site through contextual placements of banners and links related to your chosen EdTech service of HCL GUVI 4.Earn Earn a good advertising-income, upto 15%, on eligible purchases that your users make on HCL GUVI Join now to Start Earning! Become an Affiliate Benefits of joining the HCL GUVI’s Affiliate Program Lucrative Advertising Income Get an assured advertising income on any purchase made through your affiliate(referral) code Advertising Resources & Collaterals Use our professionally designed ad banners & posters for contextual placement of HCL GUVI services and get better conversions. Tracking Dashboards Get detailed Analysis and Insights on your advertising promotions by tracking the clicks & purchases made by your users through your affiliate(referral) code/link. Lucrative Advertising Income Get an assured advertising income on any purchase made through your affiliate(referral) code Advertising Resources & Collaterals Use our professionally designed ad banners & posters for contextual placement of HCL GUVI services and get better conversions. Instant Account Support Get instant help to integrate your user base to our services & quick solutions for your queries. Monthly Newsletters Accelerate your promotions and increase your advertising income with the best deals on the HCL GUVI EdTech",200
https://www.guvi.in/guvi-affiliate,Join Our Affiliate Program & Earn Referral Commissions | GUVI,Other,2,"user base to our services & quick solutions for your queries. Monthly Newsletters Accelerate your promotions and increase your advertising income with the best deals on the HCL GUVI EdTech services that convert better & special offers featured through our newsletters. Tracking Dashboards Get detailed Analysis and Insights on your advertising promotions by tracking the clicks & purchases made by your users through your affiliate(referral) code/link. Become an Affiliate Become an Affiliate Why is HCL GUVI Best for Learning Tech Skills? HCL GUVI Tech Course Comfortable self-paced online learning Industry experts curated tech courses Learn in தமிழ், ಕನ್ನಡ, हिंदी & 10+ native languages Globally recognised skill certifications Access coding practice platforms: CodeKata, WebKata & more Dedicated forum support Best buy on individual courses & premium subscription Zen Class Career Programs Placement Assistance Learn in Native languages: English, தமிழ், ಕನ್ನಡ & हिंदी Online Bootcamp + Hands-on Projects Certifications accredited by IIT-M, Autodesk, & more Career mentorship from Top product companies Programs curated by Industry Experts 600+ top companies as Hiring Partners HackerKID India’s #1 Gamified Learning Environment for Kids Fun coding games that teach Python, HTML, & more Badges & coins to encourage learning LeaderBoard to boost the competing spirit Exclusive",200
https://www.guvi.in/guvi-affiliate,Join Our Affiliate Program & Earn Referral Commissions | GUVI,Other,3,"HackerKID India’s #1 Gamified Learning Environment for Kids Fun coding games that teach Python, HTML, & more Badges & coins to encourage learning LeaderBoard to boost the competing spirit Exclusive challenges & club memberships HCL GUVI Tech courses Comfortable self-paced online learning Industry experts curated tech courses Learn in தமிழ், ಕನ್ನಡ, हिंदी & 10+ native languages Globally recognised skill certifications Access coding practice platforms: CodeKata, WebKata & more Dedicated forum support Best buy on individual courses & premium subscription Zen-class Career Programs Assured job opportunities Learn in Native languages: English, தமிழ், ಕನ್ನಡ & हिंदी Online Bootcamp + Hands-on Projects Certifications accredited by IIT-M, Autodesk, & more Career mentorship from Top product companies Programs curated by Industry Experts 600+ top companies as Hiring Partners HackerKID India’s #1 Gamified Learning Environment for Kids Fun coding games that teach Python, HTML, & more Badges & coins to encourage learning LeaderBoard to boost the competing spirit Exclusive challenges & club memberships Become an Affiliate Become an Affiliate Our Learners ""You will be lucky to find quality courses on HCL GUVI. I must say that I was really lucky to get courses at such a low and discounted price. I got more than 9 hours",200
https://www.guvi.in/guvi-affiliate,Join Our Affiliate Program & Earn Referral Commissions | GUVI,Other,4,"find quality courses on HCL GUVI. I must say that I was really lucky to get courses at such a low and discounted price. I got more than 9 hours of video and around 20 more resources to gain knowledge of programming. HCL GUVI provides a wide variety of courses both technical and non-technical. I suggest HCL GUVI is the best choice."" Midhun Devasia ""What makes HCL GUVI different is that it provides vernacular courses which make it easy to understand & practice platforms like CodeKata & WebKata, all these helped me improve my practical programming skills in the front end, back end. I highly recommend it if you want to get started with something new."" Arjun Govindan ""I have opted for a combo-course that starts with the basics of the popular technologies and made me a pro in its domain... Codekata is very damn helpful to crack placements because it improved my efficiency in coding... we just need to be persistent and that’s all it takes. I am very happy to encounter HCL GUVI!"" Pranav Mahadeokar ""You will be lucky to find quality courses on HCL GUVI. I must say that I was really lucky to get courses at",200
https://www.guvi.in/guvi-affiliate,Join Our Affiliate Program & Earn Referral Commissions | GUVI,Other,5,"happy to encounter HCL GUVI!"" Pranav Mahadeokar ""You will be lucky to find quality courses on HCL GUVI. I must say that I was really lucky to get courses at such a low and discounted price. I got more than 9 hours of video and around 20 more resources to gain knowledge of programming. HCL GUVI provides a wide variety of courses both technical and non-technical. I suggest HCL GUVI is the best choice."" Midhun Devasia ""What makes HCL GUVI different is that it provides vernacular courses which make it easy to understand & practice platforms like CodeKata & WebKata, all these helped me improve my practical programming skills in the front end, back end. I highly recommend it if you want to get started with something new."" Arjun Govindan ""I have opted for a combo-course that starts with the basics of the popular technologies and made me a pro in its domain... Codekata is very damn helpful to crack placements because it improved my efficiency in coding... we just need to be persistent and that’s all it takes. I am very happy to encounter HCL GUVI!"" Pranav Mahadeokar Our Zen Learners Got Placed in & more Become an Affiliate",200
https://www.guvi.in/guvi-affiliate,Join Our Affiliate Program & Earn Referral Commissions | GUVI,Other,6,"need to be persistent and that’s all it takes. I am very happy to encounter HCL GUVI!"" Pranav Mahadeokar Our Zen Learners Got Placed in & more Become an Affiliate Become an Affiliate Frequently Asked Questions For which HCL GUVI EdTech Products will I receive advertising income? As of now, 3 EdTech Products on HCL GUVI are eligible for advertising income in the affiliate program. 1. Zen class career programs 2. HCL GUVI Tech courses (self-paced) 3. HackerKid gamified learning platform for kids Get to know more about the ad income on each product here. Will I be able to earn advertising income if the user is already an existing HCL GUVI user? Yes, if the user makes a purchase through your affiliate code/link then you will be eligible for the income. If a user goes to one HCL GUVI’s EdTech product through my link & purchases another HCL GUVI’s EdTech product, will I still get Ad Income? Yes, you will get advertising income for each eligible HCL GUVI EdTech product that is purchased through your affiliate code/link within the attribution period. Will I receive multiple ad incomes if a single user purchases multiple HCL GUVI products? Yes, if the",200
https://www.guvi.in/guvi-affiliate,Join Our Affiliate Program & Earn Referral Commissions | GUVI,Other,7,"product that is purchased through your affiliate code/link within the attribution period. Will I receive multiple ad incomes if a single user purchases multiple HCL GUVI products? Yes, if the user makes multiple purchases on the eligible HCL GUVI products through your affiliate code/link, then you will receive the ad income. Is there any fee or cost associated with this affiliate program? No, there is no fee associated with HCL GUVI’s affiliate program. You can register yourself for free to become an affiliate. Register now. When will I receive my advertising income? You will be eligible for advertising income if the user through your promotion/referral code makes a purchase within the order attribution period of 30 days. Frequently Asked Questions For which HCL GUVI EdTech services will I receive advertising income? As of now, 3 EdTech Services on HCL GUVI are eligible for advertising income in the affiliate program. 1. Zen class career programs 2. HCL GUVI Tech courses (self-paced) 3. HackerKid gamified learning platform for kids Get to know more about the ad income on each product here. Will I be able to earn advertising income if the user is already an existing HCL GUVI user? Yes, if the",200
https://www.guvi.in/guvi-affiliate,Join Our Affiliate Program & Earn Referral Commissions | GUVI,Other,8,"more about the ad income on each product here. Will I be able to earn advertising income if the user is already an existing HCL GUVI user? Yes, if the user makes a purchase through your affiliate code/link then you will be eligible for the income. If a user goes to one HCL GUVI’s EdTech service through my link & purchases another HCL GUVI’s EdTech service, will I still get Ad Income? Yes, you will get advertising income for each eligible HCL GUVI EdTech service that is purchased through your affiliate code/link within the cookie window. Will I receive multiple ad incomes if a single user purchases multiple HCL GUVI services? Yes, if the user makes multiple purchases on the eligible HCL GUVI services through your affiliate code/link, then you will receive the ad income. Is there any fee or cost associated with this affiliate program? No, there is no fee associated with HCL GUVI’s affiliate program. You can register yourself for free to become an affiliate. Register now. When will I receive my advertising income? You will be eligible for advertising income if the user through your promotion/referral code makes a purchase within the order attribution period of 45",200
https://www.guvi.in/guvi-affiliate,Join Our Affiliate Program & Earn Referral Commissions | GUVI,Other,9,"will I receive my advertising income? You will be eligible for advertising income if the user through your promotion/referral code makes a purchase within the order attribution period of 45 days. Still Have Questions/Doubts? Kindly mail us your doubts and queries to [email protected] Become a HCL GUVI Affiliate & Earn Advertising Income Help career aspirants, working professionals, college students & kids to upskill in tech by letting them access the career programs, quality tech courses & coding games of HCL GUVI Join now to Start Earning! Become an Affiliate Become a HCL GUVI Affiliate & Earn Advertising Income Help career aspirants, working professionals, college students & kids to upskill in tech by letting them access the career programs, quality tech courses & coding games of HCL GUVI. Become an Affiliate Join now to Start Earning! Terms & Conditions Help",140
https://www.guvi.in/debugging,FixTheCode | HCL GUVI,Other,0,"FixTheCode HCL GUVI LIVE Classes VLSI Design Programme New IIT Delhi certified AI & Machine Learning New Intel & IIT-M Pravartak certified Data Science IIT-M Pravartak certified Full Stack Development IIT-M Pravartak certified UI/UX Design HCL GUVI certified AI DevOps Program HCL GUVI certified Still Confused? Request a Callback Explore all Programs Courses Practice CodeKata Sharpen your coding skills, prepare for interviews WebKata Build basic frontend & backend development skills SQLKata Master SQL concepts in relational database management FixTheCode A series of programs curated by industry experts IDE - Online Compiler Run & test your code in any programming language Resources Free Resources Referral Success Stories Blogs Learn Hub Get The App Rewards Become an Affiliate Leaderboard What's New? Resume Builder Community Hub Our Products HackerKID Coding classes platform for K-12 children GUVI For Corporates Meet your Hiring & Training Needs Placement Preparation Ace Up your Aptitude Login Sign up Login Sign up LIVE Classes VLSI Design Programme New IIT Delhi certified AI & Machine Learning New Intel & IIT-M Pravartak certified Data Science IIT-M Pravartak certified Full Stack Development IIT-M Pravartak certified UI/UX Design HCL GUVI certified AI DevOps Program HCL GUVI certified Explore all Programs Courses Practice CodeKata",200
https://www.guvi.in/debugging,FixTheCode | HCL GUVI,Other,1,"Pravartak certified Data Science IIT-M Pravartak certified Full Stack Development IIT-M Pravartak certified UI/UX Design HCL GUVI certified AI DevOps Program HCL GUVI certified Explore all Programs Courses Practice CodeKata Sharpen your coding skills, prepare for interviews WebKata Build basic frontend & backend development skills SQLKata Master SQL concepts in relational database management FixTheCode A series of programs curated by industry experts IDE - Online Compiler Run & test your code in any programming language Resources Free Resources Referral Success Stories Blogs Learn Hub Get The App Rewards Become an Affiliate Leaderboard What's New? Resume Builder Community Hub Our Products HackerKID Coding classes platform for K-12 children GUVI For Corporates Meet your Hiring & Training Needs Placement Preparation Ace Up your Aptitude Still Confused? Request a Callback Welcome LIVE Classes Courses Practice Platforms Leaderboard Rewards Referral Profile Finish Welcome LIVE Classes Courses Practice Platforms Leaderboard Rewards Referral Profile Finish ✕ Welcome to HCL GUVI Hey there! Welcome to HCL GUVI—Grab Your Vernacular Imprint—where tech learning is easy, fun, and curated specially for you. Incubated by IIT Madras & IIM Ahmedabad in 2014 and now part of HCL Group, we're making quality tech education accessible to all. Join 3M+ learners breaking",200
https://www.guvi.in/debugging,FixTheCode | HCL GUVI,Other,2,"specially for you. Incubated by IIT Madras & IIM Ahmedabad in 2014 and now part of HCL Group, we're making quality tech education accessible to all. Join 3M+ learners breaking barriers and upskilling for a brighter future. We're here to guide you every step of the way! 🚀 LIVE Classes Zen Classes are HCL GUVI's most refined and flagship product—live, expert-led tech programs for beginners and pros. With IITM Pravartak affiliations, master Full-Stack, Data Science, DevOps, UI/UX, and more in multiple languages! Explore More Courses Looking for flexibility? HCL GUVI's 200+ self-paced courses let you learn anytime, anywhere! From free lessons to IIT-M & Autodesk-certified programs, gain in-demand skills in your preferred language. Explore More Practice Platforms Enhance your coding skills with HCL GUVI's Practice Platforms—interactive, structured, and designed to help you master programming effortlessly. CodeKata: A structured coding practice platform with 1500+ coding problems designed by industry experts. Ideal for beginners and professionals preparing for tech interviews with real-world coding challenges. Try Now > WebKata: An interactive platform to master HTML, CSS, JavaScript, and Bootstrap with a live coding environment. Perfect for hands-on web development practice without any setup. Try Now > SQLKata: A practice ground for mastering SQL",200
https://www.guvi.in/debugging,FixTheCode | HCL GUVI,Other,3,"master HTML, CSS, JavaScript, and Bootstrap with a live coding environment. Perfect for hands-on web development practice without any setup. Try Now > SQLKata: A practice ground for mastering SQL queries used in real-world applications. Write, optimize, and refine your queries to build strong database skills. Try Now > FixTheCode: Hone your bug-fixing skills with real-world debugging challenges in Python, C++, JavaScript, and Golang. More languages coming soon! Try Now > IDE: A free online compiler supporting 20+ programming languages with auto-complete, debugging, and AI-powered code generation—all in the cloud! Try Now > Leaderboard Climb the leaderboard as you earn Geekoins by learning and practicing! The top scorers get featured, making learning competitive and rewarding. Keep going—you could be next! Explore More Rewards Earn Geekoins by watching videos and practicing problems, then redeem them for exciting rewards. The more you engage, the more you win! Explore More Referral Love learning with HCL GUVI? Share it with friends! Invite them using your unique link or code and unlock exciting rewards—Amazon vouchers, iPhones, and more. A Win-Win. Explore More Profile Your HCL GUVI profile is your digital portfolio! Track progress, showcase skills, add projects, and build a resume. Keep it updated—opportunities await!",200
https://www.guvi.in/debugging,FixTheCode | HCL GUVI,Other,4,"iPhones, and more. A Win-Win. Explore More Profile Your HCL GUVI profile is your digital portfolio! Track progress, showcase skills, add projects, and build a resume. Keep it updated—opportunities await! Explore More That's It! You Are Ready! You're all set to dive into your learning journey with HCL GUVI. Explore, upskill, and make each step count—exciting possibilities awaits! close Thank you for Reaching us out Our team will reach you out within the next 24 hours. Explore all Programs ✕ FixTheCode FixTheCode is a hands-on coding platform where learners debug real-world programs and make failing test cases pass. Sharpen your problem-solving skills by fixing logic, syntax, and edge-case errors—just like in real engineering roles. View More Login to start solving Login Question Acceptance Geekoins 1. Equation 8.03% 10 2. Sum of two middlemost elements 14.36% 20 3. Rightmost set bit of a number 46.78% 20 4. String manipulation 1 16.01% 30 5. String manipulation 2 36.35% 30 6. Verifying whether is string is repeated or not 27.03% 30 7. Print lower case letters in sorted order 11.33% 30 8. Date problem 26.4% 30 9. Simple interest 83.37% 30 10. Second largest element 23.35% 30 11. Rectangle hallow pattern 5.16% 30",200
https://www.guvi.in/debugging,FixTheCode | HCL GUVI,Other,5,lower case letters in sorted order 11.33% 30 8. Date problem 26.4% 30 9. Simple interest 83.37% 30 10. Second largest element 23.35% 30 11. Rectangle hallow pattern 5.16% 30 12. Max sum out of all sub arrays 17.89% 30 13. Hollow half pyramid pattern using numbers 29.56% 30 14. Right angled triangle 24.69% 40 15. Alternative rise and fall 21.21% 40 15 per page 30 per page 50 per page 1 2 3 4 Showing 1 to 15 of 50 results ZEN CLASS LIVE CLASS Full Stack Development Data Science Software Development Intel AIML UI/UX DevOps Business Analytics with Digital Marketing All Programs Popular Courses Python - IIT-M Pravartak Certified Java Mobile Hacking C Programming AWS Angular Dark Web All Courses Self-Paced Courses Paid Courses Free Courses Combos Practice Platforms CodeKata WebKata SQLKata FixTheCode IDE Community Campus Ambassador Industrial visit Products HackerKID Placement Preparation HCL GUVI for Corporates Resources Success Stories Learn Hub Free Resources Blog Web Stories Rewards Refer a friend Become an Affiliate Resume Builder New Company Refund Policy FAQs Contact Us About Us ZEN CLASS LIVE CLASS Full Stack Development Data Science Software Development Intel AIML UI/UX DevOps Business Analytics with Digital Marketing All Programs Popular,200
https://www.guvi.in/debugging,FixTheCode | HCL GUVI,Other,6,"Refund Policy FAQs Contact Us About Us ZEN CLASS LIVE CLASS Full Stack Development Data Science Software Development Intel AIML UI/UX DevOps Business Analytics with Digital Marketing All Programs Popular Courses Python - IIT-M Pravartak Certified Java Mobile Hacking C Programming AWS Angular Dark Web All Courses Self-Paced Courses Paid Courses Free Courses Combos Practice Platforms CodeKata WebKata SQLKata FixTheCode IDE Community Campus Ambassador Industrial visit Products HackerKID Placement Preparation HCL GUVI for Corporates Resources Success Stories Learn Hub Free Resources Blog Web Stories Rewards Refer a friend Become an Affiliate Resume Builder New Company Refund Policy FAQs Contact Us About Us Refer & Earn HCL GUVI (Grab Your Vernacular Imprint) Geek Network Private Limited is a leading online learning and skills development company, incubated by IIT Madras and IIM Ahmedabad. Established in 2014 and acquired by the HCL Group in 2022, HCL GUVI is dedicated to providing effective and high-quality learning and skilling programs that transcend language barriers in technology education. HCL GUVI today is trusted by over 4.8 million users, 20 languages and 2500+ corporate partners. Refer & Earn Follow us on Follow us on HCL GUVI (Grab Your Vernacular Imprint) Geek Network Private Limited is a leading",200
https://www.guvi.in/debugging,FixTheCode | HCL GUVI,Other,7,"million users, 20 languages and 2500+ corporate partners. Refer & Earn Follow us on Follow us on HCL GUVI (Grab Your Vernacular Imprint) Geek Network Private Limited is a leading online learning and skills development company, incubated by IIT Madras and IIM Ahmedabad. Established in 2014 and acquired by the HCL Group in 2022, HCL GUVI is dedicated to providing effective and high-quality learning and skilling programs that transcend language barriers in technology education. HCL GUVI today is trusted by over 4.8 million users, 20 languages and 2500+ corporate partners. Follow us on Refer & Earn Terms and Conditions Privacy Policy HCL GUVI Geek Network Pvt. Ltd. Terms and Conditions Privacy Policy HCL GUVI Geek Network Pvt. Ltd.",118
https://www.guvi.in/courses/network-and-security/mobile-hacking,Learn Mobile Hacking Course with Certification | HCL GUVI,Course,0,"Learn Mobile Hacking Course with Certification HCL GUVI LIVE Classes VLSI Design Programme New IIT Delhi certified AI & Machine Learning New Intel & IIT-M Pravartak certified Data Science IIT-M Pravartak certified Full Stack Development IIT-M Pravartak certified UI/UX Design HCL GUVI certified AI DevOps Program HCL GUVI certified Still Confused? Request a Callback Explore all Programs Courses Practice CodeKata Sharpen your coding skills, prepare for interviews WebKata Build basic frontend & backend development skills SQLKata Master SQL concepts in relational database management FixTheCode A series of programs curated by industry experts IDE - Online Compiler Run & test your code in any programming language Resources Free Resources Referral Success Stories Blogs Learn Hub Get The App Rewards Become an Affiliate Leaderboard What's New? Resume Builder Community Hub Our Products HackerKID Coding classes platform for K-12 children GUVI For Corporates Meet your Hiring & Training Needs Placement Preparation Ace Up your Aptitude Login Sign up Login Sign up LIVE Classes VLSI Design Programme New IIT Delhi certified AI & Machine Learning New Intel & IIT-M Pravartak certified Data Science IIT-M Pravartak certified Full Stack Development IIT-M Pravartak certified UI/UX Design HCL GUVI certified AI DevOps Program HCL GUVI certified Explore",200
https://www.guvi.in/courses/network-and-security/mobile-hacking,Learn Mobile Hacking Course with Certification | HCL GUVI,Course,1,"Learning New Intel & IIT-M Pravartak certified Data Science IIT-M Pravartak certified Full Stack Development IIT-M Pravartak certified UI/UX Design HCL GUVI certified AI DevOps Program HCL GUVI certified Explore all Programs Courses Practice CodeKata Sharpen your coding skills, prepare for interviews WebKata Build basic frontend & backend development skills SQLKata Master SQL concepts in relational database management FixTheCode A series of programs curated by industry experts IDE - Online Compiler Run & test your code in any programming language Resources Free Resources Referral Success Stories Blogs Learn Hub Get The App Rewards Become an Affiliate Leaderboard What's New? Resume Builder Community Hub Our Products HackerKID Coding classes platform for K-12 children GUVI For Corporates Meet your Hiring & Training Needs Placement Preparation Ace Up your Aptitude Still Confused? Request a Callback Welcome LIVE Classes Courses Practice Platforms Leaderboard Rewards Referral Profile Finish Welcome LIVE Classes Courses Practice Platforms Leaderboard Rewards Referral Profile Finish ✕ Welcome to HCL GUVI Hey there! Welcome to HCL GUVI—Grab Your Vernacular Imprint—where tech learning is easy, fun, and curated specially for you. Incubated by IIT Madras & IIM Ahmedabad in 2014 and now part of HCL Group, we're making quality tech education accessible to",200
https://www.guvi.in/courses/network-and-security/mobile-hacking,Learn Mobile Hacking Course with Certification | HCL GUVI,Course,2,"is easy, fun, and curated specially for you. Incubated by IIT Madras & IIM Ahmedabad in 2014 and now part of HCL Group, we're making quality tech education accessible to all. Join 3M+ learners breaking barriers and upskilling for a brighter future. We're here to guide you every step of the way! 🚀 LIVE Classes Zen Classes are HCL GUVI's most refined and flagship product—live, expert-led tech programs for beginners and pros. With IITM Pravartak affiliations, master Full-Stack, Data Science, DevOps, UI/UX, and more in multiple languages! Explore More Courses Looking for flexibility? HCL GUVI's 200+ self-paced courses let you learn anytime, anywhere! From free lessons to IIT-M & Autodesk-certified programs, gain in-demand skills in your preferred language. Explore More Practice Platforms Enhance your coding skills with HCL GUVI's Practice Platforms—interactive, structured, and designed to help you master programming effortlessly. CodeKata: A structured coding practice platform with 1500+ coding problems designed by industry experts. Ideal for beginners and professionals preparing for tech interviews with real-world coding challenges. Try Now > WebKata: An interactive platform to master HTML, CSS, JavaScript, and Bootstrap with a live coding environment. Perfect for hands-on web development practice without any setup. Try Now > SQLKata: A",200
https://www.guvi.in/courses/network-and-security/mobile-hacking,Learn Mobile Hacking Course with Certification | HCL GUVI,Course,3,"WebKata: An interactive platform to master HTML, CSS, JavaScript, and Bootstrap with a live coding environment. Perfect for hands-on web development practice without any setup. Try Now > SQLKata: A practice ground for mastering SQL queries used in real-world applications. Write, optimize, and refine your queries to build strong database skills. Try Now > FixTheCode: Hone your bug-fixing skills with real-world debugging challenges in Python, C++, JavaScript, and Golang. More languages coming soon! Try Now > IDE: A free online compiler supporting 20+ programming languages with auto-complete, debugging, and AI-powered code generation—all in the cloud! Try Now > Leaderboard Climb the leaderboard as you earn Geekoins by learning and practicing! The top scorers get featured, making learning competitive and rewarding. Keep going—you could be next! Explore More Rewards Earn Geekoins by watching videos and practicing problems, then redeem them for exciting rewards. The more you engage, the more you win! Explore More Referral Love learning with HCL GUVI? Share it with friends! Invite them using your unique link or code and unlock exciting rewards—Amazon vouchers, iPhones, and more. A Win-Win. Explore More Profile Your HCL GUVI profile is your digital portfolio! Track progress, showcase skills, add projects, and build a",200
https://www.guvi.in/courses/network-and-security/mobile-hacking,Learn Mobile Hacking Course with Certification | HCL GUVI,Course,4,"and unlock exciting rewards—Amazon vouchers, iPhones, and more. A Win-Win. Explore More Profile Your HCL GUVI profile is your digital portfolio! Track progress, showcase skills, add projects, and build a resume. Keep it updated—opportunities await! Explore More That's It! You Are Ready! You're all set to dive into your learning journey with HCL GUVI. Explore, upskill, and make each step count—exciting possibilities awaits! close Thank you for Reaching us out Our team will reach you out within the next 24 hours. Explore all Programs ✕ Accelerate Your Career Mobile Hacking & Android Security Testing Course Every mobile device is a potential entry point. Learn how attackers exploit mobile systems and networks, then flip that knowledge into skilled defense, with self-paced training and certification in ethical mobile security. Enroll Now Join 2.0k geeks 4.0 2000+ enrolled 6 Hours of Recorded Content 6 Modules with Certifications English Language Only ₹999 ₹ 2000 50.04 % OFF Enroll Now Professionals from Top Industries Learn from Us Course Overview Syllabus Course Requirements Certificate Recommended course FAQ Course Overview Learn to evaluate device security, uncover vulnerabilities, and build counterattacks using hands-on tools and methodologies. Work with tools like Seeker, Zphisher, and Termux, starting from basic Linux",200
https://www.guvi.in/courses/network-and-security/mobile-hacking,Learn Mobile Hacking Course with Certification | HCL GUVI,Course,5,"FAQ Course Overview Learn to evaluate device security, uncover vulnerabilities, and build counterattacks using hands-on tools and methodologies. Work with tools like Seeker, Zphisher, and Termux, starting from basic Linux commands to advanced mobile security techniques. Understand real attack vectors including social engineering and MITM attacks. Earn a certification from an IIT-M and IIM-A incubated company upon course completion. Explore Our Industry-Aligned Curriculum Course Syllabus Expand all Build a Strong Foundation in Mobile Security and Android Architecture Identify and Assess Mobile Security Threats Set Up Mobile Security Testing Environments Understand Social Engineering and Mobile Attack Techniques Perform Mobile Penetration Testing and Device Analysis Apply Mobile Security Best Practices and Ethical Guidelines Course Requirements Knowledge of cybersecurity, computer networks, and operating systems. Experience with Android systems and Linux commands is advantageous. Accelerate Your Career Mobile Hacking & Android Security Testing Course Enroll Now Real Career Stories Powered By Upskilling "" Previously in IT services, I wanted to upgrade to a new field but didn’t know how. The trust I got from HCL GUVI was enormous; I quit my job and took HCL Guvi Courses. I’ve now been placed as a Data Scientist at AI Enterprise Software India Ltd. I’m feeling blessed",200
https://www.guvi.in/courses/network-and-security/mobile-hacking,Learn Mobile Hacking Course with Certification | HCL GUVI,Course,6,"HCL GUVI was enormous; I quit my job and took HCL Guvi Courses. I’ve now been placed as a Data Scientist at AI Enterprise Software India Ltd. I’m feeling blessed and didn’t expect this level of help! "" S Sonia Kola Data scientist "" I wanted to make a career shift to IT, so I joined the HCL Guvi Courses. I interviewed with 10 companies and received 3 offers. I eventually accepted an offer from a product-based company and am currently working as a Software Developer at iQuanti India Pvt. Ltd. "" R Rakesh Software Developer "" My world changed after joining HCL GUVI. The Courses helped me to develop apps from scratch—a vital skill for any developer—and I worked on projects like GooglePay and YouTube clones. I was placed at a product-based company, Zest Money. If you want to upskill and join a product-based company, I highly recommend the HCL Guvi Courses. "" M Muntha Pawan Kumar Software Developer "" I enrolled in the UI/UX Design course at HCL GUVI to master the art of user-centric design. The course was brilliantly structured, moving from wireframing basics to high-fidelity prototyping and user testing. Learning tools like Figma and working on",200
https://www.guvi.in/courses/network-and-security/mobile-hacking,Learn Mobile Hacking Course with Certification | HCL GUVI,Course,7,"GUVI to master the art of user-centric design. The course was brilliantly structured, moving from wireframing basics to high-fidelity prototyping and user testing. Learning tools like Figma and working on real-world case studies helped me a lot. "" S Shaik Ahmad Associate Product Manager Awards & Achievements HCL GUVI recognized as the Best Partner - Technology Training by Empire Forums. Awarded by ZEE Digital during ZEE National Achievers Awards 2022. Awarded by ENTREPRENEUR INDIA for having the best online personalized learning programs. HCL GUVI recognized as the ""Best GenAI Training Partner"" by UBS Forums For the most users to take an Artificial Intelligence lesson in 24 hours. HCL GUVI recognized as the ""Best Partner - New Hire Training"" by UBS Forums Broke the Record for most users taking an online computer programming lesson in 24 Hrs. Certification Industry-recognized Mobile Hacking & Android Security Testing Course Certificate Certificates are generated after the completion of course. Certificates are globally recognized & they help Enhance your profile. More Courses related to Security English 4.3 Advanced Cyber Security and Ethical Hacking Course - Security Expert Training 7 Hrs 3.6k+ Enrolled ₹999 English 4.2 Cyber Security and Ethical Hacking for Beginners - Cyber Security Course",200
https://www.guvi.in/courses/network-and-security/mobile-hacking,Learn Mobile Hacking Course with Certification | HCL GUVI,Course,8,"4.3 Advanced Cyber Security and Ethical Hacking Course - Security Expert Training 7 Hrs 3.6k+ Enrolled ₹999 English 4.2 Cyber Security and Ethical Hacking for Beginners - Cyber Security Course 8 Hrs 13.1k+ Enrolled ₹1,499 English 4.4 Ethical Hacking for Beginners: Cybersecurity & Penetration Testing Basics 3 Hrs 3.5k+ Enrolled Free Pay for Certification! English 4.5 Cyber Security for Beginners - Introduction to Cyber Security 8 Hrs 2k+ Enrolled ₹5,000 English 4.8 Advanced Ethical Hacking Course - Penetration Testing and Cyber Security 8 Hrs 2k+ Enrolled ₹5,000 English 4.8 Mobile Application Security - App Security and Vulnerability Testing Course 10 Hrs 2k+ Enrolled ₹5,000 English 4.3 Data Recovery Course - Data Retrieval and Digital Forensics Basics 9 Hrs 2k+ Enrolled ₹999 Tamil 4.0 Mobile Hacking in Tamil 9 Hrs 2k+ Enrolled ₹1,499 View all courses Frequently Asked Questions What will I learn in the Mobile Hacking course? − You will learn mobile security concepts, vulnerabilities in mobile applications, Android and iOS security, mobile attacks, and techniques to analyze and secure mobile devices. Who can enroll in this Mobile Hacking course? + Do I need prior cybersecurity knowledge to learn Mobile Hacking? + Is this course about ethical hacking? + What",200
https://www.guvi.in/courses/network-and-security/mobile-hacking,Learn Mobile Hacking Course with Certification | HCL GUVI,Course,9,mobile devices. Who can enroll in this Mobile Hacking course? + Do I need prior cybersecurity knowledge to learn Mobile Hacking? + Is this course about ethical hacking? + What skills will I gain after completing this course? + Can beginners learn mobile hacking from this course? + What are the career opportunities after learning Mobile Hacking? + Course Preview Mobile Hacking & Android Security Testing Course Course Introduction Free Sample Videos NOW PLAYING Course Introduction Build a Strong Foundation in Mobile Security and Android Architecture How to install kali linux(the easiest way) Build a Strong Foundation in Mobile Security and Android Architecture Enroll Now - ₹999,107
https://www.guvi.in/free-resources,HCL GUVI - Free Resources,Resource,0,"HCL GUVI - Free Resources LIVE Classes VLSI Design Programme New IIT Delhi certified AI & Machine Learning New Intel & IIT-M Pravartak certified Data Science IIT-M Pravartak certified Full Stack Development IIT-M Pravartak certified UI/UX Design HCL GUVI certified AI DevOps Program HCL GUVI certified Still Confused? Request a Callback Explore all Programs Courses Practice CodeKata Sharpen your coding skills, prepare for interviews WebKata Build basic frontend & backend development skills SQLKata Master SQL concepts in relational database management FixTheCode A series of programs curated by industry experts IDE - Online Compiler Run & test your code in any programming language Resources Free Resources Referral Success Stories Blogs Learn Hub Get The App Rewards Become an Affiliate Leaderboard What's New? Resume Builder Community Hub Our Products HackerKID Coding classes platform for K-12 children GUVI For Corporates Meet your Hiring & Training Needs Placement Preparation Ace Up your Aptitude Login Sign up Login Sign up LIVE Classes VLSI Design Programme New IIT Delhi certified AI & Machine Learning New Intel & IIT-M Pravartak certified Data Science IIT-M Pravartak certified Full Stack Development IIT-M Pravartak certified UI/UX Design HCL GUVI certified AI DevOps Program HCL GUVI certified Explore all Programs Courses",200
https://www.guvi.in/free-resources,HCL GUVI - Free Resources,Resource,1,"& IIT-M Pravartak certified Data Science IIT-M Pravartak certified Full Stack Development IIT-M Pravartak certified UI/UX Design HCL GUVI certified AI DevOps Program HCL GUVI certified Explore all Programs Courses Practice CodeKata Sharpen your coding skills, prepare for interviews WebKata Build basic frontend & backend development skills SQLKata Master SQL concepts in relational database management FixTheCode A series of programs curated by industry experts IDE - Online Compiler Run & test your code in any programming language Resources Free Resources Referral Success Stories Blogs Learn Hub Get The App Rewards Become an Affiliate Leaderboard What's New? Resume Builder Community Hub Our Products HackerKID Coding classes platform for K-12 children GUVI For Corporates Meet your Hiring & Training Needs Placement Preparation Ace Up your Aptitude Still Confused? Request a Callback Welcome LIVE Classes Courses Practice Platforms Leaderboard Rewards Referral Profile Finish Welcome LIVE Classes Courses Practice Platforms Leaderboard Rewards Referral Profile Finish ✕ Welcome to HCL GUVI Hey there! Welcome to HCL GUVI—Grab Your Vernacular Imprint—where tech learning is easy, fun, and curated specially for you. Incubated by IIT Madras & IIM Ahmedabad in 2014 and now part of HCL Group, we're making quality tech education accessible to all. Join 3M+",200
https://www.guvi.in/free-resources,HCL GUVI - Free Resources,Resource,2,"and curated specially for you. Incubated by IIT Madras & IIM Ahmedabad in 2014 and now part of HCL Group, we're making quality tech education accessible to all. Join 3M+ learners breaking barriers and upskilling for a brighter future. We're here to guide you every step of the way! 🚀 LIVE Classes Zen Classes are HCL GUVI's most refined and flagship product—live, expert-led tech programs for beginners and pros. With IITM Pravartak affiliations, master Full-Stack, Data Science, DevOps, UI/UX, and more in multiple languages! Explore More Courses Looking for flexibility? HCL GUVI's 200+ self-paced courses let you learn anytime, anywhere! From free lessons to IIT-M & Autodesk-certified programs, gain in-demand skills in your preferred language. Explore More Practice Platforms Enhance your coding skills with HCL GUVI's Practice Platforms—interactive, structured, and designed to help you master programming effortlessly. CodeKata: A structured coding practice platform with 1500+ coding problems designed by industry experts. Ideal for beginners and professionals preparing for tech interviews with real-world coding challenges. Try Now > WebKata: An interactive platform to master HTML, CSS, JavaScript, and Bootstrap with a live coding environment. Perfect for hands-on web development practice without any setup. Try Now > SQLKata: A practice ground for",200
https://www.guvi.in/free-resources,HCL GUVI - Free Resources,Resource,3,"platform to master HTML, CSS, JavaScript, and Bootstrap with a live coding environment. Perfect for hands-on web development practice without any setup. Try Now > SQLKata: A practice ground for mastering SQL queries used in real-world applications. Write, optimize, and refine your queries to build strong database skills. Try Now > FixTheCode: Hone your bug-fixing skills with real-world debugging challenges in Python, C++, JavaScript, and Golang. More languages coming soon! Try Now > IDE: A free online compiler supporting 20+ programming languages with auto-complete, debugging, and AI-powered code generation—all in the cloud! Try Now > Leaderboard Climb the leaderboard as you earn Geekoins by learning and practicing! The top scorers get featured, making learning competitive and rewarding. Keep going—you could be next! Explore More Rewards Earn Geekoins by watching videos and practicing problems, then redeem them for exciting rewards. The more you engage, the more you win! Explore More Referral Love learning with HCL GUVI? Share it with friends! Invite them using your unique link or code and unlock exciting rewards—Amazon vouchers, iPhones, and more. A Win-Win. Explore More Profile Your HCL GUVI profile is your digital portfolio! Track progress, showcase skills, add projects, and build a resume. Keep it",200
https://www.guvi.in/free-resources,HCL GUVI - Free Resources,Resource,4,"rewards—Amazon vouchers, iPhones, and more. A Win-Win. Explore More Profile Your HCL GUVI profile is your digital portfolio! Track progress, showcase skills, add projects, and build a resume. Keep it updated—opportunities await! Explore More That's It! You Are Ready! You're all set to dive into your learning journey with HCL GUVI. Explore, upskill, and make each step count—exciting possibilities awaits! close Thank you for Reaching us out Our team will reach you out within the next 24 hours. Explore all Programs ✕ High-Quality Online Learning Materials to Upskill your Career! Access a wide range of resources on Full Stack Development (FSD), UI/UX, Digital Marketing, Data Science, Business Analytics & Digital Marketing (BADM), AI & Machine Learning (AIML), and many more. Start Learning Today! Webinars 5-day Email Course eBooks Newsletter Power-Packed Webinars Stay updated with our expert-led webinars on Full Stack Development (FSD), UI/UX, Digital Marketing, Data Science, Business Analytics & Digital Marketing (BADM), AI & Machine Learning (AIML), and many more. Sign up to receive invitations straight to your inbox! Join the Webinar 5-Day Email Course Our email courses are designed for each specific program, including Full Stack Development (FSD), UI/UX Design, Digital Marketing, Data Science, Business Analytics & Digital",200
https://www.guvi.in/free-resources,HCL GUVI - Free Resources,Resource,5,"Join the Webinar 5-Day Email Course Our email courses are designed for each specific program, including Full Stack Development (FSD), UI/UX Design, Digital Marketing, Data Science, Business Analytics & Digital Marketing (BADM), AI, and Machine Learning (AIML), and many more. Each course offers structured lessons that simplify complex topics, making them easy to grasp. These lessons will be delivered directly to your inbox. Full Stack Development This course offers a comprehensive guide to mastering both front-end and back-end web development, providing practical skills to build dynamic and responsive web applications. Start Now AI & Machine Learning In five days, this course imparts core knowledge of AI and ML, exploring their applications across industries and providing a learning blueprint for aspiring professionals. Start Now Data Science This program introduces the fundamentals of data science, covering essential tools and techniques for data analysis, visualization, and interpretation to solve real-world problems. Start Now UI/UX This practical guide teaches core UI/UX principles through hands-on challenges, equipping learners to design user-centric interfaces and build a compelling design portfolio Start Now Digital Marketing Over five days, this course delivers a clear roadmap to becoming a confident digital marketing professional, including real-world projects and insights into the",200
https://www.guvi.in/free-resources,HCL GUVI - Free Resources,Resource,6,"compelling design portfolio Start Now Digital Marketing Over five days, this course delivers a clear roadmap to becoming a confident digital marketing professional, including real-world projects and insights into the latest industry trends. Start Now Business Analytics and Digital Marketing Learn how to apply analytical frameworks to real-world marketing scenarios, mastering tools and techniques used by top professionals to enhance strategic decision-making. Start Now Full Stack Development This course offers a comprehensive guide to mastering both front-end and back-end web development, providing practical skills to build dynamic and responsive web applications. Start Now AI & Machine Learning In five days, this course imparts core knowledge of AI and ML, exploring their applications across industries and providing a learning blueprint for aspiring professionals. Start Now Data Science This program introduces the fundamentals of data science, covering essential tools and techniques for data analysis, visualization, and interpretation to solve real-world problems. Start Now UI/UX This practical guide teaches core UI/UX principles through hands-on challenges, equipping learners to design user-centric interfaces and build a compelling design portfolio Start Now Digital Marketing Over five days, this course delivers a clear roadmap to becoming a confident digital marketing professional, including real-world projects and insights into",200
https://www.guvi.in/free-resources,HCL GUVI - Free Resources,Resource,7,"a compelling design portfolio Start Now Digital Marketing Over five days, this course delivers a clear roadmap to becoming a confident digital marketing professional, including real-world projects and insights into the latest industry trends. Start Now Business Analytics and Digital Marketing Learn how to apply analytical frameworks to real-world marketing scenarios, mastering tools and techniques used by top professionals to enhance strategic decision-making. Start Now Not sure where to begin your upskilling journey? Schedule a 1-on-1 Career Consultation call with our experts Schedule Now eBooks Access our library of in-depth eBooks packed with insights, strategies, and practical knowledge from industry experts. Learn at your own pace and enhance your skills. Master the Art of Data Science - A Complete Guide Download Now Start your Development Journey with Javascript: A Beginner’s Guide Download Now React eBook: Your Go-To Guide for FullStack Development Journey Download Now MongoDB for Beginners: Your Guide to Modern Databases Download Now First Steps in UI/UX: The Beginner’s Guide to UI/UX Download Now Python Ebook: A Beginner’s Guide Download Now Master the Art of Data Science - A Complete Guide Download Now Start your Development Journey with Javascript: A Beginner’s Guide Download Now React eBook: Your Go-To Guide",200
https://www.guvi.in/free-resources,HCL GUVI - Free Resources,Resource,8,"Download Now Master the Art of Data Science - A Complete Guide Download Now Start your Development Journey with Javascript: A Beginner’s Guide Download Now React eBook: Your Go-To Guide for FullStack Development Journey Download Now MongoDB for Beginners: Your Guide to Modern Databases Download Now First Steps in UI/UX: The Beginner’s Guide to UI/UX Download Now Python Ebook: A Beginner’s Guide Download Now Exclusive Newsletter Get insider tips, career advice, and industry updates delivered weekly. Join thousands of learners who stay informed and ahead of the curve. Subscribe Why Choose Our Learning Resources? Expert-Curated Content Actionable Insights And Real-World Applications Insights & real-world applications Learn Anytime, Anywhere ZEN CLASS LIVE CLASS Full Stack Development Data Science Software Development Intel AIML UI/UX DevOps Business Analytics with Digital Marketing All Programs Popular Courses Python - IIT-M Pravartak Certified Java Mobile Hacking C Programming AWS Angular Dark Web All Courses Self-Paced Courses Paid Courses Free Courses Combos Practice Platforms CodeKata WebKata SQLKata FixTheCode IDE Community Campus Ambassador Industrial visit Products HackerKID Placement Preparation HCL GUVI for Corporates Resources Success Stories Learn Hub Free Resources Blog Web Stories Rewards Refer a friend Become an Affiliate Resume Builder New Company Refund Policy FAQs Contact",200
https://www.guvi.in/free-resources,HCL GUVI - Free Resources,Resource,9,"Preparation HCL GUVI for Corporates Resources Success Stories Learn Hub Free Resources Blog Web Stories Rewards Refer a friend Become an Affiliate Resume Builder New Company Refund Policy FAQs Contact Us About Us ZEN CLASS LIVE CLASS Full Stack Development Data Science Software Development Intel AIML UI/UX DevOps Business Analytics with Digital Marketing All Programs Popular Courses Python - IIT-M Pravartak Certified Java Mobile Hacking C Programming AWS Angular Dark Web All Courses Self-Paced Courses Paid Courses Free Courses Combos Practice Platforms CodeKata WebKata SQLKata FixTheCode IDE Community Campus Ambassador Industrial visit Products HackerKID Placement Preparation HCL GUVI for Corporates Resources Success Stories Learn Hub Free Resources Blog Web Stories Rewards Refer a friend Become an Affiliate Resume Builder New Company Refund Policy FAQs Contact Us About Us Refer & Earn HCL GUVI (Grab Your Vernacular Imprint) Geek Network Private Limited is a leading online learning and skills development company, incubated by IIT Madras and IIM Ahmedabad. Established in 2014 and acquired by the HCL Group in 2022, HCL GUVI is dedicated to providing effective and high-quality learning and skilling programs that transcend language barriers in technology education. HCL GUVI today is trusted by over 4.8 million users, 20 languages",200
https://www.guvi.in/free-resources,HCL GUVI - Free Resources,Resource,10,"is dedicated to providing effective and high-quality learning and skilling programs that transcend language barriers in technology education. HCL GUVI today is trusted by over 4.8 million users, 20 languages and 2500+ corporate partners. Refer & Earn Follow us on Follow us on HCL GUVI (Grab Your Vernacular Imprint) Geek Network Private Limited is a leading online learning and skills development company, incubated by IIT Madras and IIM Ahmedabad. Established in 2014 and acquired by the HCL Group in 2022, HCL GUVI is dedicated to providing effective and high-quality learning and skilling programs that transcend language barriers in technology education. HCL GUVI today is trusted by over 4.8 million users, 20 languages and 2500+ corporate partners. Follow us on Refer & Earn Terms and Conditions Privacy Policy HCL GUVI Geek Network Pvt. Ltd. Terms and Conditions Privacy Policy HCL GUVI Geek Network Pvt. Ltd.",144
https://www.guvi.in/courses/professional-development/product-management-interview-preparation,Best Product Management Course Online with Certification | GUVI,Course,0,"Best Product Management Course Online with Certification GUVI LIVE Classes VLSI Design Programme New IIT Delhi certified AI & Machine Learning New Intel & IIT-M Pravartak certified Data Science IIT-M Pravartak certified Full Stack Development IIT-M Pravartak certified UI/UX Design HCL GUVI certified AI DevOps Program HCL GUVI certified Still Confused? Request a Callback Explore all Programs Courses Practice CodeKata Sharpen your coding skills, prepare for interviews WebKata Build basic frontend & backend development skills SQLKata Master SQL concepts in relational database management FixTheCode A series of programs curated by industry experts IDE - Online Compiler Run & test your code in any programming language Resources Free Resources Referral Success Stories Blogs Learn Hub Get The App Rewards Become an Affiliate Leaderboard What's New? Resume Builder Community Hub Our Products HackerKID Coding classes platform for K-12 children GUVI For Corporates Meet your Hiring & Training Needs Placement Preparation Ace Up your Aptitude Login Sign up Login Sign up LIVE Classes VLSI Design Programme New IIT Delhi certified AI & Machine Learning New Intel & IIT-M Pravartak certified Data Science IIT-M Pravartak certified Full Stack Development IIT-M Pravartak certified UI/UX Design HCL GUVI certified AI DevOps Program HCL GUVI certified Explore",200
https://www.guvi.in/courses/professional-development/product-management-interview-preparation,Best Product Management Course Online with Certification | GUVI,Course,1,"Learning New Intel & IIT-M Pravartak certified Data Science IIT-M Pravartak certified Full Stack Development IIT-M Pravartak certified UI/UX Design HCL GUVI certified AI DevOps Program HCL GUVI certified Explore all Programs Courses Practice CodeKata Sharpen your coding skills, prepare for interviews WebKata Build basic frontend & backend development skills SQLKata Master SQL concepts in relational database management FixTheCode A series of programs curated by industry experts IDE - Online Compiler Run & test your code in any programming language Resources Free Resources Referral Success Stories Blogs Learn Hub Get The App Rewards Become an Affiliate Leaderboard What's New? Resume Builder Community Hub Our Products HackerKID Coding classes platform for K-12 children GUVI For Corporates Meet your Hiring & Training Needs Placement Preparation Ace Up your Aptitude Still Confused? Request a Callback Welcome LIVE Classes Courses Practice Platforms Leaderboard Rewards Referral Profile Finish Welcome LIVE Classes Courses Practice Platforms Leaderboard Rewards Referral Profile Finish ✕ Welcome to HCL GUVI Hey there! Welcome to HCL GUVI—Grab Your Vernacular Imprint—where tech learning is easy, fun, and curated specially for you. Incubated by IIT Madras & IIM Ahmedabad in 2014 and now part of HCL Group, we're making quality tech education accessible to",200
https://www.guvi.in/courses/professional-development/product-management-interview-preparation,Best Product Management Course Online with Certification | GUVI,Course,2,"is easy, fun, and curated specially for you. Incubated by IIT Madras & IIM Ahmedabad in 2014 and now part of HCL Group, we're making quality tech education accessible to all. Join 3M+ learners breaking barriers and upskilling for a brighter future. We're here to guide you every step of the way! 🚀 LIVE Classes Zen Classes are HCL GUVI's most refined and flagship product—live, expert-led tech programs for beginners and pros. With IITM Pravartak affiliations, master Full-Stack, Data Science, DevOps, UI/UX, and more in multiple languages! Explore More Courses Looking for flexibility? HCL GUVI's 200+ self-paced courses let you learn anytime, anywhere! From free lessons to IIT-M & Autodesk-certified programs, gain in-demand skills in your preferred language. Explore More Practice Platforms Enhance your coding skills with HCL GUVI's Practice Platforms—interactive, structured, and designed to help you master programming effortlessly. CodeKata: A structured coding practice platform with 1500+ coding problems designed by industry experts. Ideal for beginners and professionals preparing for tech interviews with real-world coding challenges. Try Now > WebKata: An interactive platform to master HTML, CSS, JavaScript, and Bootstrap with a live coding environment. Perfect for hands-on web development practice without any setup. Try Now > SQLKata: A",200
https://www.guvi.in/courses/professional-development/product-management-interview-preparation,Best Product Management Course Online with Certification | GUVI,Course,3,"WebKata: An interactive platform to master HTML, CSS, JavaScript, and Bootstrap with a live coding environment. Perfect for hands-on web development practice without any setup. Try Now > SQLKata: A practice ground for mastering SQL queries used in real-world applications. Write, optimize, and refine your queries to build strong database skills. Try Now > FixTheCode: Hone your bug-fixing skills with real-world debugging challenges in Python, C++, JavaScript, and Golang. More languages coming soon! Try Now > IDE: A free online compiler supporting 20+ programming languages with auto-complete, debugging, and AI-powered code generation—all in the cloud! Try Now > Leaderboard Climb the leaderboard as you earn Geekoins by learning and practicing! The top scorers get featured, making learning competitive and rewarding. Keep going—you could be next! Explore More Rewards Earn Geekoins by watching videos and practicing problems, then redeem them for exciting rewards. The more you engage, the more you win! Explore More Referral Love learning with HCL GUVI? Share it with friends! Invite them using your unique link or code and unlock exciting rewards—Amazon vouchers, iPhones, and more. A Win-Win. Explore More Profile Your HCL GUVI profile is your digital portfolio! Track progress, showcase skills, add projects, and build a",200
https://www.guvi.in/courses/professional-development/product-management-interview-preparation,Best Product Management Course Online with Certification | GUVI,Course,4,"and unlock exciting rewards—Amazon vouchers, iPhones, and more. A Win-Win. Explore More Profile Your HCL GUVI profile is your digital portfolio! Track progress, showcase skills, add projects, and build a resume. Keep it updated—opportunities await! Explore More That's It! You Are Ready! You're all set to dive into your learning journey with HCL GUVI. Explore, upskill, and make each step count—exciting possibilities awaits! close Thank you for Reaching us out Our team will reach you out within the next 24 hours. Explore all Programs ✕ Accelerate your Career Product Management Interview preparation Our course will enable you to take a leap in career with product management. Get ready with all the aspects that top companies look for in a product manager by going through this course. The steps & books to follow to hone yourself into an impressive product manager are mentioned well by the author with proficient product knowledge & industrial experience. Explore the potential in you to unlock the career opportunities with product management now Enroll Now Join 5.7k geeks 4.0 5740+ enrolled 3 Hours of Recorded Content 1 Modules with Certifications English Language Only ₹1499 ₹ 2000 25.04 % OFF Enroll Now Professionals from Top Industries Learn",200
https://www.guvi.in/courses/professional-development/product-management-interview-preparation,Best Product Management Course Online with Certification | GUVI,Course,5,"5.7k geeks 4.0 5740+ enrolled 3 Hours of Recorded Content 1 Modules with Certifications English Language Only ₹1499 ₹ 2000 25.04 % OFF Enroll Now Professionals from Top Industries Learn from Us Course Overview Syllabus Course Requirements Certificate Recommended course FAQ Course Overview In this beginner-friendly Product Management Interview Preparation course, you will be able to master many tedious concepts such as Resume Building, applying for jobs, prerequisites of an interview, facing interview challenges, Product Management, Skills required to become a Product Manager, Problem-solving, the must-read books so that you can ace interviews like a pro. Our instructors who are top industry experts and have been hiring managers will also guide you on how you build your resume and LinkedIn so that you can stand out amongst a large pool of candidates. After this course, you will also gain a globally recognized certificate and the skills to navigate the job market efficiently and make impressive conversations so that you can land the job of your dreams. Explore Our Industry-Aligned Curriculum Course Syllabus Expand all Beginner Module Course Requirements Some basic knowledge of Product Management and its interview questions. The urge to ace Product Management interviews and bag the job of",200
https://www.guvi.in/courses/professional-development/product-management-interview-preparation,Best Product Management Course Online with Certification | GUVI,Course,6,"Course Syllabus Expand all Beginner Module Course Requirements Some basic knowledge of Product Management and its interview questions. The urge to ace Product Management interviews and bag the job of your dreams. Accelerate your Career Product Management Interview preparation Enroll Now Real Career Stories Powered By Upskilling "" Previously in IT services, I wanted to upgrade to a new field but didn’t know how. The trust I got from HCL GUVI was enormous; I quit my job and took HCL Guvi Courses. I’ve now been placed as a Data Scientist at AI Enterprise Software India Ltd. I’m feeling blessed and didn’t expect this level of help! "" S Sonia Kola Data scientist "" I wanted to make a career shift to IT, so I joined the HCL Guvi Courses. I interviewed with 10 companies and received 3 offers. I eventually accepted an offer from a product-based company and am currently working as a Software Developer at iQuanti India Pvt. Ltd. "" R Rakesh Software Developer "" My world changed after joining HCL GUVI. The Courses helped me to develop apps from scratch—a vital skill for any developer—and I worked on projects like GooglePay and YouTube clones. I was placed at",200
https://www.guvi.in/courses/professional-development/product-management-interview-preparation,Best Product Management Course Online with Certification | GUVI,Course,7,"joining HCL GUVI. The Courses helped me to develop apps from scratch—a vital skill for any developer—and I worked on projects like GooglePay and YouTube clones. I was placed at a product-based company, Zest Money. If you want to upskill and join a product-based company, I highly recommend the HCL Guvi Courses. "" M Muntha Pawan Kumar Software Developer "" I enrolled in the UI/UX Design course at HCL GUVI to master the art of user-centric design. The course was brilliantly structured, moving from wireframing basics to high-fidelity prototyping and user testing. Learning tools like Figma and working on real-world case studies helped me a lot. "" S Shaik Ahmad Associate Product Manager Awards & Achievements HCL GUVI recognized as the Best Partner - Technology Training by Empire Forums. Awarded by ZEE Digital during ZEE National Achievers Awards 2022. Awarded by ENTREPRENEUR INDIA for having the best online personalized learning programs. HCL GUVI recognized as the ""Best GenAI Training Partner"" by UBS Forums For the most users to take an Artificial Intelligence lesson in 24 hours. HCL GUVI recognized as the ""Best Partner - New Hire Training"" by UBS Forums Broke the Record for most users taking an online computer",200
https://www.guvi.in/courses/professional-development/product-management-interview-preparation,Best Product Management Course Online with Certification | GUVI,Course,8,"Artificial Intelligence lesson in 24 hours. HCL GUVI recognized as the ""Best Partner - New Hire Training"" by UBS Forums Broke the Record for most users taking an online computer programming lesson in 24 Hrs. Certification Industry-recognized Product Management Interview preparation Certificate Certificates are generated after the completion of course. Certificates are globally recognized & they help Enhance your profile. More Courses related to Product Management English 4.4 Mastering Product Thinking: Transform Ideas into Successful Products 4 Hrs 2k+ Enrolled ₹1,499 English 4.2 Product Management Certification Course 5 Hrs 2k+ Enrolled ₹1,499 View all courses Frequently Asked Questions How to prepare for a product management Interview? − To prepare for and ace a product management interview, you should conduct thorough research on the company and the product, practice answering common interview questions, brush up on your technical and analytical skills, and prepare a portfolio of your previous work. Additionally, it's important to showcase your communication, leadership, and problem-solving abilities, as these are key traits for successful product managers. Hence, taking up a comprehensive Product Management Interview course such as this one by GUVI will greatly benefit you as it encompasses all these aspects with added tips and tricks so that",200
https://www.guvi.in/courses/professional-development/product-management-interview-preparation,Best Product Management Course Online with Certification | GUVI,Course,9,up a comprehensive Product Management Interview course such as this one by GUVI will greatly benefit you as it encompasses all these aspects with added tips and tricks so that you can ace your interviews. What is a product management Interview preparation course? + Why choose a product management Interview course from GUVI? + What are the benefits of learning a product management Interview course? + Course Preview Product Management Interview preparation Master n8n AI Agents: Build & Sell AI Agents and Automations Free Sample Videos NOW PLAYING 12:26 Master n8n AI Agents: Build & Sell AI Agents and Automations Module 1 12:26 What is n8n? (Replace Zapier/Make with n8n) Module 2 1:40 4 Key Components of an AI Agent Module 3 8:15 Understanding AI Workflows Module 4 Enroll Now - ₹1499,132
https://www.guvi.in/community/campus-ambassador,HCL GUVI Campus Ambassador Program | Apply Now,Community,0,"HCL GUVI Campus Ambassador Program Apply Now LIVE Classes VLSI Design Programme New IIT Delhi certified AI & Machine Learning New Intel & IIT-M Pravartak certified Data Science IIT-M Pravartak certified Full Stack Development IIT-M Pravartak certified UI/UX Design HCL GUVI certified AI DevOps Program HCL GUVI certified Still Confused? Request a Callback Explore all Programs Courses Practice CodeKata Sharpen your coding skills, prepare for interviews WebKata Build basic frontend & backend development skills SQLKata Master SQL concepts in relational database management FixTheCode A series of programs curated by industry experts IDE - Online Compiler Run & test your code in any programming language Resources Free Resources Referral Success Stories Blogs Learn Hub Get The App Rewards Become an Affiliate Leaderboard What's New? Resume Builder Community Hub Our Products HackerKID Coding classes platform for K-12 children GUVI For Corporates Meet your Hiring & Training Needs Placement Preparation Ace Up your Aptitude Login Sign up Login Sign up LIVE Classes VLSI Design Programme New IIT Delhi certified AI & Machine Learning New Intel & IIT-M Pravartak certified Data Science IIT-M Pravartak certified Full Stack Development IIT-M Pravartak certified UI/UX Design HCL GUVI certified AI DevOps Program HCL GUVI certified Explore all",200
https://www.guvi.in/community/campus-ambassador,HCL GUVI Campus Ambassador Program | Apply Now,Community,1,"New Intel & IIT-M Pravartak certified Data Science IIT-M Pravartak certified Full Stack Development IIT-M Pravartak certified UI/UX Design HCL GUVI certified AI DevOps Program HCL GUVI certified Explore all Programs Courses Practice CodeKata Sharpen your coding skills, prepare for interviews WebKata Build basic frontend & backend development skills SQLKata Master SQL concepts in relational database management FixTheCode A series of programs curated by industry experts IDE - Online Compiler Run & test your code in any programming language Resources Free Resources Referral Success Stories Blogs Learn Hub Get The App Rewards Become an Affiliate Leaderboard What's New? Resume Builder Community Hub Our Products HackerKID Coding classes platform for K-12 children GUVI For Corporates Meet your Hiring & Training Needs Placement Preparation Ace Up your Aptitude Still Confused? Request a Callback Welcome LIVE Classes Courses Practice Platforms Leaderboard Rewards Referral Profile Finish Welcome LIVE Classes Courses Practice Platforms Leaderboard Rewards Referral Profile Finish ✕ Welcome to HCL GUVI Hey there! Welcome to HCL GUVI—Grab Your Vernacular Imprint—where tech learning is easy, fun, and curated specially for you. Incubated by IIT Madras & IIM Ahmedabad in 2014 and now part of HCL Group, we're making quality tech education accessible to all.",200
https://www.guvi.in/community/campus-ambassador,HCL GUVI Campus Ambassador Program | Apply Now,Community,2,"easy, fun, and curated specially for you. Incubated by IIT Madras & IIM Ahmedabad in 2014 and now part of HCL Group, we're making quality tech education accessible to all. Join 3M+ learners breaking barriers and upskilling for a brighter future. We're here to guide you every step of the way! 🚀 LIVE Classes Zen Classes are HCL GUVI's most refined and flagship product—live, expert-led tech programs for beginners and pros. With IITM Pravartak affiliations, master Full-Stack, Data Science, DevOps, UI/UX, and more in multiple languages! Explore More Courses Looking for flexibility? HCL GUVI's 200+ self-paced courses let you learn anytime, anywhere! From free lessons to IIT-M & Autodesk-certified programs, gain in-demand skills in your preferred language. Explore More Practice Platforms Enhance your coding skills with HCL GUVI's Practice Platforms—interactive, structured, and designed to help you master programming effortlessly. CodeKata: A structured coding practice platform with 1500+ coding problems designed by industry experts. Ideal for beginners and professionals preparing for tech interviews with real-world coding challenges. Try Now > WebKata: An interactive platform to master HTML, CSS, JavaScript, and Bootstrap with a live coding environment. Perfect for hands-on web development practice without any setup. Try Now > SQLKata: A practice",200
https://www.guvi.in/community/campus-ambassador,HCL GUVI Campus Ambassador Program | Apply Now,Community,3,"An interactive platform to master HTML, CSS, JavaScript, and Bootstrap with a live coding environment. Perfect for hands-on web development practice without any setup. Try Now > SQLKata: A practice ground for mastering SQL queries used in real-world applications. Write, optimize, and refine your queries to build strong database skills. Try Now > FixTheCode: Hone your bug-fixing skills with real-world debugging challenges in Python, C++, JavaScript, and Golang. More languages coming soon! Try Now > IDE: A free online compiler supporting 20+ programming languages with auto-complete, debugging, and AI-powered code generation—all in the cloud! Try Now > Leaderboard Climb the leaderboard as you earn Geekoins by learning and practicing! The top scorers get featured, making learning competitive and rewarding. Keep going—you could be next! Explore More Rewards Earn Geekoins by watching videos and practicing problems, then redeem them for exciting rewards. The more you engage, the more you win! Explore More Referral Love learning with HCL GUVI? Share it with friends! Invite them using your unique link or code and unlock exciting rewards—Amazon vouchers, iPhones, and more. A Win-Win. Explore More Profile Your HCL GUVI profile is your digital portfolio! Track progress, showcase skills, add projects, and build a resume.",200
https://www.guvi.in/community/campus-ambassador,HCL GUVI Campus Ambassador Program | Apply Now,Community,4,"unlock exciting rewards—Amazon vouchers, iPhones, and more. A Win-Win. Explore More Profile Your HCL GUVI profile is your digital portfolio! Track progress, showcase skills, add projects, and build a resume. Keep it updated—opportunities await! Explore More That's It! You Are Ready! You're all set to dive into your learning journey with HCL GUVI. Explore, upskill, and make each step count—exciting possibilities awaits! close Thank you for Reaching us out Our team will reach you out within the next 24 hours. Explore all Programs ✕ For Every Ambitious Student Be the Face of HCL GUVI in Your Campus Build real-world skills, grow your influence & lead initiatives that matter.Every step earns you recognition, rewards & priority access to internships. Apply Now What is HCL GUVI’s Campus Ambassador Program? The Campus Ambassador Program turns students into leaders who drive innovation on campus. As an ambassador, you’ll run tech-driven initiatives, build influence, and position yourself as the go-to connector between students and industry. Lead today, be remembered tomorrow What is HCL GUVI’s Campus Ambassador Program? The Campus Ambassador Program turns students into leaders who drive innovation on campus. As an ambassador, you’ll run tech-driven initiatives, build influence, and position yourself as the go-to",200
https://www.guvi.in/community/campus-ambassador,HCL GUVI Campus Ambassador Program | Apply Now,Community,5,"Ambassador Program? The Campus Ambassador Program turns students into leaders who drive innovation on campus. As an ambassador, you’ll run tech-driven initiatives, build influence, and position yourself as the go-to connector between students and industry. Lead workshops, challenges and campus-wide activities Grow your network with mentors, professionals and peers Access HCL GUVI’s premium courses with exclusive student benefits Collect certificates, rewards & internship openings that boost your career Perks & Benefits of Being a Campus Ambassador Your role as an ambassador brings more than experience - it gives you credibility, connections and a career head start. As an ambassador, you'll organize and lead diverse activities that create lasting impact on your campus tech community and student career development. Lead with Influence Plan and host campus initiatives that build your presence as a trusted leader. Earn What Matters Earn recognized certificates, premium course access & rewards that add lasting career value. Build Powerful Circles Step into rooms with mentors, experts, and peers who can shape your career path. Skills in Action Grow through hands-on practice in communication, event planning and campus engagement. Stand Out on Campus Carry the title of HCL GUVI’s official representative and make your mark where it counts.",200
https://www.guvi.in/community/campus-ambassador,HCL GUVI Campus Ambassador Program | Apply Now,Community,6,"Grow through hands-on practice in communication, event planning and campus engagement. Stand Out on Campus Carry the title of HCL GUVI’s official representative and make your mark where it counts. Get Started Today Why Join HCL GUVI’s Campus Ambassador Program? Step into a role that builds skills, recognition and career advantages while making impact on your campus. Learning Access Discounted entry to industry courses & certifications designed to upgrade your skills & add weight to your profile. Guidance that Counts Career Advantage Ambassador Rewards Active Student Network Join a thriving community of ambitious peers, exchange knowledge & collaborate on projects that accelerate mutual growth. Pathway to Internships How It Works? Join, promote, lead and earn - a clear path to growth as a campus ambassador Apply Now Get Onboarded Register, finish induction and start representing HCL GUVI on campus. Spread the Word Promote HCL GUVI through events, challenges and campaigns. Lead the Action Host sessions, lead initiatives, and grow visibility as a campus leader. Reap the Rewards Gain certificates, course access, and recognition that strengthen your career. Apply Now Be the Voice That Drives Campus Innovation As an HCL GUVI Campus Ambassador, you’ll organize high-energy workshops, seminars and tech sessions",200
https://www.guvi.in/community/campus-ambassador,HCL GUVI Campus Ambassador Program | Apply Now,Community,7,"access, and recognition that strengthen your career. Apply Now Be the Voice That Drives Campus Innovation As an HCL GUVI Campus Ambassador, you’ll organize high-energy workshops, seminars and tech sessions that shape culture, spark ideas and create lasting impact in your college community. HCL GUVI conducted 2 days hands-on AI workshop in IIT Bombay Techfest in 2024 AKTU AI Tech Confluence - 60+ college participated - 1000+ students IIT Bombay Techfest in 2024 New Prince College AI Workshop Sri Muthukumaran Institute of Technology AI Workshop at AKTU, Lucknow Internships, Guidance, Rewards & Growth - As an HCL GUVI Campus Ambassador Join Now Frequently Asked Questions Placement Perks & Incentives Mentorship & Growth General Will being a HCL GUVI Campus Ambassador help me in placements? Yes! You will gain leadership, event management, and communication skills that are highly valued by recruiters. You’ll also get to showcase your work on LinkedIn and your resume with recognized HCL GUVI certifications. Do top-performing ambassadors get an internship at HCL GUVI? Yes. Top-performing ambassadors are given priority consideration for internships and live projects with HCL GUVI. Can I showcase my ambassador experience on LinkedIn and my resume? Yes, every ambassador will receive a verified certificate",200
https://www.guvi.in/community/campus-ambassador,HCL GUVI Campus Ambassador Program | Apply Now,Community,8,"given priority consideration for internships and live projects with HCL GUVI. Can I showcase my ambassador experience on LinkedIn and my resume? Yes, every ambassador will receive a verified certificate (Gold/Silver/Bronze) and digital badges to highlight on LinkedIn and resumes. Top performers also get a Letter of Recommendation (LoR) from HCL GUVI mentors. Can this help me get a job faster? Definitely. Along with your technical skills, this role gives you a real-world leadership edge that helps you stand out in placements. What rewards do I get as a Campus Ambassador? Rewards include Gold/Silver/Bronze certificates, internship completion certificates, LinkedIn validation, vouchers, HCL GUVI premium course access, exclusive goodies, and access to exclusive events. How does the Gold/Silver/Bronze certificate level work? Based on your performance in events, content creation, referrals, and community engagement, you’ll be certified at one of three levels. This motivates you to aim higher and gain recognition. Will I receive a Letter of Recommendation (LoR)? Yes, top performers receive a personalized LoR from HCL GUVI, along with certificates, to support future career and higher study applications. Are there performance-based rewards or course perks? Yes! High-performing ambassadors receive vouchers, discounts, and access to premium HCL GUVI courses, and priority",200
https://www.guvi.in/community/campus-ambassador,HCL GUVI Campus Ambassador Program | Apply Now,Community,9,"to support future career and higher study applications. Are there performance-based rewards or course perks? Yes! High-performing ambassadors receive vouchers, discounts, and access to premium HCL GUVI courses, and priority invites to GUVI hackathons, workshops, and exclusive HCL experience visits. Will I get mentorship sessions from HCL GUVI experts and industry leaders? Absolutely! Enjoy monthly masterclasses and skill-boosting sessions from HCL GUVI mentors on trending topics to give you the edge for future opportunities. How does this program help improve leadership and communication skills? Ambassadors lead coder clubs, organize hackathons, manage communities, and host events, which naturally build leadership and communication skills. Will I learn event management and community-building skills? Definitely. You’ll organize HCL GUVI Days, hackathons, workshops, and coder club activities - learning real-world event management along the way. Are there tasks or challenges to boost my skills? Absolutely! Each month, you’ll get fun and easy challenges like content creation, event management, quizzes, and mini tasks - designed to fit smoothly around your college schedule. Who can apply for the HCL GUVI Campus Ambassador Program? Any student from any year (1st to final year) and any stream can apply. We welcome both tech and non-tech students with leadership potential.",200
https://www.guvi.in/community/campus-ambassador,HCL GUVI Campus Ambassador Program | Apply Now,Community,10,"the HCL GUVI Campus Ambassador Program? Any student from any year (1st to final year) and any stream can apply. We welcome both tech and non-tech students with leadership potential. What is the duration of the program? The program runs for 1 year, but activities are designed to be flexible and engaging across the duration. How much time commitment is expected every week? Around 3–5 hours per week is enough to complete your ambassador tasks. You can easily balance this with your academics. How will ambassadors be selected - is there an interview process? Yes. The process is: 1️⃣ Fill the application form. 2️⃣ Shortlisting + Zoom/Google Meet interview. 3️⃣ Receive your welcome kit and start your journey. Can students from non-technical backgrounds also apply? Yes! The program values leadership, communication, event management, and creativity just as much as tech. Students from all backgrounds are welcome. ZEN CLASS LIVE CLASS Full Stack Development Data Science Software Development Intel AIML UI/UX DevOps Business Analytics with Digital Marketing All Programs Popular Courses Python - IIT-M Pravartak Certified Java Mobile Hacking C Programming AWS Angular Dark Web All Courses Self-Paced Courses Paid Courses Free Courses Combos Practice Platforms CodeKata WebKata SQLKata FixTheCode IDE",200
https://www.guvi.in/community/campus-ambassador,HCL GUVI Campus Ambassador Program | Apply Now,Community,11,"Python - IIT-M Pravartak Certified Java Mobile Hacking C Programming AWS Angular Dark Web All Courses Self-Paced Courses Paid Courses Free Courses Combos Practice Platforms CodeKata WebKata SQLKata FixTheCode IDE Community Campus Ambassador Industrial visit Products HackerKID Placement Preparation HCL GUVI for Corporates Resources Success Stories Learn Hub Free Resources Blog Web Stories Rewards Refer a friend Become an Affiliate Resume Builder New Company Refund Policy FAQs Contact Us About Us ZEN CLASS LIVE CLASS Full Stack Development Data Science Software Development Intel AIML UI/UX DevOps Business Analytics with Digital Marketing All Programs Popular Courses Python - IIT-M Pravartak Certified Java Mobile Hacking C Programming AWS Angular Dark Web All Courses Self-Paced Courses Paid Courses Free Courses Combos Practice Platforms CodeKata WebKata SQLKata FixTheCode IDE Community Campus Ambassador Industrial visit Products HackerKID Placement Preparation HCL GUVI for Corporates Resources Success Stories Learn Hub Free Resources Blog Web Stories Rewards Refer a friend Become an Affiliate Resume Builder New Company Refund Policy FAQs Contact Us About Us Refer & Earn HCL GUVI (Grab Your Vernacular Imprint) Geek Network Private Limited is a leading online learning and skills development company, incubated by IIT Madras and IIM Ahmedabad. Established in 2014 and acquired",200
https://www.guvi.in/community/campus-ambassador,HCL GUVI Campus Ambassador Program | Apply Now,Community,12,"GUVI (Grab Your Vernacular Imprint) Geek Network Private Limited is a leading online learning and skills development company, incubated by IIT Madras and IIM Ahmedabad. Established in 2014 and acquired by the HCL Group in 2022, HCL GUVI is dedicated to providing effective and high-quality learning and skilling programs that transcend language barriers in technology education. HCL GUVI today is trusted by over 4.8 million users, 20 languages and 2500+ corporate partners. Refer & Earn Follow us on Follow us on HCL GUVI (Grab Your Vernacular Imprint) Geek Network Private Limited is a leading online learning and skills development company, incubated by IIT Madras and IIM Ahmedabad. Established in 2014 and acquired by the HCL Group in 2022, HCL GUVI is dedicated to providing effective and high-quality learning and skilling programs that transcend language barriers in technology education. HCL GUVI today is trusted by over 4.8 million users, 20 languages and 2500+ corporate partners. Follow us on Refer & Earn Terms and Conditions Privacy Policy HCL GUVI Geek Network Pvt. Ltd. Terms and Conditions Privacy Policy HCL GUVI Geek Network Pvt. Ltd.",182
https://www.guvi.in/hub,Learn Hub | Free Programming Guides & Tutorials | HCL GUVI,Other,0,"Learn Hub Free Programming Guides & Tutorials HCL GUVI LIVE Classes VLSI Design Programme New IIT Delhi certified AI & Machine Learning New Intel & IIT-M Pravartak certified Data Science IIT-M Pravartak certified Full Stack Development IIT-M Pravartak certified UI/UX Design HCL GUVI certified AI DevOps Program HCL GUVI certified Still Confused? Request a Callback Explore all Programs Courses Practice CodeKata Sharpen your coding skills, prepare for interviews WebKata Build basic frontend & backend development skills SQLKata Master SQL concepts in relational database management FixTheCode A series of programs curated by industry experts IDE - Online Compiler Run & test your code in any programming language Resources Free Resources Referral Success Stories Blogs Learn Hub Get The App Rewards Become an Affiliate Leaderboard What's New? Resume Builder Community Hub Our Products HackerKID Coding classes platform for K-12 children GUVI For Corporates Meet your Hiring & Training Needs Placement Preparation Ace Up your Aptitude Login Sign up Login Sign up LIVE Classes VLSI Design Programme New IIT Delhi certified AI & Machine Learning New Intel & IIT-M Pravartak certified Data Science IIT-M Pravartak certified Full Stack Development IIT-M Pravartak certified UI/UX Design HCL GUVI certified AI DevOps Program HCL GUVI certified",200
https://www.guvi.in/hub,Learn Hub | Free Programming Guides & Tutorials | HCL GUVI,Other,1,"Machine Learning New Intel & IIT-M Pravartak certified Data Science IIT-M Pravartak certified Full Stack Development IIT-M Pravartak certified UI/UX Design HCL GUVI certified AI DevOps Program HCL GUVI certified Explore all Programs Courses Practice CodeKata Sharpen your coding skills, prepare for interviews WebKata Build basic frontend & backend development skills SQLKata Master SQL concepts in relational database management FixTheCode A series of programs curated by industry experts IDE - Online Compiler Run & test your code in any programming language Resources Free Resources Referral Success Stories Blogs Learn Hub Get The App Rewards Become an Affiliate Leaderboard What's New? Resume Builder Community Hub Our Products HackerKID Coding classes platform for K-12 children GUVI For Corporates Meet your Hiring & Training Needs Placement Preparation Ace Up your Aptitude Still Confused? Request a Callback Welcome LIVE Classes Courses Practice Platforms Leaderboard Rewards Referral Profile Finish Welcome LIVE Classes Courses Practice Platforms Leaderboard Rewards Referral Profile Finish ✕ Welcome to HCL GUVI Hey there! Welcome to HCL GUVI—Grab Your Vernacular Imprint—where tech learning is easy, fun, and curated specially for you. Incubated by IIT Madras & IIM Ahmedabad in 2014 and now part of HCL Group, we're making quality tech education accessible",200
https://www.guvi.in/hub,Learn Hub | Free Programming Guides & Tutorials | HCL GUVI,Other,2,"learning is easy, fun, and curated specially for you. Incubated by IIT Madras & IIM Ahmedabad in 2014 and now part of HCL Group, we're making quality tech education accessible to all. Join 3M+ learners breaking barriers and upskilling for a brighter future. We're here to guide you every step of the way! 🚀 LIVE Classes Zen Classes are HCL GUVI's most refined and flagship product—live, expert-led tech programs for beginners and pros. With IITM Pravartak affiliations, master Full-Stack, Data Science, DevOps, UI/UX, and more in multiple languages! Explore More Courses Looking for flexibility? HCL GUVI's 200+ self-paced courses let you learn anytime, anywhere! From free lessons to IIT-M & Autodesk-certified programs, gain in-demand skills in your preferred language. Explore More Practice Platforms Enhance your coding skills with HCL GUVI's Practice Platforms—interactive, structured, and designed to help you master programming effortlessly. CodeKata: A structured coding practice platform with 1500+ coding problems designed by industry experts. Ideal for beginners and professionals preparing for tech interviews with real-world coding challenges. Try Now > WebKata: An interactive platform to master HTML, CSS, JavaScript, and Bootstrap with a live coding environment. Perfect for hands-on web development practice without any setup. Try Now > SQLKata:",200
https://www.guvi.in/hub,Learn Hub | Free Programming Guides & Tutorials | HCL GUVI,Other,3,"> WebKata: An interactive platform to master HTML, CSS, JavaScript, and Bootstrap with a live coding environment. Perfect for hands-on web development practice without any setup. Try Now > SQLKata: A practice ground for mastering SQL queries used in real-world applications. Write, optimize, and refine your queries to build strong database skills. Try Now > FixTheCode: Hone your bug-fixing skills with real-world debugging challenges in Python, C++, JavaScript, and Golang. More languages coming soon! Try Now > IDE: A free online compiler supporting 20+ programming languages with auto-complete, debugging, and AI-powered code generation—all in the cloud! Try Now > Leaderboard Climb the leaderboard as you earn Geekoins by learning and practicing! The top scorers get featured, making learning competitive and rewarding. Keep going—you could be next! Explore More Rewards Earn Geekoins by watching videos and practicing problems, then redeem them for exciting rewards. The more you engage, the more you win! Explore More Referral Love learning with HCL GUVI? Share it with friends! Invite them using your unique link or code and unlock exciting rewards—Amazon vouchers, iPhones, and more. A Win-Win. Explore More Profile Your HCL GUVI profile is your digital portfolio! Track progress, showcase skills, add projects, and build",200
https://www.guvi.in/hub,Learn Hub | Free Programming Guides & Tutorials | HCL GUVI,Other,4,"code and unlock exciting rewards—Amazon vouchers, iPhones, and more. A Win-Win. Explore More Profile Your HCL GUVI profile is your digital portfolio! Track progress, showcase skills, add projects, and build a resume. Keep it updated—opportunities await! Explore More That's It! You Are Ready! You're all set to dive into your learning journey with HCL GUVI. Explore, upskill, and make each step count—exciting possibilities awaits! close Thank you for Reaching us out Our team will reach you out within the next 24 hours. Explore all Programs ✕ LearnHub Your Gateway to Programming, Tech Tutorials & Real Projects HCL GUVI's Learn Hub is a structured collection of free programming tutorials and technology guides designed to help learners build practical coding skills across modern tech domains. 1000+ handbooks 4.8 million learners Handbooks Go through the transcript of course videos, available for free reading, and upskill yourself on trending subjects. All Handbooks 78 handbooks found C++ Handbook Level up your programming skills with our C++ Tutorials hub, guiding you from beginner to advanced. Start your journey now! English 6326 16 Modules Learn more details Python Basics Handbook Level up your programming skills with our Python Tutorials hub, guiding you from beginner to advanced. Start",200
https://www.guvi.in/hub,Learn Hub | Free Programming Guides & Tutorials | HCL GUVI,Other,5,"your journey now! English 6326 16 Modules Learn more details Python Basics Handbook Level up your programming skills with our Python Tutorials hub, guiding you from beginner to advanced. Start your journey now! English 7702 11 Modules Learn more details Javascript Handbook Level up your programming skills with our JavaScript Tutorials hub, guiding you from beginner to advanced. Start your journey now! English 6242 8 Modules Learn more details ReactJS Projects Handbook Learn ReactJS by building projects that mirror real-world applications. Strengthen your skills with step-by-step guidance and hands-on coding experience. English 47 27 Modules Learn more details Computer Networks Tutorial A complete guide to computer networking, from fundamentals to protocols, routing, addressing, and real-world data communication. English 75 12 Modules Learn more details Operating System Tutorial Your complete guide to Operating Systems, from fundamentals to advanced topics like memory management, scheduling, threads, and deadlock handling. English 57 4 Modules Learn more details 1 2 3 4... 13 Articles Be up-to-date with exciting news, hacks and explanations of new emerging technologies in the industry. View All Career Opportunities for Full Stack Development Are you someone who loves coding and designing, and dreams of creating cool digital stuff? Ever wondered what",200
https://www.guvi.in/hub,Learn Hub | Free Programming Guides & Tutorials | HCL GUVI,Other,6,"technologies in the industry. View All Career Opportunities for Full Stack Development Are you someone who loves coding and designing, and dreams of creating cool digital stuff? Ever wondered what awesome job opportunities are waiting for you in the field of Full Stack Development? Read more details Roles & Responsibilities of Full Stack Developers Do you want to become a full stack developer? If yes, you must definitely know how to get into it, full stack developer roles and responsibilities... Read more details Salary of a Full Stack Developer in India in 2023 Are you passionate about technology and fascinated by the world of software development? If so, you might have considered pursuing a career as a Full Stack Developer. Read more details Career Opportunities for DevOps Engineers Have you ever felt confused when you decided to set up your career path for DevOps engineers? This happens to almost every one of them out there because... Read more details View All ZEN CLASS LIVE CLASS Full Stack Development Data Science Software Development Intel AIML UI/UX DevOps Business Analytics with Digital Marketing All Programs Popular Courses Python - IIT-M Pravartak Certified Java Mobile Hacking C Programming AWS Angular Dark Web All",200
https://www.guvi.in/hub,Learn Hub | Free Programming Guides & Tutorials | HCL GUVI,Other,7,Software Development Intel AIML UI/UX DevOps Business Analytics with Digital Marketing All Programs Popular Courses Python - IIT-M Pravartak Certified Java Mobile Hacking C Programming AWS Angular Dark Web All Courses Self-Paced Courses Paid Courses Free Courses Combos Practice Platforms CodeKata WebKata SQLKata FixTheCode IDE Community Campus Ambassador Industrial visit Products HackerKID Placement Preparation HCL GUVI for Corporates Resources Success Stories Learn Hub Free Resources Blog Web Stories Rewards Refer a friend Become an Affiliate Resume Builder New Company Refund Policy FAQs Contact Us About Us ZEN CLASS LIVE CLASS Full Stack Development Data Science Software Development Intel AIML UI/UX DevOps Business Analytics with Digital Marketing All Programs Popular Courses Python - IIT-M Pravartak Certified Java Mobile Hacking C Programming AWS Angular Dark Web All Courses Self-Paced Courses Paid Courses Free Courses Combos Practice Platforms CodeKata WebKata SQLKata FixTheCode IDE Community Campus Ambassador Industrial visit Products HackerKID Placement Preparation HCL GUVI for Corporates Resources Success Stories Learn Hub Free Resources Blog Web Stories Rewards Refer a friend Become an Affiliate Resume Builder New Company Refund Policy FAQs Contact Us About Us Refer & Earn HCL GUVI (Grab Your Vernacular Imprint) Geek Network Private Limited is a leading online learning and,200
https://www.guvi.in/hub,Learn Hub | Free Programming Guides & Tutorials | HCL GUVI,Other,8,"Resume Builder New Company Refund Policy FAQs Contact Us About Us Refer & Earn HCL GUVI (Grab Your Vernacular Imprint) Geek Network Private Limited is a leading online learning and skills development company, incubated by IIT Madras and IIM Ahmedabad. Established in 2014 and acquired by the HCL Group in 2022, HCL GUVI is dedicated to providing effective and high-quality learning and skilling programs that transcend language barriers in technology education. HCL GUVI today is trusted by over 4.8 million users, 20 languages and 2500+ corporate partners. Refer & Earn Follow us on Follow us on HCL GUVI (Grab Your Vernacular Imprint) Geek Network Private Limited is a leading online learning and skills development company, incubated by IIT Madras and IIM Ahmedabad. Established in 2014 and acquired by the HCL Group in 2022, HCL GUVI is dedicated to providing effective and high-quality learning and skilling programs that transcend language barriers in technology education. HCL GUVI today is trusted by over 4.8 million users, 20 languages and 2500+ corporate partners. Follow us on Refer & Earn Terms and Conditions Privacy Policy HCL GUVI Geek Network Pvt. Ltd. Terms and Conditions Privacy Policy HCL GUVI Geek Network Pvt. Ltd.",197
https://www.guvi.in/skill-assessment,HCL GUVI Skill Assessment | Evaluate Your Career-Ready Skills Online,Assessment,0,"HCL GUVI Skill Assessment Evaluate Your Career-Ready Skills Online PERSONALIZED FOR YOU We Support Your Skill gr wth That Truly Set You Apart. Take this free skill assessment, specific to your choice of domain (SDE or Intel AIML), to get instant insights into your strengths, weaknesses, and the best path to upskill. 15 Questions 15 Mins Time Start Assessment Don't miss it! Just 15 Minutes can define your next career move. Why Take the Skill Assessment? Taking a skill assessment is the smartest first step in your learning and career journey. Here’s why it matters: Identify Your Strengths Know exactly what you’re good at and how to leverage it. Spot Improvement Areas Get clarity on the skills you need to work on. Boost Confidences Understand your true potential before diving into upskilling. Unlock Exclusive Rewards! Complete your skill assessment and grab a special discount on your program pricing Save Time & Effort Focus only on what you need to learn instead of guessing. Our Assessment Courses Each course is crafted to help you discover your strengths, overcome gaps, and enhance your career prospects. 15 Mins 15 Qns ₹7500 Off Software Development Engineering Start Assessment 15 Mins 15 Qns ₹7500 Off",200
https://www.guvi.in/skill-assessment,HCL GUVI Skill Assessment | Evaluate Your Career-Ready Skills Online,Assessment,1,"to help you discover your strengths, overcome gaps, and enhance your career prospects. 15 Mins 15 Qns ₹7500 Off Software Development Engineering Start Assessment 15 Mins 15 Qns ₹7500 Off Intel Artificial Intelligence and Machine Learning Start Assessment 15 Mins 15 Qns ₹7500 Off Data Scientist with IIT-M Pravartak Certification Start Assessment 15 Mins 15 Qns ₹7500 Off Artificial Intelligence and Machine Learning Course Start Assessment 15 Mins 15 Qns ₹7500 Off Business and Marketing Analytics with AI Tools Start Assessment 15 Mins 15 Qns ₹7500 Off MERN Full Stack Developer Program with AI Integration Start Assessment 15 Mins 15 Qns ₹7500 Off Advanced DevOps & Cloud Engineering Program Start Assessment Highlights of the Assessment This Skill Assessment is designed to be quick, insightful, and rewarding. Here's what makes it stand out: Quick & Easy Only 15 questions, completed in 15 Minutes. Exclusive Rewards Unlock special discounts to continue your upskilling journey. Personalized Insights Identify strengths, weaknesses, and areas for growth. Lifelong Credibility Carry a mark of excellence that supports your career growth. Trusted by Employers Enhance your chances of securing high-demand job roles. Learning Roadmap Unlock guided learning paths and course recommendations to strengthen your skills. How To Get",200
https://www.guvi.in/skill-assessment,HCL GUVI Skill Assessment | Evaluate Your Career-Ready Skills Online,Assessment,2,"your career growth. Trusted by Employers Enhance your chances of securing high-demand job roles. Learning Roadmap Unlock guided learning paths and course recommendations to strengthen your skills. How To Get Started Onboarding takes just a few Minutes. Take your personalized skill test, and unlock rewards that guide you toward your career path. 01 Choose your Interest Select the area of interest you’d like to explore. 02 Take your Assessment Answer 15 quick questions in just 15 Minutes. 03 View Your Results Instantly see your personalized score and insights. 04 Win ₹7500 Discount Redeem your discount and explore our premium upskilling courses today! Here’s What You’ll Gain By completing this quick skill assessment, you not only discover your strengths and areas to improve but also unlock exclusive rewards that add value to your learning journey. Don’t Wait to Find Out! Take the free assessment and get instant insights to shape your career path. Take the Test Now Frequently Asked Questions What is this Skill Assessment about? This is a quick skill check designed to test your knowledge with 15 questions in just 15 Minutes. It helps you identify your strengths, areas for improvement, and the right path to upskill. Is this",200
https://www.guvi.in/skill-assessment,HCL GUVI Skill Assessment | Evaluate Your Career-Ready Skills Online,Assessment,3,"check designed to test your knowledge with 15 questions in just 15 Minutes. It helps you identify your strengths, areas for improvement, and the right path to upskill. Is this assessment free? Absolutely. The skill assessment is completely free of cost, and you'll also unlock exclusive discount of ₹7500 for HCL GUVI's upskilling courses. Who can take this assessment? This assessment is open to students, freshers, and working professionals interested in Software Development or Artifical Intelligence. No prior coding experience is required to participate. How will this help my career? The assessment provides personalized insights into your skill level and recommended learning paths, increasing your chances of landing in-demand job roles.",111
https://www.guvi.in/courses/business-and-management/sap-s4-hana,Best SAP S/4 HANA Course Online with Certification | GUVI,Course,0,"Best SAP S/4 HANA Course Online with Certification GUVI LIVE Classes VLSI Design Programme New IIT Delhi certified AI & Machine Learning New Intel & IIT-M Pravartak certified Data Science IIT-M Pravartak certified Full Stack Development IIT-M Pravartak certified UI/UX Design HCL GUVI certified AI DevOps Program HCL GUVI certified Still Confused? Request a Callback Explore all Programs Courses Practice CodeKata Sharpen your coding skills, prepare for interviews WebKata Build basic frontend & backend development skills SQLKata Master SQL concepts in relational database management FixTheCode A series of programs curated by industry experts IDE - Online Compiler Run & test your code in any programming language Resources Free Resources Referral Success Stories Blogs Learn Hub Get The App Rewards Become an Affiliate Leaderboard What's New? Resume Builder Community Hub Our Products HackerKID Coding classes platform for K-12 children GUVI For Corporates Meet your Hiring & Training Needs Placement Preparation Ace Up your Aptitude Login Sign up Login Sign up LIVE Classes VLSI Design Programme New IIT Delhi certified AI & Machine Learning New Intel & IIT-M Pravartak certified Data Science IIT-M Pravartak certified Full Stack Development IIT-M Pravartak certified UI/UX Design HCL GUVI certified AI DevOps Program HCL GUVI certified",200
https://www.guvi.in/courses/business-and-management/sap-s4-hana,Best SAP S/4 HANA Course Online with Certification | GUVI,Course,1,"Machine Learning New Intel & IIT-M Pravartak certified Data Science IIT-M Pravartak certified Full Stack Development IIT-M Pravartak certified UI/UX Design HCL GUVI certified AI DevOps Program HCL GUVI certified Explore all Programs Courses Practice CodeKata Sharpen your coding skills, prepare for interviews WebKata Build basic frontend & backend development skills SQLKata Master SQL concepts in relational database management FixTheCode A series of programs curated by industry experts IDE - Online Compiler Run & test your code in any programming language Resources Free Resources Referral Success Stories Blogs Learn Hub Get The App Rewards Become an Affiliate Leaderboard What's New? Resume Builder Community Hub Our Products HackerKID Coding classes platform for K-12 children GUVI For Corporates Meet your Hiring & Training Needs Placement Preparation Ace Up your Aptitude Still Confused? Request a Callback Welcome LIVE Classes Courses Practice Platforms Leaderboard Rewards Referral Profile Finish Welcome LIVE Classes Courses Practice Platforms Leaderboard Rewards Referral Profile Finish ✕ Welcome to HCL GUVI Hey there! Welcome to HCL GUVI—Grab Your Vernacular Imprint—where tech learning is easy, fun, and curated specially for you. Incubated by IIT Madras & IIM Ahmedabad in 2014 and now part of HCL Group, we're making quality tech education accessible",200
https://www.guvi.in/courses/business-and-management/sap-s4-hana,Best SAP S/4 HANA Course Online with Certification | GUVI,Course,2,"learning is easy, fun, and curated specially for you. Incubated by IIT Madras & IIM Ahmedabad in 2014 and now part of HCL Group, we're making quality tech education accessible to all. Join 3M+ learners breaking barriers and upskilling for a brighter future. We're here to guide you every step of the way! 🚀 LIVE Classes Zen Classes are HCL GUVI's most refined and flagship product—live, expert-led tech programs for beginners and pros. With IITM Pravartak affiliations, master Full-Stack, Data Science, DevOps, UI/UX, and more in multiple languages! Explore More Courses Looking for flexibility? HCL GUVI's 200+ self-paced courses let you learn anytime, anywhere! From free lessons to IIT-M & Autodesk-certified programs, gain in-demand skills in your preferred language. Explore More Practice Platforms Enhance your coding skills with HCL GUVI's Practice Platforms—interactive, structured, and designed to help you master programming effortlessly. CodeKata: A structured coding practice platform with 1500+ coding problems designed by industry experts. Ideal for beginners and professionals preparing for tech interviews with real-world coding challenges. Try Now > WebKata: An interactive platform to master HTML, CSS, JavaScript, and Bootstrap with a live coding environment. Perfect for hands-on web development practice without any setup. Try Now > SQLKata:",200
https://www.guvi.in/courses/business-and-management/sap-s4-hana,Best SAP S/4 HANA Course Online with Certification | GUVI,Course,3,"> WebKata: An interactive platform to master HTML, CSS, JavaScript, and Bootstrap with a live coding environment. Perfect for hands-on web development practice without any setup. Try Now > SQLKata: A practice ground for mastering SQL queries used in real-world applications. Write, optimize, and refine your queries to build strong database skills. Try Now > FixTheCode: Hone your bug-fixing skills with real-world debugging challenges in Python, C++, JavaScript, and Golang. More languages coming soon! Try Now > IDE: A free online compiler supporting 20+ programming languages with auto-complete, debugging, and AI-powered code generation—all in the cloud! Try Now > Leaderboard Climb the leaderboard as you earn Geekoins by learning and practicing! The top scorers get featured, making learning competitive and rewarding. Keep going—you could be next! Explore More Rewards Earn Geekoins by watching videos and practicing problems, then redeem them for exciting rewards. The more you engage, the more you win! Explore More Referral Love learning with HCL GUVI? Share it with friends! Invite them using your unique link or code and unlock exciting rewards—Amazon vouchers, iPhones, and more. A Win-Win. Explore More Profile Your HCL GUVI profile is your digital portfolio! Track progress, showcase skills, add projects, and build",200
https://www.guvi.in/courses/business-and-management/sap-s4-hana,Best SAP S/4 HANA Course Online with Certification | GUVI,Course,4,"code and unlock exciting rewards—Amazon vouchers, iPhones, and more. A Win-Win. Explore More Profile Your HCL GUVI profile is your digital portfolio! Track progress, showcase skills, add projects, and build a resume. Keep it updated—opportunities await! Explore More That's It! You Are Ready! You're all set to dive into your learning journey with HCL GUVI. Explore, upskill, and make each step count—exciting possibilities awaits! close Thank you for Reaching us out Our team will reach you out within the next 24 hours. Explore all Programs ✕ Accelerate your Career SAP S/4 HANA Master SAP S/4 HANA with this flexible, self-paced course! Explore the fundamentals and advanced features of this powerful ERP system. Build practical expertise through interactive modules and reinforce your learning with module-end quizzes to confidently apply your skills in real-world scenarios. Enroll Now Join 2.0k geeks 4.4 2000+ enrolled 3 Hours of Recorded Content 4 Modules with Certifications English Language Only ₹1499 ₹ 2000 25.06 % OFF Enroll Now Professionals from Top Industries Learn from Us Course Overview Syllabus Course Requirements Certificate Recommended course FAQ Course Overview This SAP S/4 HANA course offers a step-by-step journey into SAP S/4 HANA, designed for self-paced learning. Beginning with a detailed",200
https://www.guvi.in/courses/business-and-management/sap-s4-hana,Best SAP S/4 HANA Course Online with Certification | GUVI,Course,5,"Syllabus Course Requirements Certificate Recommended course FAQ Course Overview This SAP S/4 HANA course offers a step-by-step journey into SAP S/4 HANA, designed for self-paced learning. Beginning with a detailed introduction to SAP S/4 HANA’s architecture and features, you’ll explore the SAP Fiori Launchpad, types of Fiori applications, and the Fiori Apps Library. The course covers critical topics like creating transport requests, managing Business Partner roles, material master changes, and the Procure-to-Pay cycle using Fiori applications. Each module includes quizzes to reinforce your learning, ensuring you grasp key concepts. By the end of the course, you’ll have the skills and confidence to implement and manage SAP S/4 HANA in real-world business scenarios. Explore Our Industry-Aligned Curriculum Course Syllabus Expand all Beginner Module 29m total length Intermediate Module 46m total length Advanced Module 39m total length Expert Module 49m total length Course Requirements Basic understanding of ERP systems is helpful but not mandatory. Enthusiasm to learn SAP S/4 HANA fundamentals and advanced features. Accelerate your Career SAP S/4 HANA Enroll Now Real Career Stories Powered By Upskilling "" Previously in IT services, I wanted to upgrade to a new field but didn’t know how. The trust I got from HCL GUVI",200
https://www.guvi.in/courses/business-and-management/sap-s4-hana,Best SAP S/4 HANA Course Online with Certification | GUVI,Course,6,"Real Career Stories Powered By Upskilling "" Previously in IT services, I wanted to upgrade to a new field but didn’t know how. The trust I got from HCL GUVI was enormous; I quit my job and took HCL Guvi Courses. I’ve now been placed as a Data Scientist at AI Enterprise Software India Ltd. I’m feeling blessed and didn’t expect this level of help! "" S Sonia Kola Data scientist "" I wanted to make a career shift to IT, so I joined the HCL Guvi Courses. I interviewed with 10 companies and received 3 offers. I eventually accepted an offer from a product-based company and am currently working as a Software Developer at iQuanti India Pvt. Ltd. "" R Rakesh Software Developer "" My world changed after joining HCL GUVI. The Courses helped me to develop apps from scratch—a vital skill for any developer—and I worked on projects like GooglePay and YouTube clones. I was placed at a product-based company, Zest Money. If you want to upskill and join a product-based company, I highly recommend the HCL Guvi Courses. "" M Muntha Pawan Kumar Software Developer "" I enrolled in the UI/UX Design course at HCL GUVI to",200
https://www.guvi.in/courses/business-and-management/sap-s4-hana,Best SAP S/4 HANA Course Online with Certification | GUVI,Course,7,"join a product-based company, I highly recommend the HCL Guvi Courses. "" M Muntha Pawan Kumar Software Developer "" I enrolled in the UI/UX Design course at HCL GUVI to master the art of user-centric design. The course was brilliantly structured, moving from wireframing basics to high-fidelity prototyping and user testing. Learning tools like Figma and working on real-world case studies helped me a lot. "" S Shaik Ahmad Associate Product Manager Awards & Achievements HCL GUVI recognized as the Best Partner - Technology Training by Empire Forums. Awarded by ZEE Digital during ZEE National Achievers Awards 2022. Awarded by ENTREPRENEUR INDIA for having the best online personalized learning programs. HCL GUVI recognized as the ""Best GenAI Training Partner"" by UBS Forums For the most users to take an Artificial Intelligence lesson in 24 hours. HCL GUVI recognized as the ""Best Partner - New Hire Training"" by UBS Forums Broke the Record for most users taking an online computer programming lesson in 24 Hrs. Certification Industry-recognized SAP S/4 HANA Certificate Certificates are generated after the completion of course. Certificates are globally recognized & they help Enhance your profile. More Courses related to Business and Management English 4.6 Business Intelligence Analyst",200
https://www.guvi.in/courses/business-and-management/sap-s4-hana,Best SAP S/4 HANA Course Online with Certification | GUVI,Course,8,"Certificates are generated after the completion of course. Certificates are globally recognized & they help Enhance your profile. More Courses related to Business and Management English 4.6 Business Intelligence Analyst 6 Hrs 2k+ Enrolled ₹1,499 English 4.8 Business Finance 5 Hrs 2k+ Enrolled ₹1,499 English 4.3 Business Communication 13 Hrs 2k+ Enrolled ₹2,499 English 5.0 Salesforce Course - Complete CRM & Cloud Training 6 Hrs 2k+ Enrolled ₹1,499 English 4.8 Corporate Financial Analyst 10 Hrs 2k+ Enrolled ₹2,499 English 5.0 Design Thinking 4 Hrs 2k+ Enrolled ₹1,499 English 5.0 Six Sigma 22 Hrs 2k+ Enrolled ₹2,499 View all courses Frequently Asked Questions What is SAP S/4 HANA? − SAP S/4 HANA is a next-generation ERP software that integrates core business processes using real-time analytics on an in-memory database for enhanced performance and decision-making. Is SAP S/4 HANA difficult? + Which SAP S/4 HANA course is best? + How long will it take to learn SAP S/4 HANA? + Is SAP S/4 HANA a good career? + Is SAP S/4 HANA in demand? + Course Preview SAP S/4 HANA Master n8n AI Agents: Build & Sell AI Agents and Automations Free Sample Videos NOW PLAYING 12:26 Master n8n AI Agents: Build",200
https://www.guvi.in/courses/business-and-management/sap-s4-hana,Best SAP S/4 HANA Course Online with Certification | GUVI,Course,9,in demand? + Course Preview SAP S/4 HANA Master n8n AI Agents: Build & Sell AI Agents and Automations Free Sample Videos NOW PLAYING 12:26 Master n8n AI Agents: Build & Sell AI Agents and Automations Module 1 12:26 What is n8n? (Replace Zapier/Make with n8n) Module 2 1:40 4 Key Components of an AI Agent Module 3 8:15 Understanding AI Workflows Module 4 Enroll Now - ₹1499,68
https://www.guvi.in/zen-class/iim-indore-product-management,IIM Indore Product Management Program | HCL GUVI,Live Program,0,"IIM Indore Product Management Program HCL GUVI Certificate Programme in Product Management by IIM Indore (Batch - 01) Advance into strategic product leadership with IIM Indore’s 8-month Certificate Programme (CP PM). Develop the skills and confidence to build, launch, and scale products that drive growth and innovation in today’s AI-powered economy. Live Online + Campus Immersion Claim Your Spot Download Brochure Why This Programme Stands Apart Ranked #3 Best B-School in Central Asia (Eduniversal Rankings 2024) Earn IIM Indore Certification & Alumni Status Gain Full Hands-On Exposure With ‘Bring Your Own Project’ Component Master Analytics, AI & Product Design Experience 8 Months of Structured Learning With IIM Indore faculty Network at a 3-Day Campus Immersion 2M+ Total Learners 190+ Total Mentors 2M+ Total Learners 190+ Total Mentors 2M+ Total Learners 10M+ Lines of code submission 1600+ Videos 2M+ Total Learners 190+ Total Mentors 2M+ Total Learners Accredited by Limited Time Offer! Buy Now! About IIM Indore Established in 1996, the Indian Institute of Management Indore is an autonomous institution of national importance under the Government of India. Over the years, IIM Indore has earned recognition as one of India’s leading management institutions through academic rigor, impactful research, and strong industry",200
https://www.guvi.in/zen-class/iim-indore-product-management,IIM Indore Product Management Program | HCL GUVI,Live Program,1,"national importance under the Government of India. Over the years, IIM Indore has earned recognition as one of India’s leading management institutions through academic rigor, impactful research, and strong industry engagement, shaping leaders who contribute meaningfully to business and society. Global Recognition & Rankings Recognised as a leading business school in India and globally, IIM Indore holds prestigious international accreditations and consistently ranks among top management institutions worldwide. Who Should Enroll in this Programme? Aspiring Product Managers Professionals looking to transition into structured, strategic product management roles. Working Professionals Across Functions Engineers, analysts, consultants, and managers seeking end-to-end product leadership capability. Business & Strategy Professionals Individuals aiming to strengthen market analysis, pricing, GTM, and growth strategy skills. Mid-Level Professionals Seeking Leadership Growth Professionals ready to move from execution roles to product ownership and decision-making. Explore the Complete Curriculum Go beyond theory and examine the frameworks, tools, and applied learning that shape strategic product leaders. Download Brochure Eligibility & Admission Eligibility Criteria Hold a Diploma (10+2+3), Graduate, or Postgraduate degree from a university recognised by the Association of Indian Universities Secure at least 50% marks in Diploma, Graduation, or Post-Graduation Have a minimum of two years of full-time post-graduate work experience",200
https://www.guvi.in/zen-class/iim-indore-product-management,IIM Indore Product Management Program | HCL GUVI,Live Program,2,"a university recognised by the Association of Indian Universities Secure at least 50% marks in Diploma, Graduation, or Post-Graduation Have a minimum of two years of full-time post-graduate work experience (Internships and trainee roles are not considered full-time experience) Admission Criteria Applicants must meet IIM Indore’s eligibility and selection requirements at the time of admission. Participants are expected to attend all sessions of a given course. However, Participants may take leave on account of emergencies, subject to the approval of the Programme Coordinator. A minimum attendance requirement of 75% will be considered for final grading. For attendance below 75%, a grade cut will be applied as per the norms. Comprehensive Programme Curriculum Explore a structured curriculum that builds product strategy, innovation capability, and AI-integrated decision-making across the complete product lifecycle. Module 1 Introduction to Product Management Understanding the Product Life Cycle Key Product Roles and Responsibilities Success Drivers in Product Management Basics of Consumer Research Data-Driven Storytelling in Decision-Making Module 5 Product Pricing Strategies Introduction to Pricing from the Consumer's Viewpoint The Concept of Reference Price Role of Costs and Value in Pricing Decisions Aligning Strategic Goals with Pricing Managing Price Wars and Ethics in Pricing Module 2 Market Analysis",200
https://www.guvi.in/zen-class/iim-indore-product-management,IIM Indore Product Management Program | HCL GUVI,Live Program,3,"Viewpoint The Concept of Reference Price Role of Costs and Value in Pricing Decisions Aligning Strategic Goals with Pricing Managing Price Wars and Ethics in Pricing Module 2 Market Analysis Understand markets, identify opportunities, and shape strategic positioning. Market Segmentation and Introduction to Positioning Target Market Selection Preliminary Business Model Canvas Business Model / Plan Analysis Module 6 Sales Strategies Tapping Rural Markets with New Products B2B Product Management Qualitative Marketing Research Beta Programs, Customer Acquisition, and Retention Strategies Module 3 Product Ideation and Validation Concepts of Innovation Innovation Capabilities and Strategies Idea Generation and Validation Techniques Concept Generation and Testing Business Model Canvas and Plan Analysis Module 7 Product Distribution and Support Product Packaging and Brand Presentation Product Distribution and Launch Planning Market Testing and Post-Launch Support B2B Product Management in Distribution Module 4 Go-To-Market (GTM) Strategies GTM 101: Principles and Frameworks Product-Market Strategy Development Brand Strategy and Positioning Product Sales Strategy and Lead Generation Product-Service Strategy Neuromarketing Applications in Product Management Module 8 Digital Transformation and Artificial Intelligence Use of Data Analytics and Machine Learning in Digital Transformation Generative Artificial Intelligence Applications of gen-AI tools (ChatGPT, Gemini, Grok, DeepSeek, Perplexity, and Claude) Prompt Engineering Agentic Artificial Intelligence and",200
https://www.guvi.in/zen-class/iim-indore-product-management,IIM Indore Product Management Program | HCL GUVI,Live Program,4,"Use of Data Analytics and Machine Learning in Digital Transformation Generative Artificial Intelligence Applications of gen-AI tools (ChatGPT, Gemini, Grok, DeepSeek, Perplexity, and Claude) Prompt Engineering Agentic Artificial Intelligence and Ethical AI Note: The sequencing of modules and topics is subject to the availability of the teaching faculty. The curriculum matrix subject to change based on emerging industry trends and academic requirements Download Brochure Programme Coordinator Dr. Seema Sharma, head of the Department of Management Studies at IIT Delhi, specializes in Economics and Entrepreneurship, with research published in leading international journals. She teaches Business Economics, Macroeconomic Environment, and Data Analysis to MBA and PhD students. Dr. Sharma has presented globally and received awards like the ‘Outstanding Young Faculty Fellowship Award’ from IIT Delhi and the ‘Best Professor in Economics Award’ by Hindustan Unilever-BSA-Dewang Mehta Business School. Dr. Gourav Dwivedi, an Assistant Professor in the Department of Management Studies at IIT Delhi, focuses on Operations and Supply Chain Management. With over a decade of experience in both academia and industry, Dr. Dwivedi has contributed to various engineering service projects, particularly for Fortune 500 companies. In academia, he has participated in collaborative research and consulting projects with national and international organizations, resulting",200
https://www.guvi.in/zen-class/iim-indore-product-management,IIM Indore Product Management Program | HCL GUVI,Live Program,5,"Dwivedi has contributed to various engineering service projects, particularly for Fortune 500 companies. In academia, he has participated in collaborative research and consulting projects with national and international organizations, resulting in publications in leading journals. His research interests include Distributed Manufacturing, Supply Chain, Logistics Modelling, Industry 4.0, Behavioral Operations, Business Sustainability, and Systems Thinking. Prof. Abhishek Mishra Faculty: Marketing Email id: [email protected] Indian Institute of Management, Indore Specializes in Product Management, New Product Development, and Consumer Research Holds a PhD (FPM) from IIM Lucknow (Product Design & Brand Equity) and a B.Tech from IIT Roorkee Former consultant for global brands including Pepsi, GlaxoSmithKline, and Holcim Has published over 30 research papers focused on product design and experiential value Chairs Industry Interface at IIM Indore, ensuring strong industry–academia alignment Prof. Saurabh Kumar Faculty: Information Systems Email id: [email protected] Indian Institute of Management, Indore Specializes in Information Systems, Business Analytics, and Digital Transformation Holds a PhD from IIM Lucknow and has prior industry experience at TCS Focuses on the intersection of technology and business strategy, with expertise in data-driven decision-making and innovation in product management Campus Immersion Three-day immersion at IIM Indore for real academic exposure Direct interaction with the",200
https://www.guvi.in/zen-class/iim-indore-product-management,IIM Indore Product Management Program | HCL GUVI,Live Program,6,"of technology and business strategy, with expertise in data-driven decision-making and innovation in product management Campus Immersion Three-day immersion at IIM Indore for real academic exposure Direct interaction with the IIM Indore faculty to deepen learning Peer networking and collaboration beyond online sessions Engage in academic sessions integrated into the programme structure Strengthen professional connections within the IIM Indore ecosystem Earn your Prestigious Credential Showcase your globally recognized certification and upgrade your professional journey in product management. Successful Completion Certificate Awarded to participants who meet the assessment criteria as decided by the Institute from time to time. Certificate Programme in Product Management by IIM Indore (Batch - 01) Advance into strategic product leadership with IIM Indore’s 8-month Certificate Programme (CP PM). Develop the skills and confidence to build, launch, and scale products that drive growth and innovation in today’s AI-powered economy. Live Online + Campus Immersion Claim Your Spot Download Brochure Why This Programme Stands Apart Ranked #3 Best B-School in Central Asia (Eduniversal Rankings 2024) Earn IIM Indore Certification & Alumni Status Gain Full Hands-On Exposure With ‘Bring Your Own Project’ Component Master Analytics, AI & Product Design Experience 8 Months of Structured Learning With IIM Indore faculty Network",200
https://www.guvi.in/zen-class/iim-indore-product-management,IIM Indore Product Management Program | HCL GUVI,Live Program,7,"& Alumni Status Gain Full Hands-On Exposure With ‘Bring Your Own Project’ Component Master Analytics, AI & Product Design Experience 8 Months of Structured Learning With IIM Indore faculty Network at a 3-Day Campus Immersion About IIM Indore Established in 1996, the Indian Institute of Management Indore is an autonomous institution of national importance under the Government of India. Over the years, IIM Indore has earned recognition as one of India’s leading management institutions through academic rigor, impactful research, and strong industry engagement, shaping leaders who contribute meaningfully to business and society. Global Recognition & Rankings Recognised as a leading business school in India and globally, IIM Indore holds prestigious international accreditations and consistently ranks among top management institutions worldwide. Who Should Enroll in this Programme? Aspiring Product Managers Professionals looking to transition into structured, strategic product management roles. Working Professionals Across Functions Engineers, analysts, consultants, and managers seeking end-to-end product leadership capability. Business & Strategy Professionals Individuals aiming to strengthen market analysis, pricing, GTM, and growth strategy skills. Mid-Level Professionals Seeking Leadership Growth Professionals ready to move from execution roles to product ownership and decision-making. Explore the Complete Curriculum Go beyond theory and examine the frameworks, tools, and applied",200
https://www.guvi.in/zen-class/iim-indore-product-management,IIM Indore Product Management Program | HCL GUVI,Live Program,8,"Professionals Seeking Leadership Growth Professionals ready to move from execution roles to product ownership and decision-making. Explore the Complete Curriculum Go beyond theory and examine the frameworks, tools, and applied learning that shape strategic product leaders. Download Brochure Eligibility & Admission Eligibility Criteria Hold a Diploma (10+2+3), Graduate, or Postgraduate degree from a university recognised by the Association of Indian Universities Secure at least 50% marks in Diploma, Graduation, or Post-Graduation Have a minimum of two years of full-time post-graduate work experience (Internships and trainee roles are not considered full-time experience) Admission Criteria Applicants must meet IIM Indore’s eligibility and selection requirements at the time of admission. Participants are expected to attend all sessions of a given course. However, Participants may take leave on account of emergencies, subject to the approval of the Programme Coordinator. A minimum attendance requirement of 75% will be considered for final grading. For attendance below 75%, a grade cut will be applied as per the norms. Comprehensive Programme Curriculum Explore a structured curriculum that builds product strategy, innovation capability, and AI-integrated decision-making across the complete product lifecycle. Module 1 Introduction to Product Management Understanding the Product Life Cycle Key Product Roles and Responsibilities Success Drivers",200
https://www.guvi.in/zen-class/iim-indore-product-management,IIM Indore Product Management Program | HCL GUVI,Live Program,9,"product strategy, innovation capability, and AI-integrated decision-making across the complete product lifecycle. Module 1 Introduction to Product Management Understanding the Product Life Cycle Key Product Roles and Responsibilities Success Drivers in Product Management Basics of Consumer Research Data-Driven Storytelling in Decision-Making Module 2 Market Analysis Understand markets, identify opportunities, and shape strategic positioning. Market Segmentation and Introduction to Positioning Target Market Selection Preliminary Business Model Canvas Business Model / Plan Analysis Module 3 Product Ideation and Validation Concepts of Innovation Innovation Capabilities and Strategies Idea Generation and Validation Techniques Concept Generation and Testing Business Model Canvas and Plan Analysis Module 4 Go-To-Market (GTM) Strategies GTM 101: Principles and Frameworks Product-Market Strategy Development Brand Strategy and Positioning Product Sales Strategy and Lead Generation Product-Service Strategy Neuromarketing Applications in Product Management Module 5 Product Pricing Strategies Introduction to Pricing from the Consumer's Viewpoint The Concept of Reference Price Role of Costs and Value in Pricing Decisions Aligning Strategic Goals with Pricing Managing Price Wars and Ethics in Pricing Module 6 Sales Strategies Tapping Rural Markets with New Products B2B Product Management Qualitative Marketing Research Beta Programs, Customer Acquisition, and Retention Strategies Module 7 Product Distribution and Support Product Packaging and Brand Presentation",200
https://www.guvi.in/zen-class/iim-indore-product-management,IIM Indore Product Management Program | HCL GUVI,Live Program,10,"Tapping Rural Markets with New Products B2B Product Management Qualitative Marketing Research Beta Programs, Customer Acquisition, and Retention Strategies Module 7 Product Distribution and Support Product Packaging and Brand Presentation Product Distribution and Launch Planning Market Testing and Post-Launch Support B2B Product Management in Distribution Module 8 Digital Transformation and Artificial Intelligence Use of Data Analytics and Machine Learning in Digital Transformation Generative Artificial Intelligence Applications of gen-AI tools (ChatGPT, Gemini, Grok, DeepSeek, Perplexity, and Claude) Prompt Engineering Agentic Artificial Intelligence and Ethical AI Note: The sequencing of modules and topics is subject to the availability of the teaching faculty. The curriculum matrix subject to change based on emerging industry trends and academic requirements Download Brochure Programme Coordinators Dr. Seema Sharma, head of the Department of Management Studies at IIT Delhi, specializes in Economics and Entrepreneurship, with research published in leading international journals. She teaches Business Economics, Macroeconomic Environment, and Data Analysis to MBA and PhD students. Dr. Sharma has presented globally and received awards like the ‘Outstanding Young Faculty Fellowship Award’ from IIT Delhi and the ‘Best Professor in Economics Award’ by Hindustan Unilever-BSA-Dewang Mehta Business School. Dr. Gourav Dwivedi, an Assistant Professor in the Department of Management Studies",200
https://www.guvi.in/zen-class/iim-indore-product-management,IIM Indore Product Management Program | HCL GUVI,Live Program,11,"Fellowship Award’ from IIT Delhi and the ‘Best Professor in Economics Award’ by Hindustan Unilever-BSA-Dewang Mehta Business School. Dr. Gourav Dwivedi, an Assistant Professor in the Department of Management Studies at IIT Delhi, focuses on Operations and Supply Chain Management. With over a decade of experience in both academia and industry, Dr. Dwivedi has contributed to various engineering service projects, particularly for Fortune 500 companies. In academia, he has participated in collaborative research and consulting projects with national and international organizations, resulting in publications in leading journals. His research interests include Distributed Manufacturing, Supply Chain, Logistics Modelling, Industry 4.0, Behavioral Operations, Business Sustainability, and Systems Thinking. Prof. Abhishek Mishra Faculty: Marketing Email id: [email protected]. Indian Institute of Management, Indore Specializes in Product Management, New Product Development, and Consumer Research Holds a PhD (FPM) from IIM Lucknow (Product Design & Brand Equity) and a B.Tech from IIT Roorkee Former consultant for global brands including Pepsi, GlaxoSmithKline, and Holcim Has published over 30 research papers focused on product design and experiential value Chairs Industry Interface at IIM Indore, ensuring strong industry–academia alignment Prof. Saurabh Kumar Faculty: Information Systems Email id: [email protected] Indian Institute of Management, Indore Specializes in Information Systems,",200
https://www.guvi.in/zen-class/iim-indore-product-management,IIM Indore Product Management Program | HCL GUVI,Live Program,12,"value Chairs Industry Interface at IIM Indore, ensuring strong industry–academia alignment Prof. Saurabh Kumar Faculty: Information Systems Email id: [email protected] Indian Institute of Management, Indore Specializes in Information Systems, Business Analytics, and Digital Transformation Holds a PhD from IIM Lucknow and has prior industry experience at TCS Focuses on the intersection of technology and business strategy, with expertise in data-driven decision-making and innovation in product management Campus Immersion Three-day immersion at IIM Indore for real academic exposure Direct interaction with the IIM Indore faculty to deepen learning Peer networking and collaboration beyond online sessions Engage in academic sessions integrated into the programme structure Strengthen professional connections within the IIM Indore ecosystem Earn your Prestigious Credential Showcase your globally recognized certification and upgrade your professional journey in product management. Successful Completion Certificate Awarded to participants who meet the assessment criteria as decided by the Institute from time to time. How It Works Step 1 Select the Postgraduate Certificate Programme in Product Management (PGCP PM) and complete your registration. Step 2 Connect with our Programme Advisors for guidance and submit your application along with a statement of purpose. Step 3 The Admissions Committee will evaluate your application based on your profile,",200
https://www.guvi.in/zen-class/iim-indore-product-management,IIM Indore Product Management Program | HCL GUVI,Live Program,13,"Connect with our Programme Advisors for guidance and submit your application along with a statement of purpose. Step 3 The Admissions Committee will evaluate your application based on your profile, experience, and goals. Step 4 Selected candidates will receive an official offer of admission. Step 5 Secure your admission by paying the programme fee. Why Our Programme Stands Out Our Programme Earn a Postgraduate Certificate issued by IIM Indore An 8-month structured learning journey with 128 live sessions Curriculum built on the 5i Framework covering end-to-end product lifecycle Dedicated Generative & Agentic AI module integrated into product management Get hands-on exposure through the ‘Bring Your Own Project’ component. 3-day campus immersion at IIM Indore Benefit from Executive Education Alumni status eligibility Other Programmes Offer shorter-duration courses with limited academic depth Focus on isolated tools rather than structured frameworks Provide limited exposure to AI-driven product strategy Do not include campus immersion or executive alumni network access Offer minimal applied learning through real product projects Programme Fee ₹2,20,000+ GST Features Campus Immersion at IIM Indore Opportunity for Mentorship Opportunity for Peer to Peer Learning Get the prestigious IIM Indore certification Payment Methods Pay the full fee upfront with a refund option as",200
https://www.guvi.in/zen-class/iim-indore-product-management,IIM Indore Product Management Program | HCL GUVI,Live Program,14,"at IIM Indore Opportunity for Mentorship Opportunity for Peer to Peer Learning Get the prestigious IIM Indore certification Payment Methods Pay the full fee upfront with a refund option as per policy Spread the fee across manageable instalment payments Start with a down payment and continue with easy EMIs Apply now Note: All fees should be submitted to the IIM Indore account only, and the details will be shared post-selection. The receipt will be issued by the IIM Indore account for your records Loan and EMI options are services offered by HCL GUVI Edtech. IIM Indore is not responsible for the same. Refund Policy: i. The fee refund may be done (excluding the application fee) to the candidates whose applications were not processed/rejected by the institute. All conditions where the applications are not admitted to a programme will be eligible for a refund of the fee, except the application fee and bank charges (where applicable). ii. Refund may not be made for the cases where the Institute has accepted the profile for offering admission in the programme, and subsequent withdrawal is requested by the participant. Such requests will be evaluated on a case-by-case basis. iii. No refund shall be made",200
https://www.guvi.in/zen-class/iim-indore-product-management,IIM Indore Product Management Program | HCL GUVI,Live Program,15,"profile for offering admission in the programme, and subsequent withdrawal is requested by the participant. Such requests will be evaluated on a case-by-case basis. iii. No refund shall be made after the commencement of the programme. Instalment Schedule Instalment Instalment Due Date Amount in ₹* Application Fee(at the time of Registration) NA ₹2,500 (Non-refundable) 1st Instalment(at the time of admission) Within 7 days of offer rollout ₹64,163 2nd Instalment (within two months of admission) 7th December 2026 ₹64,163 3rd Instalment (within four months of admission) 7th February 2027 ₹64,163 4th Instalment (within six months of admission) 7th April 2027 ₹64,163 Note: Participants who have attended even a single session are not eligible for a refund. Refund criteria apply only before the commencement of the programme. The application fee of ₹2,500 and 18% GST is non-refundable, as well as non-transferable. This fee is additional and not adjusted against the total programme fee. Programme Timelines Application Closure Date 7th October, 2026 Academic Orientation Date 11th October, 2026 Programme Start Date 18th October, 2026 Why Our Programme Stands Out Our Programme Earn a Postgraduate Certificate issued by IIM Indore An 8-month structured learning journey with 128 live sessions Curriculum built on the 5i",200
https://www.guvi.in/zen-class/iim-indore-product-management,IIM Indore Product Management Program | HCL GUVI,Live Program,16,"2026 Why Our Programme Stands Out Our Programme Earn a Postgraduate Certificate issued by IIM Indore An 8-month structured learning journey with 128 live sessions Curriculum built on the 5i Framework covering end-to-end product lifecycle Dedicated Generative & Agentic AI module integrated into product management Get hands-on exposure through the ‘Bring Your Own Project’ component. 3-day campus immersion at IIM Indore Benefit from Executive Education Alumni status eligibility Other Programmes Offer shorter-duration courses with limited academic depth Focus on isolated tools rather than structured frameworks Provide limited exposure to AI-driven product strategy Do not include campus immersion or executive alumni network access Offer minimal applied learning through real product project Programme Fee ₹2,20,000+ GST Features Campus Immersion at IIM Indore Opportunity for Mentorship Opportunity for Peer to Peer Learning Get the prestigious IIM Indore e- certification Payment Methods Pay the full fee upfront with a refund option as per policy Spread the fee across manageable instalment payments Start with a down payment and continue with easy EMIs Apply now Note: All fees should be submitted to the IIM Indore account only, and the details will be shared post-selection. The receipt will be issued by the IIM Indore account for your",200
https://www.guvi.in/zen-class/iim-indore-product-management,IIM Indore Product Management Program | HCL GUVI,Live Program,17,"All fees should be submitted to the IIM Indore account only, and the details will be shared post-selection. The receipt will be issued by the IIM Indore account for your records Loan and EMI options are services offered by HCL GUVI Edtech. IIM Indore is not responsible for the same. Refund Policy: i. The fee refund may be done (excluding the application fee) to the candidates whose applications were not processed/rejected by the institute. All conditions where the applications are not admitted to a programme will be eligible for a refund of the fee, except the application fee and bank charges (where applicable). ii. Refund may not be made for the cases where the Institute has accepted the profile for offering admission in the programme, and subsequent withdrawal is requested by the participant. Such requests will be evaluated on a case-by-case basis. iii. No refund shall be made after the commencement of the programme. Instalment Schedule Instalment Instalment Due Date Amount in ₹* Application Fee(at the time of Registration) NA ₹2,500 (Non-refundable) 1st Instalment(at the time of admission) Within 7 days of offer rollout ₹64,163 2nd Instalment (within two months of admission) 7th December 2026 ₹64,163 3rd Instalment (within four",200
https://www.guvi.in/zen-class/iim-indore-product-management,IIM Indore Product Management Program | HCL GUVI,Live Program,18,"₹2,500 (Non-refundable) 1st Instalment(at the time of admission) Within 7 days of offer rollout ₹64,163 2nd Instalment (within two months of admission) 7th December 2026 ₹64,163 3rd Instalment (within four months of admission) 7th February 2027 ₹64,163 4th Instalment (within six months of admission) 7th April 2027 ₹64,163 Note: * Participants who have attended even a single session are not eligible for a refund. Refund criteria apply only before the commencement of the programme. The application fee of ₹2,500 and 18% GST is non-refundable, as well as non-transferable. This fee is additional and not adjusted against the total programme fee. Programme Timelines Application Closure Date 7th October, 2026 Academic Orientation Date 11th October, 2026 Programme Start Date 18th October, 2026 Frequently Asked Questions 1. Who offers this programme? The Postgraduate Certificate Programme in Product Management is offered by the Indian Institute of Management Indore under its Executive Education framework. The certificate is issued directly by IIM Indore upon successful completion. 2. What is the duration and session schedule? The programme runs for 8 months and includes approximately 100 learning hours delivered across 80 sessions (75 minutes each). Sessions are typically conducted once a week, on Sundays, with select sessions scheduled",200
https://www.guvi.in/zen-class/iim-indore-product-management,IIM Indore Product Management Program | HCL GUVI,Live Program,19,"runs for 8 months and includes approximately 100 learning hours delivered across 80 sessions (75 minutes each). Sessions are typically conducted once a week, on Sundays, with select sessions scheduled on weekdays to ensure timely completion. 3. What are the eligibility requirements? Applicants must hold a Diploma (10+2+3), Graduate, or Postgraduate degree with at least 50% marks. In addition, a minimum of two years of full-time post-graduate work experience is required. Internships and trainee roles are not considered as full-time work experience. 4. How are candidates selected? Admission is based on an evaluation of the application as per IIM Indore’s academic and selection guidelines. The Admissions Committee reviews each candidate’s profile, experience, and professional background before finalising selection. 5. What certification will I receive? Participants who meet the required attendance and assessment criteria receive a Completion Certificate issued by IIM Indore. 6. Does the programme include campus immersion? Yes. The programme includes a 3-day on-campus module at IIM Indore. Some sessions form part of the campus orientation module, offering in-person academic engagement alongside the online learning format. 7. What is the learning format? The programme follows a blended learning format, combining live interactive online sessions with a campus immersion component.",200
https://www.guvi.in/zen-class/iim-indore-product-management,IIM Indore Product Management Program | HCL GUVI,Live Program,20,"academic engagement alongside the online learning format. 7. What is the learning format? The programme follows a blended learning format, combining live interactive online sessions with a campus immersion component. Participants also complete assignments, quizzes, evaluations, and applied learning exercises as part of the structured academic journey. 8. What is ‘Bring Your Own Project’ (BYOP) all about? Bring Your Own Project (BYOP) is an applied learning component that allows participants to work on a real product or business context. This ensures practical application of frameworks and concepts covered throughout the programme. 9. Does the programme cover AI in product management? Yes. The curriculum includes a dedicated module on Generative and Agentic AI in Product Management, covering AI-driven market analysis, ideation, pricing, and lifecycle optimisation. 10. Am I eligible for alumni status? Participants who successfully complete the programme may apply for IIM Indore Executive Education Alumni status, subject to applicable membership plans and fees. 11. What is the total programme fee and payment structure? The total programme fee is ₹2,20,000 (exclusive of GST) and ₹2,59,600 including 18% GST. The fee is payable in installments and includes programme fees, study materials, and campus visit charges. Programme Starts 18th October, 2026 Duration 8",200
https://www.guvi.in/zen-class/iim-indore-product-management,IIM Indore Product Management Program | HCL GUVI,Live Program,21,"of GST) and ₹2,59,600 including 18% GST. The fee is payable in installments and includes programme fees, study materials, and campus visit charges. Programme Starts 18th October, 2026 Duration 8 Months Reach out today Programme Starts 18th Oct, 2026 Reach out today Certificate Programme in Product Management by IIM Indore (Batch - 01) Advance into strategic product leadership with IIM Indore’s 8-month Certificate Programme (CP PM). Develop the skills and confidence to build, launch, and scale products that drive growth and innovation in today’s AI-powered economy. Live Online + Campus Immersion Claim Your Spot Download Brochure Why This Programme Stands Apart Ranked #3 Best B-School in Central Asia (Eduniversal Rankings 2024) 10 Courses Individual Certifications 2M+ Total Learners 190+ Total Mentors 2M+ Total Learners Earn IIM Indore Certification & Alumni Status 2M+ Total Learners 190+ Total Mentors 2M+ Total Learners Gain Full Hands-On Exposure With ‘Bring Your Own Project’ Component 2M+ Total Learners 190+ Total Mentors 2M+ Total Learners Master Analytics, AI & Product Design 2M+ Total Learners 190+ Total Mentors 2M+ Total Learners Experience 8 Months of Structured Learning With IIM Indore faculty 2M+ Total Learners 190+ Total Mentors 2M+ Total Learners Network at a 3-Day Campus Immersion About",200
https://www.guvi.in/zen-class/iim-indore-product-management,IIM Indore Product Management Program | HCL GUVI,Live Program,22,"Mentors 2M+ Total Learners Experience 8 Months of Structured Learning With IIM Indore faculty 2M+ Total Learners 190+ Total Mentors 2M+ Total Learners Network at a 3-Day Campus Immersion About IIM Indore Established in 1996, the Indian Institute of Management Indore is an autonomous institution of national importance under the Government of India. Over the years, IIM Indore has earned recognition as one of India’s leading management institutions through academic rigor, impactful research, and strong industry engagement, shaping leaders who contribute meaningfully to business and society. 2M+ Total Learners 190+ Total Mentors 10M+ Lines of code submission 1600+ Videos Global Recognition & Rankings Recognised as a leading business school in India and globally, IIM Indore holds prestigious international accreditations and consistently ranks among top management institutions worldwide. Accredited by Limited Time Offer! Buy Now! About IIM Indore Who Should Enrol in this Programme? Aspiring Product Managers Professionals looking to transition into structured, strategic product management roles. Working Professionals Across Functions Engineers, analysts, consultants, and managers seeking end-to-end product leadership capability. Business & Strategy Professionals Individuals aiming to strengthen market analysis, pricing, GTM, and growth strategy skills. Mid-Level Professionals Seeking Leadership Growth Professionals ready to move from execution roles to product",200
https://www.guvi.in/zen-class/iim-indore-product-management,IIM Indore Product Management Program | HCL GUVI,Live Program,23,"Business & Strategy Professionals Individuals aiming to strengthen market analysis, pricing, GTM, and growth strategy skills. Mid-Level Professionals Seeking Leadership Growth Professionals ready to move from execution roles to product ownership and decision-making. Explore the Complete Curriculum Go beyond theory and examine the frameworks, tools, and applied learning that shape strategic product leaders. Download Brochure Eligibility & Admission Eligibility Criteria Hold a Diploma (10+2+3), Graduate, or Postgraduate degree from a university recognised by the Association of Indian Universities Secure at least 50% marks in Diploma, Graduation, or Post-Graduation Have a minimum of two years of full-time post-graduate work experience (Internships and trainee roles are not considered full-time experience) Admission Criteria Applicants must meet IIM Indore’s eligibility and selection requirements at the time of admission. Participants are expected to attend all sessions of a given course. However, Participants may take leave on account of emergencies, subject to the approval of the Programme Coordinator. A minimum attendance requirement of 75% will be considered for final grading. For attendance below 75%, a grade cut will be applied as per the norms. Comprehensive Programme Curriculum Explore a structured curriculum that builds product strategy, innovation capability, and AI-integrated decision-making across the complete product lifecycle. Module",200
https://www.guvi.in/zen-class/iim-indore-product-management,IIM Indore Product Management Program | HCL GUVI,Live Program,24,"cut will be applied as per the norms. Comprehensive Programme Curriculum Explore a structured curriculum that builds product strategy, innovation capability, and AI-integrated decision-making across the complete product lifecycle. Module 1 Introduction to Product Management Understanding the Product Life Cycle Key Product Roles and Responsibilities Success Drivers in Product Management Basics of Consumer Research Data-Driven Storytelling in Decision-Making Module 2 Market Analysis Understand markets, identify opportunities, and shape strategic positioning. Market Segmentation and Introduction to Positioning Target Market Selection Preliminary Business Model Canvas Business Model / Plan Analysis Module 3 Product Ideation and Validation Concepts of Innovation Innovation Capabilities and Strategies Idea Generation and Validation Techniques Concept Generation and Testing Business Model Canvas and Plan Analysis Module 4 Go-To-Market (GTM) Strategies GTM 101: Principles and Frameworks Product-Market Strategy Development Brand Strategy and Positioning Product Sales Strategy and Lead Generation Product-Service Strategy Neuromarketing Applications in Product Management Module 5 Product Pricing Strategies Introduction to Pricing from the Consumer's Viewpoint The Concept of Reference Price Role of Costs and Value in Pricing Decisions Aligning Strategic Goals with Pricing Managing Price Wars and Ethics in Pricing Module 6 Sales Strategies Tapping Rural Markets with New Products B2B Product Management Qualitative Marketing Research Beta",200
https://www.guvi.in/zen-class/iim-indore-product-management,IIM Indore Product Management Program | HCL GUVI,Live Program,25,"Decisions Aligning Strategic Goals with Pricing Managing Price Wars and Ethics in Pricing Module 6 Sales Strategies Tapping Rural Markets with New Products B2B Product Management Qualitative Marketing Research Beta Programs, Customer Acquisition, and Retention Strategies Module 7 Product Distribution and Support Product Packaging and Brand Presentation Product Distribution and Launch Planning Market Testing and Post-Launch Support B2B Product Management in Distribution Module 8 Digital Transformation and Artificial Intelligence Use of Data Analytics and Machine Learning in Digital Transformation Generative Artificial Intelligence Applications of gen-AI tools (ChatGPT, Gemini, Grok, DeepSeek, Perplexity, and Claude) Prompt Engineering Agentic Artificial Intelligence and Ethical AI Note: The sequencing of modules and topics is subject to the availability of the teaching faculty. The curriculum matrix subject to change based on emerging industry trends and academic requirements Download Brochure Programme Coordinator Prof. Abhishek Mishra Faculty: Marketing Email id: [email protected] Indian Institute of Management, Indore ● Specializes in Product Management, New Product Development, and Consumer Research ● Holds a PhD (FPM) from IIM Lucknow (Product Design & Brand Equity) and a B.Tech from IIT Roorkee ● Former consultant for global brands including Pepsi, GlaxoSmithKline, and Holcim ● Has published over 30 research papers focused on product",200
https://www.guvi.in/zen-class/iim-indore-product-management,IIM Indore Product Management Program | HCL GUVI,Live Program,26,"& Brand Equity) and a B.Tech from IIT Roorkee ● Former consultant for global brands including Pepsi, GlaxoSmithKline, and Holcim ● Has published over 30 research papers focused on product design and experiential value ● Chairs Industry Interface at IIM Indore, ensuring strong industry–academia alignment Prof. Saurabh Kumar Faculty: Information Systems Email id: [email protected] Indian Institute of Management, Indore ● Specializes in Information Systems, Business Analytics, and Digital Transformation ● Holds a PhD from IIM Lucknow and has prior industry experience at TCS ● Focuses on the intersection of technology and business strategy, with expertise in data-driven decision-making and innovation in product management Campus Immersion Three-day immersion at IIM Indore for real academic exposure Direct interaction with the IIM Indore faculty to deepen learning Peer networking and collaboration beyond online sessions Engage in academic sessions integrated into the programme structure Strengthen professional connections within the IIM Indore ecosystem Earn Your Prestigious Credential Showcase your globally recognized certification and upgrade your professional journey in product management. Successful Completion Certificate Awarded to participants who meet the assessment criteria as decided by the Institute from time to time. How It Works Step 1 Select the Postgraduate Certificate Programme in Product Management (PGCP",200
https://www.guvi.in/zen-class/iim-indore-product-management,IIM Indore Product Management Program | HCL GUVI,Live Program,27,"to participants who meet the assessment criteria as decided by the Institute from time to time. How It Works Step 1 Select the Postgraduate Certificate Programme in Product Management (PGCP PM) and complete your registration. Step 2 Connect with our Programme Advisors for guidance and submit your application along with a statement of purpose. Step 3 The Admissions Committee will evaluate your application based on your profile, experience, and goals. Step 4 Selected candidates will receive an official offer of admission. Step 5 Secure your admission by paying the programme fee. Why Our Programme Stands Out Our Programme Earn a Postgraduate Certificate issued by IIM Indore An 8-month structured learning journey with 128 live sessions Curriculum built on the 5i Framework covering end-to-end product lifecycle Dedicated Generative & Agentic AI module integrated into product management Get hands-on exposuzre through the ‘Bring Your Own Project’ component. 3-day campus immersion at IIM Indore Benefit from Executive Education Alumni status eligibility Other Programmes Offer shorter-duration courses with limited academic depth Focus on isolated tools rather than structured frameworks Provide limited exposure to AI-driven product strategy Do not include campus immersion or executive alumni network access Offer minimal applied learning through real product projects",200
https://www.guvi.in/zen-class/iim-indore-product-management,IIM Indore Product Management Program | HCL GUVI,Live Program,28,"tools rather than structured frameworks Provide limited exposure to AI-driven product strategy Do not include campus immersion or executive alumni network access Offer minimal applied learning through real product projects Accredited by Limited Time Offer! Buy Now! Programme Fee ₹2,20,000+ GST Features Campus Immersion at IIM Indore Opportunity for Mentorship Opportunity for Peer to Peer Learning Get the prestigious IIM Indore certification Payment Methods Pay the full fee upfront with a refund option as per policy Spread the fee across manageable instalment payments Start with a down payment and continue with easy EMIs Apply Now Note: • All fees should be submitted to the IIM Indore account only, and the details will be shared post-selection. The receipt will be issued by the IIM Indore account for your records Loan and EMI options are services offered by HCL GUVI Edtech. IIM Indore is not responsible for the same. Refund Policy: The fee refund may be done (excluding the application fee) to the candidates whose applications were not processed/rejected by the institute. All conditions where the applications are not admitted to a programme will be eligible for a refund of the fee, except the application fee and bank charges (where applicable). Refund",200
https://www.guvi.in/zen-class/iim-indore-product-management,IIM Indore Product Management Program | HCL GUVI,Live Program,29,"All conditions where the applications are not admitted to a programme will be eligible for a refund of the fee, except the application fee and bank charges (where applicable). Refund may not be made for the cases where the Institute has accepted the profile for offering admission in the programme, and subsequent withdrawal is requested by the participant. Such requests will be evaluated on a case-by-case basis. No refund shall be made after the commencement of the programme. Instalment Schedule Instalment Instalment Due Date Amount in ₹* Application Fee(at the time of Registration) NA ₹2,500 (Non-refundable) 1st Instalment(at the time of admission) Within 7 days of offer rollout ₹64,163 2nd Instalment (within two months of admission) 7th December 2026 ₹64,163 3rd Instalment (within four months of admission) 7th February 2027 ₹64,163 4th Instalment (within six months of admission) 7th April 2027 ₹64,163 Note: Participants who have attended even a single session are not eligible for a refund. Refund criteria apply only before the commencement of the programme. The application fee of ₹2,500 and 18% GST is non-refundable, as well as non-transferable. This fee is additional and not adjusted against the total programme fee. Programme Timelines Application Closure Date 7th October,",200
https://www.guvi.in/zen-class/iim-indore-product-management,IIM Indore Product Management Program | HCL GUVI,Live Program,30,"of ₹2,500 and 18% GST is non-refundable, as well as non-transferable. This fee is additional and not adjusted against the total programme fee. Programme Timelines Application Closure Date 7th October, 2026 Academic Orientation Date 11th October, 2026 Programme Start Date 18th October, 2026 Frequently Asked Questions 1. Who offers this programme? The Postgraduate Certificate Programme in Product Management is offered by the Indian Institute of Management Indore under its Executive Education framework. The certificate is issued directly by IIM Indore upon successful completion. 2. What is the duration and session schedule? The programme runs for 8 months and includes approximately 100 learning hours delivered across 80 sessions (75 minutes each). Sessions are typically conducted once a week, on Sundays, with select sessions scheduled on weekdays to ensure timely completion. 3. What are the eligibility requirements? Applicants must hold a Diploma (10+2+3), Graduate, or Postgraduate degree with at least 50% marks. In addition, a minimum of two years of full-time post-graduate work experience is required. Internships and trainee roles are not considered as full-time work experience. 4. How are candidates selected? Admission is based on an evaluation of the application as per IIM Indore’s academic and selection guidelines. The Admissions Committee",200
https://www.guvi.in/zen-class/iim-indore-product-management,IIM Indore Product Management Program | HCL GUVI,Live Program,31,"considered as full-time work experience. 4. How are candidates selected? Admission is based on an evaluation of the application as per IIM Indore’s academic and selection guidelines. The Admissions Committee reviews each candidate’s profile, experience, and professional background before finalising selection. 5. What certification will I receive? Participants who meet the required attendance and assessment criteria receive a Completion Certificate issued by IIM Indore. 6. Does the programme include campus immersion? Yes. The programme includes a 3-day on-campus module at IIM Indore. Some sessions form part of the campus orientation module, offering in-person academic engagement alongside the online learning format. 7. What is the learning format? The programme follows a blended learning format, combining live interactive online sessions with a campus immersion component. Participants also complete assignments, quizzes, evaluations, and applied learning exercises as part of the structured academic journey. 8. What is ‘Bring Your Own Project’ (BYOP) all about? Bring Your Own Project (BYOP) is an applied learning component that allows participants to work on a real product or business context. This ensures practical application of frameworks and concepts covered throughout the programme. 9. Does the programme cover AI in product management? Yes. The curriculum includes a dedicated module",200
https://www.guvi.in/zen-class/iim-indore-product-management,IIM Indore Product Management Program | HCL GUVI,Live Program,32,"business context. This ensures practical application of frameworks and concepts covered throughout the programme. 9. Does the programme cover AI in product management? Yes. The curriculum includes a dedicated module on Generative and Agentic AI in Product Management, covering AI-driven market analysis, ideation, pricing, and lifecycle optimisation. 10. Am I eligible for alumni status? Participants who successfully complete the programme may apply for IIM Indore Executive Education Alumni status, subject to applicable membership plans and fees. 11. What is the total programme fee and payment structure? The total programme fee is ₹2,20,000 (exclusive of GST) and ₹2,59,600 including 18% GST. The fee is payable in installments and includes programme fees, study materials, and campus visit charges. Programme Date 18 Oct, 2026 Apply Now Apply Now for IIM Indore Students are not eligible for the programme Name * Email * Phone Number * Andorra(+376) United Arab Emirates(+971) Afghanistan(+93) Antigua & Barbuda(+1 268) Anguilla(+1 264) Albania(+355) Armenia(+374) Angola(+244) Antarctica(+8) Argentina(+54) Samoa (American)(+1 684) Austria(+43) Australia(+61) Aruba(+297) Åland Islands(+358 18) Azerbaijan(+994) Bosnia & Herzegovina(+387) Barbados(+1 246) Bangladesh(+880) Belgium(+32) Burkina Faso(+226) Bulgaria(+359) Bahrain(+973) Burundi(+257) Benin(+229) St Barthelemy(+590) Bermuda(+1 441) Brunei(+673) Bolivia(+591) Caribbean NL(+599) Brazil(+55) Bahamas(+1 242) Bhutan(+975) Botswana(+267) Belarus(+375) Belize(+501) Canada(+1) Cocos (Keeling) Islands(+61)",200
https://www.guvi.in/zen-class/iim-indore-product-management,IIM Indore Product Management Program | HCL GUVI,Live Program,33,Herzegovina(+387) Barbados(+1 246) Bangladesh(+880) Belgium(+32) Burkina Faso(+226) Bulgaria(+359) Bahrain(+973) Burundi(+257) Benin(+229) St Barthelemy(+590) Bermuda(+1 441) Brunei(+673) Bolivia(+591) Caribbean NL(+599) Brazil(+55) Bahamas(+1 242) Bhutan(+975) Botswana(+267) Belarus(+375) Belize(+501) Canada(+1) Cocos (Keeling) Islands(+61) Congo (Dem. Rep.)(+243) Central African Rep.(+236) Congo (Rep.)(+242) Switzerland(+41) Côte d'Ivoire(+225) Cook Islands(+682) Chile(+56) Cameroon(+237) China(+86) Colombia(+57) Costa Rica(+506) Cuba(+53) Cape Verde(+238) Curaçao(+599) Christmas Island(+61) Cyprus(+357) Czech Republic(+420) Germany(+49) Djibouti(+253) Denmark(+45) Dominica(+1 767) Dominican Republic(+1 809) Algeria(+213) Ecuador(+593) Estonia(+372) Egypt(+20) Western Sahara(+212) Eritrea(+291) Spain(+34) Ethiopia(+251) Finland(+358) Fiji(+679) Falkland Islands(+500) Micronesia(+691) Faroe Islands(+298) France(+33) Gabon(+241) Britain (UK)(+44) Grenada(+1 473) Georgia(+995) French Guiana(+594) Guernsey(+44 1481) Ghana(+233) Gibraltar(+350) Greenland(+299) Gambia(+220) Guinea(+224) Guadeloupe(+590) Equatorial Guinea(+240) Greece(+30) South Georgia & the South Sandwich Islands(+99) Guatemala(+502) Guam(+1 671) Guinea-Bissau(+245) Guyana(+592) Hong Kong(+852) Honduras(+504) Croatia(+385) Haiti(+509) Hungary(+36) Indonesia(+62) Ireland(+353) Israel(+972) Isle of Man(+44 1624) India(+91) British Indian Ocean Territory(+246) Iraq(+964) Iran(+98) Iceland(+354) Italy(+39) Jersey(+44 1534) Jamaica(+1 876) Jordan(+962) Japan(+81) Kenya(+254) Kyrgyzstan(+996) Cambodia(+855) Kiribati(+686) Comoros(+269) St Kitts & Nevis(+1 869) Korea (North)(+850) Korea (South)(+82) Kuwait(+965) Cayman Islands(+1 345) Kazakhstan(+7) Laos(+856) Lebanon(+961) St Lucia(+1 758) Liechtenstein(+423) Sri Lanka(+94) Liberia(+231) Lesotho(+266) Lithuania(+370) Luxembourg(+352) Latvia(+371) Libya(+218) Morocco(+212) Monaco(+377) Moldova(+373) Montenegro(+382) St Martin (French)(+590) Madagascar(+261) Marshall Islands(+692) North Macedonia(+389) Mali(+223) Myanmar (Burma)(+95) Mongolia(+976) Macau(+853) Northern Mariana Islands(+ 1 670) Martinique(+596) Mauritania(+222) Montserrat(+1,200
https://www.guvi.in/zen-class/iim-indore-product-management,IIM Indore Product Management Program | HCL GUVI,Live Program,34,"Lesotho(+266) Lithuania(+370) Luxembourg(+352) Latvia(+371) Libya(+218) Morocco(+212) Monaco(+377) Moldova(+373) Montenegro(+382) St Martin (French)(+590) Madagascar(+261) Marshall Islands(+692) North Macedonia(+389) Mali(+223) Myanmar (Burma)(+95) Mongolia(+976) Macau(+853) Northern Mariana Islands(+ 1 670) Martinique(+596) Mauritania(+222) Montserrat(+1 664) Malta(+356) Mauritius(+230) Maldives(+960) Malawi(+265) Mexico(+52) Malaysia(+60) Mozambique(+258) Namibia(+264) New Caledonia(+687) Niger(+227) Norfolk Island(+672) Nigeria(+234) Nicaragua(+505) Netherlands(+31) Norway(+47) Nepal(+977) Nauru(+674) Niue(+683) New Zealand(+64) Oman(+968) Panama(+507) Peru(+51) French Polynesia(+689) Papua New Guinea(+675) Philippines(+63) Pakistan(+92) Poland(+48) St Pierre & Miquelon(+508) Pitcairn(+870) Puerto Rico(+1 787) Palestine(+970) Portugal(+351) Palau(+680) Paraguay(+595) Qatar(+974) Réunion(+262) Romania(+40) Serbia(+381) Russia(+7) Rwanda(+250) Saudi Arabia(+966) Solomon Islands(+677) Seychelles(+248) Sudan(+249) Sweden(+46) Singapore(+65) St Helena(+290) Slovenia(+386) Svalbard & Jan Mayen(+47) Slovakia(+421) Sierra Leone(+232) San Marino(+378) Senegal(+221) Somalia(+252) Suriname(+597) South Sudan(+211) Sao Tome & Principe(+239) El Salvador(+503) St Maarten (Dutch)(+599) Syria(+963) Eswatini (Swaziland)(+268) Turks & Caicos Is(+1 649) Chad(+235) French Southern Territories(+99) Togo(+228) Thailand(+66) Tajikistan(+992) Tokelau(+690) East Timor(+670) Turkmenistan(+993) Tunisia(+216) Tonga(+676) Turkey(+90) Trinidad & Tobago(+1 868) Tuvalu(+688) Taiwan(+886) Tanzania(+255) Ukraine(+380) Uganda(+256) US minor outlying islands(+1) United States(+1) Uruguay(+598) Uzbekistan(+998) Vatican City(+379) St Vincent(+1 784) Venezuela(+58) Virgin Islands (UK)(+1 284) Virgin Islands (US)(+1 340) Vietnam(+84) Vanuatu(+678) Wallis & Futuna(+681) Samoa (western)(+685) Yemen(+967) Mayotte(+262) South Africa(+27) Zambia(+260) Zimbabwe(+263) Educational Qualification * Select Engineering Degree (CS / IT), Engineering Degree (Mech / Automobile), Engineering Degree (ECE /",200
https://www.guvi.in/zen-class/iim-indore-product-management,IIM Indore Product Management Program | HCL GUVI,Live Program,35,"Vanuatu(+678) Wallis & Futuna(+681) Samoa (western)(+685) Yemen(+967) Mayotte(+262) South Africa(+27) Zambia(+260) Zimbabwe(+263) Educational Qualification * Select Engineering Degree (CS / IT), Engineering Degree (Mech / Automobile), Engineering Degree (ECE / EEE), Engineering Degree (Civil / Others), Non-Engineering Degree (B.Sc / B.Com / BCA / MBA / M.Sc / Others), ITI / Diploma, HSC / SSC Current profile * Select Working in Non IT Industry, Working in IT Industry, Student, Graduated and Looking for a Career Year of Graduation Select 2026, 2027, 2028, 2029, 2030 Company Name Year of Experience * Select Less than 1 Year, 1 - 2 Years, 2 - 5 Years, 6 - 10 Years, 11 - 15 Years, More than 15 Years Are you interested in the IIM Indore Product Management Paid Programme (₹2,20,000+ GST)? * Select Yes, No, I need more details Speaking Language * Select English, Tamil, Hindi, Telugu, Kannada, Malayalam, Others Please fill all the required fields! Please accept terms and conditions to proceed Apply Now By submitting, I agree to be contacted via phone, SMS, or email for offers & products, even if I am on a DNC/NDNC list. Final Step! OTP Verification Phone Number Andorra(+376) United Arab Emirates(+971) Afghanistan(+93) Antigua & Barbuda(+1",200
https://www.guvi.in/zen-class/iim-indore-product-management,IIM Indore Product Management Program | HCL GUVI,Live Program,36,"phone, SMS, or email for offers & products, even if I am on a DNC/NDNC list. Final Step! OTP Verification Phone Number Andorra(+376) United Arab Emirates(+971) Afghanistan(+93) Antigua & Barbuda(+1 268) Anguilla(+1 264) Albania(+355) Armenia(+374) Angola(+244) Antarctica(+8) Argentina(+54) Samoa (American)(+1 684) Austria(+43) Australia(+61) Aruba(+297) Åland Islands(+358 18) Azerbaijan(+994) Bosnia & Herzegovina(+387) Barbados(+1 246) Bangladesh(+880) Belgium(+32) Burkina Faso(+226) Bulgaria(+359) Bahrain(+973) Burundi(+257) Benin(+229) St Barthelemy(+590) Bermuda(+1 441) Brunei(+673) Bolivia(+591) Caribbean NL(+599) Brazil(+55) Bahamas(+1 242) Bhutan(+975) Botswana(+267) Belarus(+375) Belize(+501) Canada(+1) Cocos (Keeling) Islands(+61) Congo (Dem. Rep.)(+243) Central African Rep.(+236) Congo (Rep.)(+242) Switzerland(+41) Côte d'Ivoire(+225) Cook Islands(+682) Chile(+56) Cameroon(+237) China(+86) Colombia(+57) Costa Rica(+506) Cuba(+53) Cape Verde(+238) Curaçao(+599) Christmas Island(+61) Cyprus(+357) Czech Republic(+420) Germany(+49) Djibouti(+253) Denmark(+45) Dominica(+1 767) Dominican Republic(+1 809) Algeria(+213) Ecuador(+593) Estonia(+372) Egypt(+20) Western Sahara(+212) Eritrea(+291) Spain(+34) Ethiopia(+251) Finland(+358) Fiji(+679) Falkland Islands(+500) Micronesia(+691) Faroe Islands(+298) France(+33) Gabon(+241) Britain (UK)(+44) Grenada(+1 473) Georgia(+995) French Guiana(+594) Guernsey(+44 1481) Ghana(+233) Gibraltar(+350) Greenland(+299) Gambia(+220) Guinea(+224) Guadeloupe(+590) Equatorial Guinea(+240) Greece(+30) South Georgia & the South Sandwich Islands(+99) Guatemala(+502) Guam(+1 671) Guinea-Bissau(+245) Guyana(+592) Hong Kong(+852) Honduras(+504) Croatia(+385) Haiti(+509) Hungary(+36) Indonesia(+62) Ireland(+353) Israel(+972) Isle of Man(+44 1624) India(+91) British Indian Ocean Territory(+246) Iraq(+964) Iran(+98) Iceland(+354) Italy(+39) Jersey(+44 1534) Jamaica(+1 876) Jordan(+962) Japan(+81) Kenya(+254) Kyrgyzstan(+996) Cambodia(+855) Kiribati(+686) Comoros(+269) St Kitts &",200
https://www.guvi.in/zen-class/iim-indore-product-management,IIM Indore Product Management Program | HCL GUVI,Live Program,37,Indonesia(+62) Ireland(+353) Israel(+972) Isle of Man(+44 1624) India(+91) British Indian Ocean Territory(+246) Iraq(+964) Iran(+98) Iceland(+354) Italy(+39) Jersey(+44 1534) Jamaica(+1 876) Jordan(+962) Japan(+81) Kenya(+254) Kyrgyzstan(+996) Cambodia(+855) Kiribati(+686) Comoros(+269) St Kitts & Nevis(+1 869) Korea (North)(+850) Korea (South)(+82) Kuwait(+965) Cayman Islands(+1 345) Kazakhstan(+7) Laos(+856) Lebanon(+961) St Lucia(+1 758) Liechtenstein(+423) Sri Lanka(+94) Liberia(+231) Lesotho(+266) Lithuania(+370) Luxembourg(+352) Latvia(+371) Libya(+218) Morocco(+212) Monaco(+377) Moldova(+373) Montenegro(+382) St Martin (French)(+590) Madagascar(+261) Marshall Islands(+692) North Macedonia(+389) Mali(+223) Myanmar (Burma)(+95) Mongolia(+976) Macau(+853) Northern Mariana Islands(+ 1 670) Martinique(+596) Mauritania(+222) Montserrat(+1 664) Malta(+356) Mauritius(+230) Maldives(+960) Malawi(+265) Mexico(+52) Malaysia(+60) Mozambique(+258) Namibia(+264) New Caledonia(+687) Niger(+227) Norfolk Island(+672) Nigeria(+234) Nicaragua(+505) Netherlands(+31) Norway(+47) Nepal(+977) Nauru(+674) Niue(+683) New Zealand(+64) Oman(+968) Panama(+507) Peru(+51) French Polynesia(+689) Papua New Guinea(+675) Philippines(+63) Pakistan(+92) Poland(+48) St Pierre & Miquelon(+508) Pitcairn(+870) Puerto Rico(+1 787) Palestine(+970) Portugal(+351) Palau(+680) Paraguay(+595) Qatar(+974) Réunion(+262) Romania(+40) Serbia(+381) Russia(+7) Rwanda(+250) Saudi Arabia(+966) Solomon Islands(+677) Seychelles(+248) Sudan(+249) Sweden(+46) Singapore(+65) St Helena(+290) Slovenia(+386) Svalbard & Jan Mayen(+47) Slovakia(+421) Sierra Leone(+232) San Marino(+378) Senegal(+221) Somalia(+252) Suriname(+597) South Sudan(+211) Sao Tome & Principe(+239) El Salvador(+503) St Maarten (Dutch)(+599) Syria(+963) Eswatini (Swaziland)(+268) Turks & Caicos Is(+1 649) Chad(+235) French Southern Territories(+99) Togo(+228) Thailand(+66) Tajikistan(+992) Tokelau(+690) East Timor(+670) Turkmenistan(+993) Tunisia(+216) Tonga(+676) Turkey(+90) Trinidad & Tobago(+1 868) Tuvalu(+688) Taiwan(+886) Tanzania(+255) Ukraine(+380) Uganda(+256) US minor outlying,200
https://www.guvi.in/zen-class/iim-indore-product-management,IIM Indore Product Management Program | HCL GUVI,Live Program,38,& Caicos Is(+1 649) Chad(+235) French Southern Territories(+99) Togo(+228) Thailand(+66) Tajikistan(+992) Tokelau(+690) East Timor(+670) Turkmenistan(+993) Tunisia(+216) Tonga(+676) Turkey(+90) Trinidad & Tobago(+1 868) Tuvalu(+688) Taiwan(+886) Tanzania(+255) Ukraine(+380) Uganda(+256) US minor outlying islands(+1) United States(+1) Uruguay(+598) Uzbekistan(+998) Vatican City(+379) St Vincent(+1 784) Venezuela(+58) Virgin Islands (UK)(+1 284) Virgin Islands (US)(+1 340) Vietnam(+84) Vanuatu(+678) Wallis & Futuna(+681) Samoa (western)(+685) Yemen(+967) Mayotte(+262) South Africa(+27) Zambia(+260) Zimbabwe(+263) OTP sent to [ph.no] * Please fill all the required fields! Please accept terms and conditions to proceed Verify OTP Change number Resend OTP in Please wait,89
https://www.guvi.in/courses/business-and-management/introduction-to-esg,Best Introduction to ESG Course Online with Certification | GUVI,Course,0,"Best Introduction to ESG Course Online with Certification GUVI LIVE Classes VLSI Design Programme New IIT Delhi certified AI & Machine Learning New Intel & IIT-M Pravartak certified Data Science IIT-M Pravartak certified Full Stack Development IIT-M Pravartak certified UI/UX Design HCL GUVI certified AI DevOps Program HCL GUVI certified Still Confused? Request a Callback Explore all Programs Courses Practice CodeKata Sharpen your coding skills, prepare for interviews WebKata Build basic frontend & backend development skills SQLKata Master SQL concepts in relational database management FixTheCode A series of programs curated by industry experts IDE - Online Compiler Run & test your code in any programming language Resources Free Resources Referral Success Stories Blogs Learn Hub Get The App Rewards Become an Affiliate Leaderboard What's New? Resume Builder Community Hub Our Products HackerKID Coding classes platform for K-12 children GUVI For Corporates Meet your Hiring & Training Needs Placement Preparation Ace Up your Aptitude Login Sign up Login Sign up LIVE Classes VLSI Design Programme New IIT Delhi certified AI & Machine Learning New Intel & IIT-M Pravartak certified Data Science IIT-M Pravartak certified Full Stack Development IIT-M Pravartak certified UI/UX Design HCL GUVI certified AI DevOps Program HCL GUVI certified",200
https://www.guvi.in/courses/business-and-management/introduction-to-esg,Best Introduction to ESG Course Online with Certification | GUVI,Course,1,"Machine Learning New Intel & IIT-M Pravartak certified Data Science IIT-M Pravartak certified Full Stack Development IIT-M Pravartak certified UI/UX Design HCL GUVI certified AI DevOps Program HCL GUVI certified Explore all Programs Courses Practice CodeKata Sharpen your coding skills, prepare for interviews WebKata Build basic frontend & backend development skills SQLKata Master SQL concepts in relational database management FixTheCode A series of programs curated by industry experts IDE - Online Compiler Run & test your code in any programming language Resources Free Resources Referral Success Stories Blogs Learn Hub Get The App Rewards Become an Affiliate Leaderboard What's New? Resume Builder Community Hub Our Products HackerKID Coding classes platform for K-12 children GUVI For Corporates Meet your Hiring & Training Needs Placement Preparation Ace Up your Aptitude Still Confused? Request a Callback Welcome LIVE Classes Courses Practice Platforms Leaderboard Rewards Referral Profile Finish Welcome LIVE Classes Courses Practice Platforms Leaderboard Rewards Referral Profile Finish ✕ Welcome to HCL GUVI Hey there! Welcome to HCL GUVI—Grab Your Vernacular Imprint—where tech learning is easy, fun, and curated specially for you. Incubated by IIT Madras & IIM Ahmedabad in 2014 and now part of HCL Group, we're making quality tech education accessible",200
https://www.guvi.in/courses/business-and-management/introduction-to-esg,Best Introduction to ESG Course Online with Certification | GUVI,Course,2,"learning is easy, fun, and curated specially for you. Incubated by IIT Madras & IIM Ahmedabad in 2014 and now part of HCL Group, we're making quality tech education accessible to all. Join 3M+ learners breaking barriers and upskilling for a brighter future. We're here to guide you every step of the way! 🚀 LIVE Classes Zen Classes are HCL GUVI's most refined and flagship product—live, expert-led tech programs for beginners and pros. With IITM Pravartak affiliations, master Full-Stack, Data Science, DevOps, UI/UX, and more in multiple languages! Explore More Courses Looking for flexibility? HCL GUVI's 200+ self-paced courses let you learn anytime, anywhere! From free lessons to IIT-M & Autodesk-certified programs, gain in-demand skills in your preferred language. Explore More Practice Platforms Enhance your coding skills with HCL GUVI's Practice Platforms—interactive, structured, and designed to help you master programming effortlessly. CodeKata: A structured coding practice platform with 1500+ coding problems designed by industry experts. Ideal for beginners and professionals preparing for tech interviews with real-world coding challenges. Try Now > WebKata: An interactive platform to master HTML, CSS, JavaScript, and Bootstrap with a live coding environment. Perfect for hands-on web development practice without any setup. Try Now > SQLKata:",200
https://www.guvi.in/courses/business-and-management/introduction-to-esg,Best Introduction to ESG Course Online with Certification | GUVI,Course,3,"> WebKata: An interactive platform to master HTML, CSS, JavaScript, and Bootstrap with a live coding environment. Perfect for hands-on web development practice without any setup. Try Now > SQLKata: A practice ground for mastering SQL queries used in real-world applications. Write, optimize, and refine your queries to build strong database skills. Try Now > FixTheCode: Hone your bug-fixing skills with real-world debugging challenges in Python, C++, JavaScript, and Golang. More languages coming soon! Try Now > IDE: A free online compiler supporting 20+ programming languages with auto-complete, debugging, and AI-powered code generation—all in the cloud! Try Now > Leaderboard Climb the leaderboard as you earn Geekoins by learning and practicing! The top scorers get featured, making learning competitive and rewarding. Keep going—you could be next! Explore More Rewards Earn Geekoins by watching videos and practicing problems, then redeem them for exciting rewards. The more you engage, the more you win! Explore More Referral Love learning with HCL GUVI? Share it with friends! Invite them using your unique link or code and unlock exciting rewards—Amazon vouchers, iPhones, and more. A Win-Win. Explore More Profile Your HCL GUVI profile is your digital portfolio! Track progress, showcase skills, add projects, and build",200
https://www.guvi.in/courses/business-and-management/introduction-to-esg,Best Introduction to ESG Course Online with Certification | GUVI,Course,4,"code and unlock exciting rewards—Amazon vouchers, iPhones, and more. A Win-Win. Explore More Profile Your HCL GUVI profile is your digital portfolio! Track progress, showcase skills, add projects, and build a resume. Keep it updated—opportunities await! Explore More That's It! You Are Ready! You're all set to dive into your learning journey with HCL GUVI. Explore, upskill, and make each step count—exciting possibilities awaits! close Thank you for Reaching us out Our team will reach you out within the next 24 hours. Explore all Programs ✕ Accelerate your Career Introduction to ESG: Driving Responsible Business Practices Step into sustainability with Introduction to ESG: Driving Responsible Business Practices, an online certification course blending interactive learning and module-end quizzes. Master ESG fundamentals, including environmental responsibility and ethical governance, while earning a credential to drive impactful business decisions. A course perfect for beginners and professionals seeking to lead responsibly. Enroll Now Join 2.0k geeks 4.0 2000+ enrolled 3 Hours of Recorded Content 4 Modules with Certifications English Language Only ₹1499 ₹ 2000 25.06 % OFF Enroll Now Professionals from Top Industries Learn from Us Course Overview Syllabus Course Requirements Certificate Recommended course FAQ Course Overview This comprehensive ESG certification course introduces you to",200
https://www.guvi.in/courses/business-and-management/introduction-to-esg,Best Introduction to ESG Course Online with Certification | GUVI,Course,5,"% OFF Enroll Now Professionals from Top Industries Learn from Us Course Overview Syllabus Course Requirements Certificate Recommended course FAQ Course Overview This comprehensive ESG certification course introduces you to the fundamentals of Environmental, Social, and Governance principles. Learn from industry experts how to evaluate corporate environmental responsibility, foster ethical business practices, and integrate ESG into business strategies. By mastering these concepts, you’ll gain actionable insights into ESG courses designed for modern business challenges. Explore real-world case studies and earn a valuable certification to enhance your career in sustainability. This online course prepares you to meet the rising demand for ESG expertise in diverse sectors. Explore Our Industry-Aligned Curriculum Course Syllabus Expand all Beginner Module 34m total length Intermediate Module 55m total length Advanced Module 39m total length Expert Module 18m total length Course Requirements An eagerness to learn and explore sustainability principles. A commitment to advancing responsible business practices. Accelerate your Career Introduction to ESG: Driving Responsible Business Practices Enroll Now Real Career Stories Powered By Upskilling "" Previously in IT services, I wanted to upgrade to a new field but didn’t know how. The trust I got from HCL GUVI was enormous; I quit my job and took",200
https://www.guvi.in/courses/business-and-management/introduction-to-esg,Best Introduction to ESG Course Online with Certification | GUVI,Course,6,"in IT services, I wanted to upgrade to a new field but didn’t know how. The trust I got from HCL GUVI was enormous; I quit my job and took HCL Guvi Courses. I’ve now been placed as a Data Scientist at AI Enterprise Software India Ltd. I’m feeling blessed and didn’t expect this level of help! "" S Sonia Kola Data scientist "" I wanted to make a career shift to IT, so I joined the HCL Guvi Courses. I interviewed with 10 companies and received 3 offers. I eventually accepted an offer from a product-based company and am currently working as a Software Developer at iQuanti India Pvt. Ltd. "" R Rakesh Software Developer "" My world changed after joining HCL GUVI. The Courses helped me to develop apps from scratch—a vital skill for any developer—and I worked on projects like GooglePay and YouTube clones. I was placed at a product-based company, Zest Money. If you want to upskill and join a product-based company, I highly recommend the HCL Guvi Courses. "" M Muntha Pawan Kumar Software Developer "" I enrolled in the UI/UX Design course at HCL GUVI to master the art of user-centric design. The course",200
https://www.guvi.in/courses/business-and-management/introduction-to-esg,Best Introduction to ESG Course Online with Certification | GUVI,Course,7,"HCL Guvi Courses. "" M Muntha Pawan Kumar Software Developer "" I enrolled in the UI/UX Design course at HCL GUVI to master the art of user-centric design. The course was brilliantly structured, moving from wireframing basics to high-fidelity prototyping and user testing. Learning tools like Figma and working on real-world case studies helped me a lot. "" S Shaik Ahmad Associate Product Manager Awards & Achievements HCL GUVI recognized as the Best Partner - Technology Training by Empire Forums. Awarded by ZEE Digital during ZEE National Achievers Awards 2022. Awarded by ENTREPRENEUR INDIA for having the best online personalized learning programs. HCL GUVI recognized as the ""Best GenAI Training Partner"" by UBS Forums For the most users to take an Artificial Intelligence lesson in 24 hours. HCL GUVI recognized as the ""Best Partner - New Hire Training"" by UBS Forums Broke the Record for most users taking an online computer programming lesson in 24 Hrs. Certification Industry-recognized Introduction to ESG: Driving Responsible Business Practices Certificate Certificates are generated after the completion of course. Certificates are globally recognized & they help Enhance your profile. More Courses related to Business and Management English 4.6 Business Intelligence Analyst 6 Hrs 2k+ Enrolled",200
https://www.guvi.in/courses/business-and-management/introduction-to-esg,Best Introduction to ESG Course Online with Certification | GUVI,Course,8,"the completion of course. Certificates are globally recognized & they help Enhance your profile. More Courses related to Business and Management English 4.6 Business Intelligence Analyst 6 Hrs 2k+ Enrolled ₹1,499 English 4.8 Business Finance 5 Hrs 2k+ Enrolled ₹1,499 English 4.3 Business Communication 13 Hrs 2k+ Enrolled ₹2,499 English 4.4 SAP S/4 HANA 3 Hrs 2k+ Enrolled ₹1,499 English 5.0 Salesforce Course - Complete CRM & Cloud Training 6 Hrs 2k+ Enrolled ₹1,499 English 4.8 Corporate Financial Analyst 10 Hrs 2k+ Enrolled ₹2,499 English 5.0 Design Thinking 4 Hrs 2k+ Enrolled ₹1,499 English 5.0 Six Sigma 22 Hrs 2k+ Enrolled ₹2,499 View all courses Frequently Asked Questions What is an ESG course? − Our ESG course explores Environmental, Social, and Governance principles, teaching their impact on sustainable business practices. How do I start learning about ESG? + What are the 3 scopes of ESG? + What is the main goal of ESG? + Is ESG a good career? + Do ESG jobs pay well? + Course Preview Introduction to ESG: Driving Responsible Business Practices Master n8n AI Agents: Build & Sell AI Agents and Automations Free Sample Videos NOW PLAYING 12:26 Master n8n AI Agents: Build & Sell AI",200
https://www.guvi.in/courses/business-and-management/introduction-to-esg,Best Introduction to ESG Course Online with Certification | GUVI,Course,9,ESG: Driving Responsible Business Practices Master n8n AI Agents: Build & Sell AI Agents and Automations Free Sample Videos NOW PLAYING 12:26 Master n8n AI Agents: Build & Sell AI Agents and Automations Module 1 12:26 What is n8n? (Replace Zapier/Make with n8n) Module 2 1:40 4 Key Components of an AI Agent Module 3 8:15 Understanding AI Workflows Module 4 Enroll Now - ₹1499,65
https://www.guvi.in/courses/project-and-product-management/introduction-to-agile-and-project-management,Introduction to Agile and Project Management Course | GUVI,Course,0,"Introduction to Agile and Project Management Course GUVI LIVE Classes VLSI Design Programme New IIT Delhi certified AI & Machine Learning New Intel & IIT-M Pravartak certified Data Science IIT-M Pravartak certified Full Stack Development IIT-M Pravartak certified UI/UX Design HCL GUVI certified AI DevOps Program HCL GUVI certified Still Confused? Request a Callback Explore all Programs Courses Practice CodeKata Sharpen your coding skills, prepare for interviews WebKata Build basic frontend & backend development skills SQLKata Master SQL concepts in relational database management FixTheCode A series of programs curated by industry experts IDE - Online Compiler Run & test your code in any programming language Resources Free Resources Referral Success Stories Blogs Learn Hub Get The App Rewards Become an Affiliate Leaderboard What's New? Resume Builder Community Hub Our Products HackerKID Coding classes platform for K-12 children GUVI For Corporates Meet your Hiring & Training Needs Placement Preparation Ace Up your Aptitude Login Sign up Login Sign up LIVE Classes VLSI Design Programme New IIT Delhi certified AI & Machine Learning New Intel & IIT-M Pravartak certified Data Science IIT-M Pravartak certified Full Stack Development IIT-M Pravartak certified UI/UX Design HCL GUVI certified AI DevOps Program HCL GUVI certified Explore",200
https://www.guvi.in/courses/project-and-product-management/introduction-to-agile-and-project-management,Introduction to Agile and Project Management Course | GUVI,Course,1,"Learning New Intel & IIT-M Pravartak certified Data Science IIT-M Pravartak certified Full Stack Development IIT-M Pravartak certified UI/UX Design HCL GUVI certified AI DevOps Program HCL GUVI certified Explore all Programs Courses Practice CodeKata Sharpen your coding skills, prepare for interviews WebKata Build basic frontend & backend development skills SQLKata Master SQL concepts in relational database management FixTheCode A series of programs curated by industry experts IDE - Online Compiler Run & test your code in any programming language Resources Free Resources Referral Success Stories Blogs Learn Hub Get The App Rewards Become an Affiliate Leaderboard What's New? Resume Builder Community Hub Our Products HackerKID Coding classes platform for K-12 children GUVI For Corporates Meet your Hiring & Training Needs Placement Preparation Ace Up your Aptitude Still Confused? Request a Callback Welcome LIVE Classes Courses Practice Platforms Leaderboard Rewards Referral Profile Finish Welcome LIVE Classes Courses Practice Platforms Leaderboard Rewards Referral Profile Finish ✕ Welcome to HCL GUVI Hey there! Welcome to HCL GUVI—Grab Your Vernacular Imprint—where tech learning is easy, fun, and curated specially for you. Incubated by IIT Madras & IIM Ahmedabad in 2014 and now part of HCL Group, we're making quality tech education accessible to",200
https://www.guvi.in/courses/project-and-product-management/introduction-to-agile-and-project-management,Introduction to Agile and Project Management Course | GUVI,Course,2,"is easy, fun, and curated specially for you. Incubated by IIT Madras & IIM Ahmedabad in 2014 and now part of HCL Group, we're making quality tech education accessible to all. Join 3M+ learners breaking barriers and upskilling for a brighter future. We're here to guide you every step of the way! 🚀 LIVE Classes Zen Classes are HCL GUVI's most refined and flagship product—live, expert-led tech programs for beginners and pros. With IITM Pravartak affiliations, master Full-Stack, Data Science, DevOps, UI/UX, and more in multiple languages! Explore More Courses Looking for flexibility? HCL GUVI's 200+ self-paced courses let you learn anytime, anywhere! From free lessons to IIT-M & Autodesk-certified programs, gain in-demand skills in your preferred language. Explore More Practice Platforms Enhance your coding skills with HCL GUVI's Practice Platforms—interactive, structured, and designed to help you master programming effortlessly. CodeKata: A structured coding practice platform with 1500+ coding problems designed by industry experts. Ideal for beginners and professionals preparing for tech interviews with real-world coding challenges. Try Now > WebKata: An interactive platform to master HTML, CSS, JavaScript, and Bootstrap with a live coding environment. Perfect for hands-on web development practice without any setup. Try Now > SQLKata: A",200
https://www.guvi.in/courses/project-and-product-management/introduction-to-agile-and-project-management,Introduction to Agile and Project Management Course | GUVI,Course,3,"WebKata: An interactive platform to master HTML, CSS, JavaScript, and Bootstrap with a live coding environment. Perfect for hands-on web development practice without any setup. Try Now > SQLKata: A practice ground for mastering SQL queries used in real-world applications. Write, optimize, and refine your queries to build strong database skills. Try Now > FixTheCode: Hone your bug-fixing skills with real-world debugging challenges in Python, C++, JavaScript, and Golang. More languages coming soon! Try Now > IDE: A free online compiler supporting 20+ programming languages with auto-complete, debugging, and AI-powered code generation—all in the cloud! Try Now > Leaderboard Climb the leaderboard as you earn Geekoins by learning and practicing! The top scorers get featured, making learning competitive and rewarding. Keep going—you could be next! Explore More Rewards Earn Geekoins by watching videos and practicing problems, then redeem them for exciting rewards. The more you engage, the more you win! Explore More Referral Love learning with HCL GUVI? Share it with friends! Invite them using your unique link or code and unlock exciting rewards—Amazon vouchers, iPhones, and more. A Win-Win. Explore More Profile Your HCL GUVI profile is your digital portfolio! Track progress, showcase skills, add projects, and build a",200
https://www.guvi.in/courses/project-and-product-management/introduction-to-agile-and-project-management,Introduction to Agile and Project Management Course | GUVI,Course,4,"and unlock exciting rewards—Amazon vouchers, iPhones, and more. A Win-Win. Explore More Profile Your HCL GUVI profile is your digital portfolio! Track progress, showcase skills, add projects, and build a resume. Keep it updated—opportunities await! Explore More That's It! You Are Ready! You're all set to dive into your learning journey with HCL GUVI. Explore, upskill, and make each step count—exciting possibilities awaits! close Thank you for Reaching us out Our team will reach you out within the next 24 hours. Explore all Programs ✕ Accelerate your Career Introduction to Agile and Project Management Enroll in Agile Project Management Certification with GUVI's online and comprehensive course. Aimed at beginners, this course covers all the basics of Agile principles, estimation techniques, and the Scaled Agile Framework. What's more? Become familiar with plenty of upskilling opportunities knocking on your door! Enroll Now Join 2.0k geeks 4.7 2000+ enrolled 5 Hours of Recorded Content 4 Modules with Certifications English Language Only ₹1499 ₹ 1999 25 % OFF Enroll Now Professionals from Top Industries Learn from Us Course Overview Syllabus Course Requirements Certificate Recommended course FAQ Course Overview Begin on a journey to master Agile methodologies and project management with our in-depth upskilling course.",200
https://www.guvi.in/courses/project-and-product-management/introduction-to-agile-and-project-management,Introduction to Agile and Project Management Course | GUVI,Course,5,"Learn from Us Course Overview Syllabus Course Requirements Certificate Recommended course FAQ Course Overview Begin on a journey to master Agile methodologies and project management with our in-depth upskilling course. Designed for beginners, working professionals and anyone interested in the subject, this detailed course covers the essentials of Agile Project Management. You will explore the history and evolution of Agile, understand its core principles, and learn how Agile differs from traditional project management. Next up, you'll dive into Agile estimation and planning techniques, including story points, planning poker, and sprint planning. The course also introduces the Scaled Agile Framework (SAFe) for managing large-scale projects. By the end, you will be armed with industry-recognized skills to manage projects efficiently using Agile principles, ensuring high-quality product delivery. Explore Our Industry-Aligned Curriculum Course Syllabus Expand all Beginner Module 33m total length Intermediate Module 47m total length Advanced Module 45m total length Expert Module 59m total length Course Requirements Basic understanding of project management Eagerness to learn Agile methodologies Accelerate your Career Introduction to Agile and Project Management Enroll Now Real Career Stories Powered By Upskilling "" Previously in IT services, I wanted to upgrade to a new field but didn’t know how. The",200
https://www.guvi.in/courses/project-and-product-management/introduction-to-agile-and-project-management,Introduction to Agile and Project Management Course | GUVI,Course,6,"Agile and Project Management Enroll Now Real Career Stories Powered By Upskilling "" Previously in IT services, I wanted to upgrade to a new field but didn’t know how. The trust I got from HCL GUVI was enormous; I quit my job and took HCL Guvi Courses. I’ve now been placed as a Data Scientist at AI Enterprise Software India Ltd. I’m feeling blessed and didn’t expect this level of help! "" S Sonia Kola Data scientist "" I wanted to make a career shift to IT, so I joined the HCL Guvi Courses. I interviewed with 10 companies and received 3 offers. I eventually accepted an offer from a product-based company and am currently working as a Software Developer at iQuanti India Pvt. Ltd. "" R Rakesh Software Developer "" My world changed after joining HCL GUVI. The Courses helped me to develop apps from scratch—a vital skill for any developer—and I worked on projects like GooglePay and YouTube clones. I was placed at a product-based company, Zest Money. If you want to upskill and join a product-based company, I highly recommend the HCL Guvi Courses. "" M Muntha Pawan Kumar Software Developer "" I enrolled in the UI/UX",200
https://www.guvi.in/courses/project-and-product-management/introduction-to-agile-and-project-management,Introduction to Agile and Project Management Course | GUVI,Course,7,"If you want to upskill and join a product-based company, I highly recommend the HCL Guvi Courses. "" M Muntha Pawan Kumar Software Developer "" I enrolled in the UI/UX Design course at HCL GUVI to master the art of user-centric design. The course was brilliantly structured, moving from wireframing basics to high-fidelity prototyping and user testing. Learning tools like Figma and working on real-world case studies helped me a lot. "" S Shaik Ahmad Associate Product Manager Awards & Achievements HCL GUVI recognized as the Best Partner - Technology Training by Empire Forums. Awarded by ZEE Digital during ZEE National Achievers Awards 2022. Awarded by ENTREPRENEUR INDIA for having the best online personalized learning programs. HCL GUVI recognized as the ""Best GenAI Training Partner"" by UBS Forums For the most users to take an Artificial Intelligence lesson in 24 hours. HCL GUVI recognized as the ""Best Partner - New Hire Training"" by UBS Forums Broke the Record for most users taking an online computer programming lesson in 24 Hrs. Certification Industry-recognized Introduction to Agile and Project Management Certificate Certificates are generated after the completion of course. Certificates are globally recognized & they help Enhance your profile. More Courses related",200
https://www.guvi.in/courses/project-and-product-management/introduction-to-agile-and-project-management,Introduction to Agile and Project Management Course | GUVI,Course,8,"Certification Industry-recognized Introduction to Agile and Project Management Certificate Certificates are generated after the completion of course. Certificates are globally recognized & they help Enhance your profile. More Courses related to Tamil 4.0 Confluence in Tamil 12 Hrs 2k+ Enrolled ₹2,499 View all courses Frequently Asked Questions **What is Agile project management course?** − GUVI’s Agile project management course teaches the principles and practices of Agile methodologies, focusing on iterative development, customer collaboration, and adaptive planning to manage projects effectively. **What are the advantages of agile PM?** + **Why study Agile project management?** + **Is Agile project management difficult?** + **Are there any other similar courses available?** + **Is Agile project management in demand?** + **What is the future of Agile project management?** + **How do you determine the best Agile framework for your project?** + Course Preview Introduction to Agile and Project Management Master n8n AI Agents: Build & Sell AI Agents and Automations Free Sample Videos NOW PLAYING 12:26 Master n8n AI Agents: Build & Sell AI Agents and Automations Module 1 12:26 What is n8n? (Replace Zapier/Make with n8n) Module 2 1:40 4 Key Components of an AI Agent Module 3 8:15 Understanding AI Workflows Module 4",200
https://www.guvi.in/corporates,"HCL GUVI For Corporates: Tailored Training, Hiring, and CSR Solutions",Other,0,"HCL GUVI For Corporates: Tailored Training, Hiring, and CSR Solutions For Enterprises Business Training Government Programs CSR For Institutes Hiring Solutions Resources Report Contact For Enterprises For Institutes Hiring Solutions Resources Need Help? Reach Our Team Contact Enterprise Learning solution HCL GUVI for Enterprise Future-Ready Talent. Enterprise-Ready Solutions. HCL GUVI delivers a technology-first approach to learning, hiring, and upskilling. Its integrated ecosystem empowers enterprises, institutions, and governments to close skill gaps, accelerate recruitment, and drive inclusive workforce development. Get Started Our Ecosystem of Partners Solutions Tailored Programs for Every Corporate Need Choose from our comprehensive suite of training solutions Corporate Training Solutions Customized training programs that build a future-ready workforce, improve productivity, performance, & business outcomes. Know More Government Skilling Programs Large-scale skilling programs designed to drive workforce development with impact, scalability, and compliance. Know More CSR Skilling Initiatives CSR-funded skilling programs that create social impact by improving employability and supporting sustainable livelihoods. Know More Real Impact Our Enterprise Impact Real results delivered across teams, functions, and regions-backed by data and proven at scale. 3K+ Industry Mentors 600+ Enterprises Partnered 800+ Self Paced Videos 4.5M+ Learners Upskill. Hire. Empower. We'll build a plan that fits. Contact Us Now! 🇮🇳 +91",200
https://www.guvi.in/corporates,"HCL GUVI For Corporates: Tailored Training, Hiring, and CSR Solutions",Other,1,"and proven at scale. 3K+ Industry Mentors 600+ Enterprises Partnered 800+ Self Paced Videos 4.5M+ Learners Upskill. Hire. Empower. We'll build a plan that fits. Contact Us Now! 🇮🇳 +91 🇦🇫 Afghanistan +93 🇦🇽 Aland Islands +358-18 🇦🇱 Albania +355 🇩🇿 Algeria +213 🇦🇸 American Samoa +1-684 🇦🇩 Andorra +376 🇦🇴 Angola +244 🇦🇮 Anguilla +1-264 🇦🇶 Antarctica +672 🇦🇬 Antigua And Barbuda +1-268 🇦🇷 Argentina +54 🇦🇲 Armenia +374 🇦🇼 Aruba +297 🇦🇺 Australia +61 🇦🇹 Austria +43 🇦🇿 Azerbaijan +994 🇧🇭 Bahrain +973 🇧🇩 Bangladesh +880 🇧🇧 Barbados +1-246 🇧🇾 Belarus +375 🇧🇪 Belgium +32 🇧🇿 Belize +501 🇧🇯 Benin +229 🇧🇲 Bermuda +1-441 🇧🇹 Bhutan +975 🇧🇴 Bolivia +591 🇧🇶 Bonaire, Sint Eustatius and Saba +599 🇧🇦 Bosnia and Herzegovina +387 🇧🇼 Botswana +267 🇧🇻 Bouvet Island +0055 🇧🇷 Brazil +55 🇮🇴 British Indian Ocean Territory +246 🇧🇳 Brunei +673 🇧🇬 Bulgaria +359 🇧🇫 Burkina Faso +226 🇧🇮 Burundi +257 🇰🇭 Cambodia +855 🇨🇲 Cameroon +237 🇨🇦 Canada +1 🇨🇻 Cape Verde +238 🇰🇾 Cayman Islands +1-345 🇨🇫 Central African Republic +236 🇹🇩 Chad +235 🇨🇱 Chile +56 🇨🇳 China +86 🇨🇽 Christmas Island +61 🇨🇨 Cocos (Keeling) Islands +61 🇨🇴 Colombia +57 🇰🇲 Comoros +269 🇨🇬",200
https://www.guvi.in/corporates,"HCL GUVI For Corporates: Tailored Training, Hiring, and CSR Solutions",Other,2,🇨🇫 Central African Republic +236 🇹🇩 Chad +235 🇨🇱 Chile +56 🇨🇳 China +86 🇨🇽 Christmas Island +61 🇨🇨 Cocos (Keeling) Islands +61 🇨🇴 Colombia +57 🇰🇲 Comoros +269 🇨🇬 Congo +242 🇨🇰 Cook Islands +682 🇨🇷 Costa Rica +506 🇨🇮 Cote D'Ivoire (Ivory Coast) +225 🇭🇷 Croatia +385 🇨🇺 Cuba +53 🇨🇼 Curaçao +599 🇨🇾 Cyprus +357 🇨🇿 Czech Republic +420 🇨🇩 Democratic Republic of the Congo +243 🇩🇰 Denmark +45 🇩🇯 Djibouti +253 🇩🇲 Dominica +1-767 🇩🇴 Dominican Republic +1-809 and 1-829 🇹🇱 East Timor +670 🇪🇨 Ecuador +593 🇪🇬 Egypt +20 🇸🇻 El Salvador +503 🇬🇶 Equatorial Guinea +240 🇪🇷 Eritrea +291 🇪🇪 Estonia +372 🇪🇹 Ethiopia +251 🇫🇰 Falkland Islands +500 🇫🇴 Faroe Islands +298 🇫🇯 Fiji Islands +679 🇫🇮 Finland +358 🇫🇷 France +33 🇬🇫 French Guiana +594 🇵🇫 French Polynesia +689 🇹🇫 French Southern Territories +262 🇬🇦 Gabon +241 🇬🇲 Gambia The +220 🇬🇪 Georgia +995 🇩🇪 Germany +49 🇬🇭 Ghana +233 🇬🇮 Gibraltar +350 🇬🇷 Greece +30 🇬🇱 Greenland +299 🇬🇩 Grenada +1-473 🇬🇵 Guadeloupe +590 🇬🇺 Guam +1-671 🇬🇹 Guatemala +502 🇬🇬 Guernsey and Alderney +44-1481 🇬🇳 Guinea +224 🇬🇼 Guinea-Bissau +245 🇬🇾 Guyana +592 🇭🇹 Haiti +509 🇭🇲 Heard Island and,200
https://www.guvi.in/corporates,"HCL GUVI For Corporates: Tailored Training, Hiring, and CSR Solutions",Other,3,🇬🇵 Guadeloupe +590 🇬🇺 Guam +1-671 🇬🇹 Guatemala +502 🇬🇬 Guernsey and Alderney +44-1481 🇬🇳 Guinea +224 🇬🇼 Guinea-Bissau +245 🇬🇾 Guyana +592 🇭🇹 Haiti +509 🇭🇲 Heard Island and McDonald Islands +672 🇭🇳 Honduras +504 🇭🇰 Hong Kong S.A.R. +852 🇭🇺 Hungary +36 🇮🇸 Iceland +354 🇮🇳 India +91 🇮🇩 Indonesia +62 🇮🇷 Iran +98 🇮🇶 Iraq +964 🇮🇪 Ireland +353 🇮🇱 Israel +972 🇮🇹 Italy +39 🇯🇲 Jamaica +1-876 🇯🇵 Japan +81 🇯🇪 Jersey +44-1534 🇯🇴 Jordan +962 🇰🇿 Kazakhstan +7 🇰🇪 Kenya +254 🇰🇮 Kiribati +686 🇽🇰 Kosovo +383 🇰🇼 Kuwait +965 🇰🇬 Kyrgyzstan +996 🇱🇦 Laos +856 🇱🇻 Latvia +371 🇱🇧 Lebanon +961 🇱🇸 Lesotho +266 🇱🇷 Liberia +231 🇱🇾 Libya +218 🇱🇮 Liechtenstein +423 🇱🇹 Lithuania +370 🇱🇺 Luxembourg +352 🇲🇴 Macau S.A.R. +853 🇲🇰 Macedonia +389 🇲🇬 Madagascar +261 🇲🇼 Malawi +265 🇲🇾 Malaysia +60 🇲🇻 Maldives +960 🇲🇱 Mali +223 🇲🇹 Malta +356 🇮🇲 Man (Isle of) +44-1624 🇲🇭 Marshall Islands +692 🇲🇶 Martinique +596 🇲🇷 Mauritania +222 🇲🇺 Mauritius +230 🇾🇹 Mayotte +262 🇲🇽 Mexico +52 🇫🇲 Micronesia +691 🇲🇩 Moldova +373 🇲🇨 Monaco +377 🇲🇳 Mongolia +976 🇲🇪 Montenegro +382 🇲🇸 Montserrat +1-664 🇲🇦 Morocco +212 🇲🇿 Mozambique +258 🇲🇲 Myanmar,200
https://www.guvi.in/corporates,"HCL GUVI For Corporates: Tailored Training, Hiring, and CSR Solutions",Other,4,+262 🇲🇽 Mexico +52 🇫🇲 Micronesia +691 🇲🇩 Moldova +373 🇲🇨 Monaco +377 🇲🇳 Mongolia +976 🇲🇪 Montenegro +382 🇲🇸 Montserrat +1-664 🇲🇦 Morocco +212 🇲🇿 Mozambique +258 🇲🇲 Myanmar +95 🇳🇦 Namibia +264 🇳🇷 Nauru +674 🇳🇵 Nepal +977 🇳🇱 Netherlands +31 🇳🇨 New Caledonia +687 🇳🇿 New Zealand +64 🇳🇮 Nicaragua +505 🇳🇪 Niger +227 🇳🇬 Nigeria +234 🇳🇺 Niue +683 🇳🇫 Norfolk Island +672 🇰🇵 North Korea +850 🇲🇵 Northern Mariana Islands +1-670 🇳🇴 Norway +47 🇴🇲 Oman +968 🇵🇰 Pakistan +92 🇵🇼 Palau +680 🇵🇸 Palestinian Territory Occupied +970 🇵🇦 Panama +507 🇵🇬 Papua new Guinea +675 🇵🇾 Paraguay +595 🇵🇪 Peru +51 🇵🇭 Philippines +63 🇵🇳 Pitcairn Island +870 🇵🇱 Poland +48 🇵🇹 Portugal +351 🇵🇷 Puerto Rico +1-787 and 1-939 🇶🇦 Qatar +974 🇷🇪 Reunion +262 🇷🇴 Romania +40 🇷🇺 Russia +7 🇷🇼 Rwanda +250 🇸🇭 Saint Helena +290 🇰🇳 Saint Kitts And Nevis +1-869 🇱🇨 Saint Lucia +1-758 🇵🇲 Saint Pierre and Miquelon +508 🇻🇨 Saint Vincent And The Grenadines +1-784 🇧🇱 Saint-Barthelemy +590 🇲🇫 Saint-Martin (French part) +590 🇼🇸 Samoa +685 🇸🇲 San Marino +378 🇸🇹 Sao Tome and Principe +239 🇸🇦 Saudi Arabia +966 🇸🇳 Senegal +221 🇷🇸 Serbia +381 🇸🇨,200
https://www.guvi.in/corporates,"HCL GUVI For Corporates: Tailored Training, Hiring, and CSR Solutions",Other,5,+590 🇲🇫 Saint-Martin (French part) +590 🇼🇸 Samoa +685 🇸🇲 San Marino +378 🇸🇹 Sao Tome and Principe +239 🇸🇦 Saudi Arabia +966 🇸🇳 Senegal +221 🇷🇸 Serbia +381 🇸🇨 Seychelles +248 🇸🇱 Sierra Leone +232 🇸🇬 Singapore +65 🇸🇽 Sint Maarten (Dutch part) +1721 🇸🇰 Slovakia +421 🇸🇮 Slovenia +386 🇸🇧 Solomon Islands +677 🇸🇴 Somalia +252 🇿🇦 South Africa +27 🇬🇸 South Georgia +500 🇰🇷 South Korea +82 🇸🇸 South Sudan +211 🇪🇸 Spain +34 🇱🇰 Sri Lanka +94 🇸🇩 Sudan +249 🇸🇷 Suriname +597 🇸🇯 Svalbard And Jan Mayen Islands +47 🇸🇿 Swaziland +268 🇸🇪 Sweden +46 🇨🇭 Switzerland +41 🇸🇾 Syria +963 🇹🇼 Taiwan +886 🇹🇯 Tajikistan +992 🇹🇿 Tanzania +255 🇹🇭 Thailand +66 🇧🇸 The Bahamas +1-242 🇹🇬 Togo +228 🇹🇰 Tokelau +690 🇹🇴 Tonga +676 🇹🇹 Trinidad And Tobago +1-868 🇹🇳 Tunisia +216 🇹🇷 Turkey +90 🇹🇲 Turkmenistan +993 🇹🇨 Turks And Caicos Islands +1-649 🇹🇻 Tuvalu +688 🇺🇬 Uganda +256 🇺🇦 Ukraine +380 🇦🇪 United Arab Emirates +971 🇬🇧 United Kingdom +44 🇺🇸 United States +1 🇺🇲 United States Minor Outlying Islands +1 🇺🇾 Uruguay +598 🇺🇿 Uzbekistan +998 🇻🇺 Vanuatu +678 🇻🇦 Vatican City State (Holy See) +379 🇻🇪 Venezuela +58 🇻🇳,200
https://www.guvi.in/corporates,"HCL GUVI For Corporates: Tailored Training, Hiring, and CSR Solutions",Other,6,"United States +1 🇺🇲 United States Minor Outlying Islands +1 🇺🇾 Uruguay +598 🇺🇿 Uzbekistan +998 🇻🇺 Vanuatu +678 🇻🇦 Vatican City State (Holy See) +379 🇻🇪 Venezuela +58 🇻🇳 Vietnam +84 🇻🇬 Virgin Islands (British) +1-284 🇻🇮 Virgin Islands (US) +1-340 🇼🇫 Wallis And Futuna Islands +681 🇪🇭 Western Sahara +212 🇾🇪 Yemen +967 🇿🇲 Zambia +260 🇿🇼 Zimbabwe +263 Looking For Business Training CSR Solutions Institutional Programs Government Programs Hiring Solutions Submit By registering, I agree to be contacted via phone, SMS, or email for offers & products, even if I am on a DNC/NDNC list Industry Recognized Recognition & Industry Honors Industry recognition earned through consistent performance and impact Best GenAI Training Partner HCL GUVI recognized as the 'Best GenAI Training Partner' by UBS Forums Best Partner - New Hire Training HCL GUVI recognized as the ""Best Partner - New Hire Training"" by UBS Forums Best Partner - Technology Training HCL GUVI recognized as the Best Partner - Technology Training by Empire Forums. Insights Newsroom Explore how skill-based training with HCL GUVI delivers results that truly matter. UPNEDA Hosts GenAI Training with HCL GUVI Goa Electronics Limited and HCL GUVI Spearhead GenAI Training to positions Goa as",200
https://www.guvi.in/corporates,"HCL GUVI For Corporates: Tailored Training, Hiring, and CSR Solutions",Other,7,"skill-based training with HCL GUVI delivers results that truly matter. UPNEDA Hosts GenAI Training with HCL GUVI Goa Electronics Limited and HCL GUVI Spearhead GenAI Training to positions Goa as an emerging IT hub FAQ Frequently Asked Questions What is HCL GUVI for Enterprise? HCL GUVI for Enterprise is an integrated platform that helps organizations upskill employees, assess talent, and build future-ready workforces through role-based training programs, AI-powered assessments, and industry-aligned learning solutions. What corporate training programs does HCL GUVI offer? HCL GUVI offers customized corporate training programs across domains such as Artificial Intelligence, Data Science, Cloud Computing, Cybersecurity, Software Development, Leadership, and Soft Skills, designed to meet enterprise capability-building needs. How does HCL GUVI help companies upskill their workforce? HCL GUVI enables employee upskilling through hands-on learning, multilingual content, real-world projects, industry mentors, and AI-powered assessments, helping organizations build job-ready talent faster. Does HCL GUVI offer customized training programs for enterprises? Yes. HCL GUVI designs custom learning academies, tailored training modules, and organization-specific programs aligned with business goals, job roles, and technology adoption strategies. How does HCL GUVI support CSR skill development initiatives? HCL GUVI works with enterprises to launch CSR-driven skilling programs that empower underserved communities, women learners,",200
https://www.guvi.in/corporates,"HCL GUVI For Corporates: Tailored Training, Hiring, and CSR Solutions",Other,8,"roles, and technology adoption strategies. How does HCL GUVI support CSR skill development initiatives? HCL GUVI works with enterprises to launch CSR-driven skilling programs that empower underserved communities, women learners, and young professionals with digital and employability skills. Still Have Questions? Our team is here to help if you need more information or have additional questions. Contact HCL GUVI empowers enterprises and institutions with tech-driven learning, hiring, and upskilling—bridging skill gaps and building future-ready teams. CONTACT US [email protected] OUR SOLUTIONS Enterprises Hiring Business Training CSR Universities Government OFFICE IITM Research park - phase 2, module #9 3rd floor, D block, Kanagam Rd, Tharamani, Chennai, Tamil Nadu 600113 A11, HCL Corporation Pvt. Ltd, Block A, Sector 3, Noida, Uttar Pradesh 201307 FOLLOW US Terms and Conditions Privacy Policy HCL GUVI Geek Network Pvt. Ltd. HCL GUVI empowers enterprises and institutions with tech-driven learning, hiring, and upskilling—bridging skill gaps and building future-ready teams. FOLLOW US CONTACT US [email protected] OFFICE IITM Research park - phase 2, module #9 3rd floor, D block, Kanagam Rd, Tharamani, Chennai, Tamil Nadu 600113 A11, HCL Corporation Pvt. Ltd, Block A, Sector 3, Noida, Uttar Pradesh 201307 OUR SOLUTIONS Enterprises Hiring Business Training CSR Universities Government",200
https://www.guvi.in/courses/business-and-management/business-finance,Best Business Finance Course Online with Certification | GUVI,Course,0,"Best Business Finance Course Online with Certification GUVI LIVE Classes VLSI Design Programme New IIT Delhi certified AI & Machine Learning New Intel & IIT-M Pravartak certified Data Science IIT-M Pravartak certified Full Stack Development IIT-M Pravartak certified UI/UX Design HCL GUVI certified AI DevOps Program HCL GUVI certified Still Confused? Request a Callback Explore all Programs Courses Practice CodeKata Sharpen your coding skills, prepare for interviews WebKata Build basic frontend & backend development skills SQLKata Master SQL concepts in relational database management FixTheCode A series of programs curated by industry experts IDE - Online Compiler Run & test your code in any programming language Resources Free Resources Referral Success Stories Blogs Learn Hub Get The App Rewards Become an Affiliate Leaderboard What's New? Resume Builder Community Hub Our Products HackerKID Coding classes platform for K-12 children GUVI For Corporates Meet your Hiring & Training Needs Placement Preparation Ace Up your Aptitude Login Sign up Login Sign up LIVE Classes VLSI Design Programme New IIT Delhi certified AI & Machine Learning New Intel & IIT-M Pravartak certified Data Science IIT-M Pravartak certified Full Stack Development IIT-M Pravartak certified UI/UX Design HCL GUVI certified AI DevOps Program HCL GUVI certified Explore",200
https://www.guvi.in/courses/business-and-management/business-finance,Best Business Finance Course Online with Certification | GUVI,Course,1,"Learning New Intel & IIT-M Pravartak certified Data Science IIT-M Pravartak certified Full Stack Development IIT-M Pravartak certified UI/UX Design HCL GUVI certified AI DevOps Program HCL GUVI certified Explore all Programs Courses Practice CodeKata Sharpen your coding skills, prepare for interviews WebKata Build basic frontend & backend development skills SQLKata Master SQL concepts in relational database management FixTheCode A series of programs curated by industry experts IDE - Online Compiler Run & test your code in any programming language Resources Free Resources Referral Success Stories Blogs Learn Hub Get The App Rewards Become an Affiliate Leaderboard What's New? Resume Builder Community Hub Our Products HackerKID Coding classes platform for K-12 children GUVI For Corporates Meet your Hiring & Training Needs Placement Preparation Ace Up your Aptitude Still Confused? Request a Callback Welcome LIVE Classes Courses Practice Platforms Leaderboard Rewards Referral Profile Finish Welcome LIVE Classes Courses Practice Platforms Leaderboard Rewards Referral Profile Finish ✕ Welcome to HCL GUVI Hey there! Welcome to HCL GUVI—Grab Your Vernacular Imprint—where tech learning is easy, fun, and curated specially for you. Incubated by IIT Madras & IIM Ahmedabad in 2014 and now part of HCL Group, we're making quality tech education accessible to",200
https://www.guvi.in/courses/business-and-management/business-finance,Best Business Finance Course Online with Certification | GUVI,Course,2,"is easy, fun, and curated specially for you. Incubated by IIT Madras & IIM Ahmedabad in 2014 and now part of HCL Group, we're making quality tech education accessible to all. Join 3M+ learners breaking barriers and upskilling for a brighter future. We're here to guide you every step of the way! 🚀 LIVE Classes Zen Classes are HCL GUVI's most refined and flagship product—live, expert-led tech programs for beginners and pros. With IITM Pravartak affiliations, master Full-Stack, Data Science, DevOps, UI/UX, and more in multiple languages! Explore More Courses Looking for flexibility? HCL GUVI's 200+ self-paced courses let you learn anytime, anywhere! From free lessons to IIT-M & Autodesk-certified programs, gain in-demand skills in your preferred language. Explore More Practice Platforms Enhance your coding skills with HCL GUVI's Practice Platforms—interactive, structured, and designed to help you master programming effortlessly. CodeKata: A structured coding practice platform with 1500+ coding problems designed by industry experts. Ideal for beginners and professionals preparing for tech interviews with real-world coding challenges. Try Now > WebKata: An interactive platform to master HTML, CSS, JavaScript, and Bootstrap with a live coding environment. Perfect for hands-on web development practice without any setup. Try Now > SQLKata: A",200
https://www.guvi.in/courses/business-and-management/business-finance,Best Business Finance Course Online with Certification | GUVI,Course,3,"WebKata: An interactive platform to master HTML, CSS, JavaScript, and Bootstrap with a live coding environment. Perfect for hands-on web development practice without any setup. Try Now > SQLKata: A practice ground for mastering SQL queries used in real-world applications. Write, optimize, and refine your queries to build strong database skills. Try Now > FixTheCode: Hone your bug-fixing skills with real-world debugging challenges in Python, C++, JavaScript, and Golang. More languages coming soon! Try Now > IDE: A free online compiler supporting 20+ programming languages with auto-complete, debugging, and AI-powered code generation—all in the cloud! Try Now > Leaderboard Climb the leaderboard as you earn Geekoins by learning and practicing! The top scorers get featured, making learning competitive and rewarding. Keep going—you could be next! Explore More Rewards Earn Geekoins by watching videos and practicing problems, then redeem them for exciting rewards. The more you engage, the more you win! Explore More Referral Love learning with HCL GUVI? Share it with friends! Invite them using your unique link or code and unlock exciting rewards—Amazon vouchers, iPhones, and more. A Win-Win. Explore More Profile Your HCL GUVI profile is your digital portfolio! Track progress, showcase skills, add projects, and build a",200
https://www.guvi.in/courses/business-and-management/business-finance,Best Business Finance Course Online with Certification | GUVI,Course,4,"and unlock exciting rewards—Amazon vouchers, iPhones, and more. A Win-Win. Explore More Profile Your HCL GUVI profile is your digital portfolio! Track progress, showcase skills, add projects, and build a resume. Keep it updated—opportunities await! Explore More That's It! You Are Ready! You're all set to dive into your learning journey with HCL GUVI. Explore, upskill, and make each step count—exciting possibilities awaits! close Thank you for Reaching us out Our team will reach you out within the next 24 hours. Explore all Programs ✕ Accelerate your Career Business Finance This comprehensive program is designed to give you a solid understanding of financial management and strategic frameworks essential for business growth. From foundational concepts to advanced financial analysis, this course covers everything you need to excel in business finance. Enroll Now Join 2.0k geeks 4.8 2000+ enrolled 5 Hours of Recorded Content 4 Modules with Certifications English Language Only ₹1499 ₹ 2000 25.04 % OFF Enroll Now Professionals from Top Industries Learn from Us Course Overview Syllabus Course Requirements Certificate Recommended course FAQ Course Overview This course offers a deep dive into strategic management and financial principles, equipping you with the skills needed to navigate the complexities of modern business",200
https://www.guvi.in/courses/business-and-management/business-finance,Best Business Finance Course Online with Certification | GUVI,Course,5,"Recommended course FAQ Course Overview This course offers a deep dive into strategic management and financial principles, equipping you with the skills needed to navigate the complexities of modern business finance. You'll explore essential frameworks such as the BCG Matrix, SWOT, and TOWS, which are crucial for crafting and executing effective business strategies. Additionally, the course covers critical financial management topics, including project finance, and ratio analysis, as well as understanding key performance metrics like return on capital employed and the debt service coverage ratio. The course also delves into advanced topics like break-even analysis and business valuation methods, providing you with the tools to make informed financial decisions and maximize business value. This course equips business professionals, entrepreneurs, and students with the skills to confidently address financial challenges and make strategic decisions. Explore Our Industry-Aligned Curriculum Course Syllabus Expand all Build a Strong Foundation in Business Finance and Strategic Management 1h total length Master Financial Management and Project Finance Fundamentals 44m total length Analyze Business Performance Using Financial Ratios 51m total length Evaluate Investments and Business Valuation Techniques 36m total length Course Requirements Basic knowledge of business concepts. A willingness to learn and apply financial principles. Access to a",200
https://www.guvi.in/courses/business-and-management/business-finance,Best Business Finance Course Online with Certification | GUVI,Course,6,"51m total length Evaluate Investments and Business Valuation Techniques 36m total length Course Requirements Basic knowledge of business concepts. A willingness to learn and apply financial principles. Access to a computer with internet to access course materials. Accelerate your Career Business Finance Enroll Now Real Career Stories Powered By Upskilling "" Previously in IT services, I wanted to upgrade to a new field but didn’t know how. The trust I got from HCL GUVI was enormous; I quit my job and took HCL Guvi Courses. I’ve now been placed as a Data Scientist at AI Enterprise Software India Ltd. I’m feeling blessed and didn’t expect this level of help! "" S Sonia Kola Data scientist "" I wanted to make a career shift to IT, so I joined the HCL Guvi Courses. I interviewed with 10 companies and received 3 offers. I eventually accepted an offer from a product-based company and am currently working as a Software Developer at iQuanti India Pvt. Ltd. "" R Rakesh Software Developer "" My world changed after joining HCL GUVI. The Courses helped me to develop apps from scratch—a vital skill for any developer—and I worked on projects like GooglePay and YouTube clones. I",200
https://www.guvi.in/courses/business-and-management/business-finance,Best Business Finance Course Online with Certification | GUVI,Course,7,"world changed after joining HCL GUVI. The Courses helped me to develop apps from scratch—a vital skill for any developer—and I worked on projects like GooglePay and YouTube clones. I was placed at a product-based company, Zest Money. If you want to upskill and join a product-based company, I highly recommend the HCL Guvi Courses. "" M Muntha Pawan Kumar Software Developer "" I enrolled in the UI/UX Design course at HCL GUVI to master the art of user-centric design. The course was brilliantly structured, moving from wireframing basics to high-fidelity prototyping and user testing. Learning tools like Figma and working on real-world case studies helped me a lot. "" S Shaik Ahmad Associate Product Manager Awards & Achievements HCL GUVI recognized as the Best Partner - Technology Training by Empire Forums. Awarded by ZEE Digital during ZEE National Achievers Awards 2022. Awarded by ENTREPRENEUR INDIA for having the best online personalized learning programs. HCL GUVI recognized as the ""Best GenAI Training Partner"" by UBS Forums For the most users to take an Artificial Intelligence lesson in 24 hours. HCL GUVI recognized as the ""Best Partner - New Hire Training"" by UBS Forums Broke the Record for most users taking",200
https://www.guvi.in/courses/business-and-management/business-finance,Best Business Finance Course Online with Certification | GUVI,Course,8,"to take an Artificial Intelligence lesson in 24 hours. HCL GUVI recognized as the ""Best Partner - New Hire Training"" by UBS Forums Broke the Record for most users taking an online computer programming lesson in 24 Hrs. Certification Industry-recognized Business Finance Certificate Certificates are generated after the completion of course. Certificates are globally recognized & they help Enhance your profile. More Courses related to Business and Management English 4.6 Business Intelligence Analyst 6 Hrs 2k+ Enrolled ₹1,499 English 4.3 Business Communication 13 Hrs 2k+ Enrolled ₹2,499 English 4.4 SAP S/4 HANA 3 Hrs 2k+ Enrolled ₹1,499 English 5.0 Salesforce Course - Complete CRM & Cloud Training 6 Hrs 2k+ Enrolled ₹1,499 English 4.8 Corporate Financial Analyst 10 Hrs 2k+ Enrolled ₹2,499 English 5.0 Design Thinking 4 Hrs 2k+ Enrolled ₹1,499 English 5.0 Six Sigma 22 Hrs 2k+ Enrolled ₹2,499 View all courses Frequently Asked Questions What is a business finance course? − A business finance course teaches the principles of financial management and the tools needed to manage a business's finances. It covers topics like budgeting, financial analysis, cash flow management, and investment decision-making. What is the scope of business finance? + Is business finance difficult? + What is",200
https://www.guvi.in/courses/business-and-management/business-finance,Best Business Finance Course Online with Certification | GUVI,Course,9,"business's finances. It covers topics like budgeting, financial analysis, cash flow management, and investment decision-making. What is the scope of business finance? + Is business finance difficult? + What is the role of business finance? + Which job is better in finance? + Does business finance offer a good salary? + Course Preview Business Finance Promo Video Free Sample Videos NOW PLAYING 1:14 Promo Video Build a Strong Foundation in Business Finance and Strategic Management 5:20 What is Strategic Management? Build a Strong Foundation in Business Finance and Strategic Management Enroll Now - ₹1499",94
https://www.guvi.in/refund-policy,Refund Policy | HCL GUVI,Policy,0,"Refund Policy HCL GUVI LIVE Classes VLSI Design Programme New IIT Delhi certified AI & Machine Learning New Intel & IIT-M Pravartak certified Data Science IIT-M Pravartak certified Full Stack Development IIT-M Pravartak certified UI/UX Design HCL GUVI certified AI DevOps Program HCL GUVI certified Still Confused? Request a Callback Explore all Programs Courses Practice CodeKata Sharpen your coding skills, prepare for interviews WebKata Build basic frontend & backend development skills SQLKata Master SQL concepts in relational database management FixTheCode A series of programs curated by industry experts IDE - Online Compiler Run & test your code in any programming language Resources Free Resources Referral Success Stories Blogs Learn Hub Get The App Rewards Become an Affiliate Leaderboard What's New? Resume Builder Community Hub Our Products HackerKID Coding classes platform for K-12 children GUVI For Corporates Meet your Hiring & Training Needs Placement Preparation Ace Up your Aptitude Login Sign up Login Sign up LIVE Classes VLSI Design Programme New IIT Delhi certified AI & Machine Learning New Intel & IIT-M Pravartak certified Data Science IIT-M Pravartak certified Full Stack Development IIT-M Pravartak certified UI/UX Design HCL GUVI certified AI DevOps Program HCL GUVI certified Explore all Programs Courses Practice",200
https://www.guvi.in/refund-policy,Refund Policy | HCL GUVI,Policy,1,"IIT-M Pravartak certified Data Science IIT-M Pravartak certified Full Stack Development IIT-M Pravartak certified UI/UX Design HCL GUVI certified AI DevOps Program HCL GUVI certified Explore all Programs Courses Practice CodeKata Sharpen your coding skills, prepare for interviews WebKata Build basic frontend & backend development skills SQLKata Master SQL concepts in relational database management FixTheCode A series of programs curated by industry experts IDE - Online Compiler Run & test your code in any programming language Resources Free Resources Referral Success Stories Blogs Learn Hub Get The App Rewards Become an Affiliate Leaderboard What's New? Resume Builder Community Hub Our Products HackerKID Coding classes platform for K-12 children GUVI For Corporates Meet your Hiring & Training Needs Placement Preparation Ace Up your Aptitude Still Confused? Request a Callback Welcome LIVE Classes Courses Practice Platforms Leaderboard Rewards Referral Profile Finish Welcome LIVE Classes Courses Practice Platforms Leaderboard Rewards Referral Profile Finish ✕ Welcome to HCL GUVI Hey there! Welcome to HCL GUVI—Grab Your Vernacular Imprint—where tech learning is easy, fun, and curated specially for you. Incubated by IIT Madras & IIM Ahmedabad in 2014 and now part of HCL Group, we're making quality tech education accessible to all. Join 3M+ learners",200
https://www.guvi.in/refund-policy,Refund Policy | HCL GUVI,Policy,2,"curated specially for you. Incubated by IIT Madras & IIM Ahmedabad in 2014 and now part of HCL Group, we're making quality tech education accessible to all. Join 3M+ learners breaking barriers and upskilling for a brighter future. We're here to guide you every step of the way! 🚀 LIVE Classes Zen Classes are HCL GUVI's most refined and flagship product—live, expert-led tech programs for beginners and pros. With IITM Pravartak affiliations, master Full-Stack, Data Science, DevOps, UI/UX, and more in multiple languages! Explore More Courses Looking for flexibility? HCL GUVI's 200+ self-paced courses let you learn anytime, anywhere! From free lessons to IIT-M & Autodesk-certified programs, gain in-demand skills in your preferred language. Explore More Practice Platforms Enhance your coding skills with HCL GUVI's Practice Platforms—interactive, structured, and designed to help you master programming effortlessly. CodeKata: A structured coding practice platform with 1500+ coding problems designed by industry experts. Ideal for beginners and professionals preparing for tech interviews with real-world coding challenges. Try Now > WebKata: An interactive platform to master HTML, CSS, JavaScript, and Bootstrap with a live coding environment. Perfect for hands-on web development practice without any setup. Try Now > SQLKata: A practice ground for mastering",200
https://www.guvi.in/refund-policy,Refund Policy | HCL GUVI,Policy,3,"to master HTML, CSS, JavaScript, and Bootstrap with a live coding environment. Perfect for hands-on web development practice without any setup. Try Now > SQLKata: A practice ground for mastering SQL queries used in real-world applications. Write, optimize, and refine your queries to build strong database skills. Try Now > FixTheCode: Hone your bug-fixing skills with real-world debugging challenges in Python, C++, JavaScript, and Golang. More languages coming soon! Try Now > IDE: A free online compiler supporting 20+ programming languages with auto-complete, debugging, and AI-powered code generation—all in the cloud! Try Now > Leaderboard Climb the leaderboard as you earn Geekoins by learning and practicing! The top scorers get featured, making learning competitive and rewarding. Keep going—you could be next! Explore More Rewards Earn Geekoins by watching videos and practicing problems, then redeem them for exciting rewards. The more you engage, the more you win! Explore More Referral Love learning with HCL GUVI? Share it with friends! Invite them using your unique link or code and unlock exciting rewards—Amazon vouchers, iPhones, and more. A Win-Win. Explore More Profile Your HCL GUVI profile is your digital portfolio! Track progress, showcase skills, add projects, and build a resume. Keep it updated—opportunities",200
https://www.guvi.in/refund-policy,Refund Policy | HCL GUVI,Policy,4,"vouchers, iPhones, and more. A Win-Win. Explore More Profile Your HCL GUVI profile is your digital portfolio! Track progress, showcase skills, add projects, and build a resume. Keep it updated—opportunities await! Explore More That's It! You Are Ready! You're all set to dive into your learning journey with HCL GUVI. Explore, upskill, and make each step count—exciting possibilities awaits! close Thank you for Reaching us out Our team will reach you out within the next 24 hours. Explore all Programs ✕ Refund Policy How do I get certified for a course? We want you to be satisfied, so all eligible courses purchased on HCL GUVI can be refunded within 7 days. For whatever reason, if you are unhappy with a course, you can request a refund, provided the request meets the guidelines in our refund policy. Certain restrictions may apply and some purchases may only be eligible for credit refunds. For more information regarding our refund policy, please see below How does HCL GUVI's 7-day refund policy work? While our 7-day refund policy is to allow students to learn risk free, we must also protect our instructors from fraud and provide them a reasonable payment schedule, so we will not",200
https://www.guvi.in/refund-policy,Refund Policy | HCL GUVI,Policy,5,"7-day refund policy is to allow students to learn risk free, we must also protect our instructors from fraud and provide them a reasonable payment schedule, so we will not process refund requests received after the refund window. Where will I receive the refund amount? The refund amount will be transferred to the payment method used by you while purchasing the course. What are the additional reasons for denied refunds? We reserve the right, in our sole discretion, to limit or deny refund requests in cases where we believe there is refund abuse, including but not limited to the following: A significant portion of the course has been consumed or downloaded by a student before the refund was requested. Multiple refunds have been requested by a student for the same course. Excessive refunds have been requested by a student. Users who have their account banned or course access disabled due to a violation of our Terms will not be eligible to receive a refund. We do not grant refunds for any subscription services after 7 days. These refund restrictions will be enforced to the extent permitted by applicable law. What about refunds for bundles purchased through a third party? Since",200
https://www.guvi.in/refund-policy,Refund Policy | HCL GUVI,Policy,6,"any subscription services after 7 days. These refund restrictions will be enforced to the extent permitted by applicable law. What about refunds for bundles purchased through a third party? Since the payment for the bundle was processed by the third-party vendor, we do not have the transaction on file and cannot initiate a refund for you. Please contact the third-party vendor directly to request a refund. For further Queries, Drop a mail to [email protected] ZEN CLASS LIVE CLASS Full Stack Development Data Science Software Development Intel AIML UI/UX DevOps Business Analytics with Digital Marketing All Programs Popular Courses Python - IIT-M Pravartak Certified Java Mobile Hacking C Programming AWS Angular Dark Web All Courses Self-Paced Courses Paid Courses Free Courses Combos Practice Platforms CodeKata WebKata SQLKata FixTheCode IDE Community Campus Ambassador Industrial visit Products HackerKID Placement Preparation HCL GUVI for Corporates Resources Success Stories Learn Hub Free Resources Blog Web Stories Rewards Refer a friend Become an Affiliate Resume Builder New Company Refund Policy FAQs Contact Us About Us ZEN CLASS LIVE CLASS Full Stack Development Data Science Software Development Intel AIML UI/UX DevOps Business Analytics with Digital Marketing All Programs Popular Courses Python - IIT-M Pravartak Certified Java",200
https://www.guvi.in/refund-policy,Refund Policy | HCL GUVI,Policy,7,"ZEN CLASS LIVE CLASS Full Stack Development Data Science Software Development Intel AIML UI/UX DevOps Business Analytics with Digital Marketing All Programs Popular Courses Python - IIT-M Pravartak Certified Java Mobile Hacking C Programming AWS Angular Dark Web All Courses Self-Paced Courses Paid Courses Free Courses Combos Practice Platforms CodeKata WebKata SQLKata FixTheCode IDE Community Campus Ambassador Industrial visit Products HackerKID Placement Preparation HCL GUVI for Corporates Resources Success Stories Learn Hub Free Resources Blog Web Stories Rewards Refer a friend Become an Affiliate Resume Builder New Company Refund Policy FAQs Contact Us About Us Refer & Earn HCL GUVI (Grab Your Vernacular Imprint) Geek Network Private Limited is a leading online learning and skills development company, incubated by IIT Madras and IIM Ahmedabad. Established in 2014 and acquired by the HCL Group in 2022, HCL GUVI is dedicated to providing effective and high-quality learning and skilling programs that transcend language barriers in technology education. HCL GUVI today is trusted by over 4.8 million users, 20 languages and 2500+ corporate partners. Refer & Earn Follow us on Follow us on HCL GUVI (Grab Your Vernacular Imprint) Geek Network Private Limited is a leading online learning and skills development company, incubated",200
https://www.guvi.in/refund-policy,Refund Policy | HCL GUVI,Policy,8,"partners. Refer & Earn Follow us on Follow us on HCL GUVI (Grab Your Vernacular Imprint) Geek Network Private Limited is a leading online learning and skills development company, incubated by IIT Madras and IIM Ahmedabad. Established in 2014 and acquired by the HCL Group in 2022, HCL GUVI is dedicated to providing effective and high-quality learning and skilling programs that transcend language barriers in technology education. HCL GUVI today is trusted by over 4.8 million users, 20 languages and 2500+ corporate partners. Follow us on Refer & Earn Terms and Conditions Privacy Policy HCL GUVI Geek Network Pvt. Ltd. Terms and Conditions Privacy Policy HCL GUVI Geek Network Pvt. Ltd.",111
https://www.guvi.in/faq,FAQ | HCL GUVI,FAQ,0,"FAQ HCL GUVI LIVE Classes VLSI Design Programme New IIT Delhi certified AI & Machine Learning New Intel & IIT-M Pravartak certified Data Science IIT-M Pravartak certified Full Stack Development IIT-M Pravartak certified UI/UX Design HCL GUVI certified AI DevOps Program HCL GUVI certified Still Confused? Request a Callback Explore all Programs Courses Practice CodeKata Sharpen your coding skills, prepare for interviews WebKata Build basic frontend & backend development skills SQLKata Master SQL concepts in relational database management FixTheCode A series of programs curated by industry experts IDE - Online Compiler Run & test your code in any programming language Resources Free Resources Referral Success Stories Blogs Learn Hub Get The App Rewards Become an Affiliate Leaderboard What's New? Resume Builder Community Hub Our Products HackerKID Coding classes platform for K-12 children GUVI For Corporates Meet your Hiring & Training Needs Placement Preparation Ace Up your Aptitude Login Sign up Login Sign up LIVE Classes VLSI Design Programme New IIT Delhi certified AI & Machine Learning New Intel & IIT-M Pravartak certified Data Science IIT-M Pravartak certified Full Stack Development IIT-M Pravartak certified UI/UX Design HCL GUVI certified AI DevOps Program HCL GUVI certified Explore all Programs Courses Practice CodeKata",200
https://www.guvi.in/faq,FAQ | HCL GUVI,FAQ,1,"Pravartak certified Data Science IIT-M Pravartak certified Full Stack Development IIT-M Pravartak certified UI/UX Design HCL GUVI certified AI DevOps Program HCL GUVI certified Explore all Programs Courses Practice CodeKata Sharpen your coding skills, prepare for interviews WebKata Build basic frontend & backend development skills SQLKata Master SQL concepts in relational database management FixTheCode A series of programs curated by industry experts IDE - Online Compiler Run & test your code in any programming language Resources Free Resources Referral Success Stories Blogs Learn Hub Get The App Rewards Become an Affiliate Leaderboard What's New? Resume Builder Community Hub Our Products HackerKID Coding classes platform for K-12 children GUVI For Corporates Meet your Hiring & Training Needs Placement Preparation Ace Up your Aptitude Still Confused? Request a Callback Welcome LIVE Classes Courses Practice Platforms Leaderboard Rewards Referral Profile Finish Welcome LIVE Classes Courses Practice Platforms Leaderboard Rewards Referral Profile Finish ✕ Welcome to HCL GUVI Hey there! Welcome to HCL GUVI—Grab Your Vernacular Imprint—where tech learning is easy, fun, and curated specially for you. Incubated by IIT Madras & IIM Ahmedabad in 2014 and now part of HCL Group, we're making quality tech education accessible to all. Join 3M+ learners breaking",200
https://www.guvi.in/faq,FAQ | HCL GUVI,FAQ,2,"specially for you. Incubated by IIT Madras & IIM Ahmedabad in 2014 and now part of HCL Group, we're making quality tech education accessible to all. Join 3M+ learners breaking barriers and upskilling for a brighter future. We're here to guide you every step of the way! 🚀 LIVE Classes Zen Classes are HCL GUVI's most refined and flagship product—live, expert-led tech programs for beginners and pros. With IITM Pravartak affiliations, master Full-Stack, Data Science, DevOps, UI/UX, and more in multiple languages! Explore More Courses Looking for flexibility? HCL GUVI's 200+ self-paced courses let you learn anytime, anywhere! From free lessons to IIT-M & Autodesk-certified programs, gain in-demand skills in your preferred language. Explore More Practice Platforms Enhance your coding skills with HCL GUVI's Practice Platforms—interactive, structured, and designed to help you master programming effortlessly. CodeKata: A structured coding practice platform with 1500+ coding problems designed by industry experts. Ideal for beginners and professionals preparing for tech interviews with real-world coding challenges. Try Now > WebKata: An interactive platform to master HTML, CSS, JavaScript, and Bootstrap with a live coding environment. Perfect for hands-on web development practice without any setup. Try Now > SQLKata: A practice ground for mastering SQL",200
https://www.guvi.in/faq,FAQ | HCL GUVI,FAQ,3,"master HTML, CSS, JavaScript, and Bootstrap with a live coding environment. Perfect for hands-on web development practice without any setup. Try Now > SQLKata: A practice ground for mastering SQL queries used in real-world applications. Write, optimize, and refine your queries to build strong database skills. Try Now > FixTheCode: Hone your bug-fixing skills with real-world debugging challenges in Python, C++, JavaScript, and Golang. More languages coming soon! Try Now > IDE: A free online compiler supporting 20+ programming languages with auto-complete, debugging, and AI-powered code generation—all in the cloud! Try Now > Leaderboard Climb the leaderboard as you earn Geekoins by learning and practicing! The top scorers get featured, making learning competitive and rewarding. Keep going—you could be next! Explore More Rewards Earn Geekoins by watching videos and practicing problems, then redeem them for exciting rewards. The more you engage, the more you win! Explore More Referral Love learning with HCL GUVI? Share it with friends! Invite them using your unique link or code and unlock exciting rewards—Amazon vouchers, iPhones, and more. A Win-Win. Explore More Profile Your HCL GUVI profile is your digital portfolio! Track progress, showcase skills, add projects, and build a resume. Keep it updated—opportunities await!",200
https://www.guvi.in/faq,FAQ | HCL GUVI,FAQ,4,"iPhones, and more. A Win-Win. Explore More Profile Your HCL GUVI profile is your digital portfolio! Track progress, showcase skills, add projects, and build a resume. Keep it updated—opportunities await! Explore More That's It! You Are Ready! You're all set to dive into your learning journey with HCL GUVI. Explore, upskill, and make each step count—exciting possibilities awaits! close Thank you for Reaching us out Our team will reach you out within the next 24 hours. Explore all Programs ✕ Frequently Asked Questions How do I get certified for a course? To get certified in a course, you need to successfully complete all quizzes and submissions (if applicable) with 100% progression. My progression is 100%, but the certificate isn't loading/generating. What should I do? Please clear your browser history and try again. If the issue persists, log out and log back in, then try again. I don't know the answer to the quiz of a course, can I still get certified? Please ensure you complete the quiz with the correct answer. You can attempt the quiz an unlimited number of times. How can I change my name on my certificate/profile? Please follow these steps: Go to your profile -> Edit",200
https://www.guvi.in/faq,FAQ | HCL GUVI,FAQ,5,"answer. You can attempt the quiz an unlimited number of times. How can I change my name on my certificate/profile? Please follow these steps: Go to your profile -> Edit your name -> Refresh your browser (CTRL + F5) -> Regenerate your certificate. Where can I find the certificate? Where is the 'Get Certified' option? You need to click on the 'Get Certified' option at the end of the course modules in the table of contents. It will only be displayed after you complete all the lessons with 100% progress. I cannot download my certificate, a blank screen appears, what should I do? The certificate should automatically download. Please check your downloads folder, the certificate will download as a PDF file. For better results, try using Google Chrome. Why is Course X not available in Y language? We sincerely apologize for the inconvenience. We are committed to offering courses in as many regional languages as possible. Please send your request to [email protected]. What can I do with GEEKOINS? HCL GUVI users can use GEEKOINS to purchase courses and 'run counts,' useful in CodeKata, WebKata, and FixTheCode, and redeem coupons from the rewards section. What is your refund policy? I",200
https://www.guvi.in/faq,FAQ | HCL GUVI,FAQ,6,"GUVI users can use GEEKOINS to purchase courses and 'run counts,' useful in CodeKata, WebKata, and FixTheCode, and redeem coupons from the rewards section. What is your refund policy? I want a refund for my course. Refunds are processed within 7 working days from the date you fill out the refund form, which will be sent to your email by our team. To request a refund, please contact us at [email protected] or reach out to your course coordinator via email or phone, providing your details and the reason for the refund. Where can I find the courses? Please visit this link https://www.guvi.in/courses to view our course library. I'm not able to log in. Please help. Please refresh your browser (CTRL + SHIFT + R for Windows, CMD + SHIFT + R for Mac) and try again. Also, consider trying a different browser. For further Queries, Drop a mail to [email protected] ZEN CLASS LIVE CLASS Full Stack Development Data Science Software Development Intel AIML UI/UX DevOps Business Analytics with Digital Marketing All Programs Popular Courses Python - IIT-M Pravartak Certified Java Mobile Hacking C Programming AWS Angular Dark Web All Courses Self-Paced Courses Paid Courses Free Courses Combos Practice",200
https://www.guvi.in/faq,FAQ | HCL GUVI,FAQ,7,"Digital Marketing All Programs Popular Courses Python - IIT-M Pravartak Certified Java Mobile Hacking C Programming AWS Angular Dark Web All Courses Self-Paced Courses Paid Courses Free Courses Combos Practice Platforms CodeKata WebKata SQLKata FixTheCode IDE Community Campus Ambassador Industrial visit Products HackerKID Placement Preparation HCL GUVI for Corporates Resources Success Stories Learn Hub Free Resources Blog Web Stories Rewards Refer a friend Become an Affiliate Resume Builder New Company Refund Policy FAQs Contact Us About Us ZEN CLASS LIVE CLASS Full Stack Development Data Science Software Development Intel AIML UI/UX DevOps Business Analytics with Digital Marketing All Programs Popular Courses Python - IIT-M Pravartak Certified Java Mobile Hacking C Programming AWS Angular Dark Web All Courses Self-Paced Courses Paid Courses Free Courses Combos Practice Platforms CodeKata WebKata SQLKata FixTheCode IDE Community Campus Ambassador Industrial visit Products HackerKID Placement Preparation HCL GUVI for Corporates Resources Success Stories Learn Hub Free Resources Blog Web Stories Rewards Refer a friend Become an Affiliate Resume Builder New Company Refund Policy FAQs Contact Us About Us Refer & Earn HCL GUVI (Grab Your Vernacular Imprint) Geek Network Private Limited is a leading online learning and skills development company, incubated by IIT Madras and IIM",200
https://www.guvi.in/faq,FAQ | HCL GUVI,FAQ,8,"About Us Refer & Earn HCL GUVI (Grab Your Vernacular Imprint) Geek Network Private Limited is a leading online learning and skills development company, incubated by IIT Madras and IIM Ahmedabad. Established in 2014 and acquired by the HCL Group in 2022, HCL GUVI is dedicated to providing effective and high-quality learning and skilling programs that transcend language barriers in technology education. HCL GUVI today is trusted by over 4.8 million users, 20 languages and 2500+ corporate partners. Refer & Earn Follow us on Follow us on HCL GUVI (Grab Your Vernacular Imprint) Geek Network Private Limited is a leading online learning and skills development company, incubated by IIT Madras and IIM Ahmedabad. Established in 2014 and acquired by the HCL Group in 2022, HCL GUVI is dedicated to providing effective and high-quality learning and skilling programs that transcend language barriers in technology education. HCL GUVI today is trusted by over 4.8 million users, 20 languages and 2500+ corporate partners. Follow us on Refer & Earn Terms and Conditions Privacy Policy HCL GUVI Geek Network Pvt. Ltd. Terms and Conditions Privacy Policy HCL GUVI Geek Network Pvt. Ltd.",188
https://www.guvi.in/contact,Contact Us | HCL GUVI,Contact,0,"Contact Us HCL GUVI LIVE Classes VLSI Design Programme New IIT Delhi certified AI & Machine Learning New Intel & IIT-M Pravartak certified Data Science IIT-M Pravartak certified Full Stack Development IIT-M Pravartak certified UI/UX Design HCL GUVI certified AI DevOps Program HCL GUVI certified Still Confused? Request a Callback Explore all Programs Courses Practice CodeKata Sharpen your coding skills, prepare for interviews WebKata Build basic frontend & backend development skills SQLKata Master SQL concepts in relational database management FixTheCode A series of programs curated by industry experts IDE - Online Compiler Run & test your code in any programming language Resources Free Resources Referral Success Stories Blogs Learn Hub Get The App Rewards Become an Affiliate Leaderboard What's New? Resume Builder Community Hub Our Products HackerKID Coding classes platform for K-12 children GUVI For Corporates Meet your Hiring & Training Needs Placement Preparation Ace Up your Aptitude Login Sign up Login Sign up LIVE Classes VLSI Design Programme New IIT Delhi certified AI & Machine Learning New Intel & IIT-M Pravartak certified Data Science IIT-M Pravartak certified Full Stack Development IIT-M Pravartak certified UI/UX Design HCL GUVI certified AI DevOps Program HCL GUVI certified Explore all Programs Courses Practice",200
https://www.guvi.in/contact,Contact Us | HCL GUVI,Contact,1,"IIT-M Pravartak certified Data Science IIT-M Pravartak certified Full Stack Development IIT-M Pravartak certified UI/UX Design HCL GUVI certified AI DevOps Program HCL GUVI certified Explore all Programs Courses Practice CodeKata Sharpen your coding skills, prepare for interviews WebKata Build basic frontend & backend development skills SQLKata Master SQL concepts in relational database management FixTheCode A series of programs curated by industry experts IDE - Online Compiler Run & test your code in any programming language Resources Free Resources Referral Success Stories Blogs Learn Hub Get The App Rewards Become an Affiliate Leaderboard What's New? Resume Builder Community Hub Our Products HackerKID Coding classes platform for K-12 children GUVI For Corporates Meet your Hiring & Training Needs Placement Preparation Ace Up your Aptitude Still Confused? Request a Callback Welcome LIVE Classes Courses Practice Platforms Leaderboard Rewards Referral Profile Finish Welcome LIVE Classes Courses Practice Platforms Leaderboard Rewards Referral Profile Finish ✕ Welcome to HCL GUVI Hey there! Welcome to HCL GUVI—Grab Your Vernacular Imprint—where tech learning is easy, fun, and curated specially for you. Incubated by IIT Madras & IIM Ahmedabad in 2014 and now part of HCL Group, we're making quality tech education accessible to all. Join 3M+ learners",200
https://www.guvi.in/contact,Contact Us | HCL GUVI,Contact,2,"curated specially for you. Incubated by IIT Madras & IIM Ahmedabad in 2014 and now part of HCL Group, we're making quality tech education accessible to all. Join 3M+ learners breaking barriers and upskilling for a brighter future. We're here to guide you every step of the way! 🚀 LIVE Classes Zen Classes are HCL GUVI's most refined and flagship product—live, expert-led tech programs for beginners and pros. With IITM Pravartak affiliations, master Full-Stack, Data Science, DevOps, UI/UX, and more in multiple languages! Explore More Courses Looking for flexibility? HCL GUVI's 200+ self-paced courses let you learn anytime, anywhere! From free lessons to IIT-M & Autodesk-certified programs, gain in-demand skills in your preferred language. Explore More Practice Platforms Enhance your coding skills with HCL GUVI's Practice Platforms—interactive, structured, and designed to help you master programming effortlessly. CodeKata: A structured coding practice platform with 1500+ coding problems designed by industry experts. Ideal for beginners and professionals preparing for tech interviews with real-world coding challenges. Try Now > WebKata: An interactive platform to master HTML, CSS, JavaScript, and Bootstrap with a live coding environment. Perfect for hands-on web development practice without any setup. Try Now > SQLKata: A practice ground for mastering",200
https://www.guvi.in/contact,Contact Us | HCL GUVI,Contact,3,"to master HTML, CSS, JavaScript, and Bootstrap with a live coding environment. Perfect for hands-on web development practice without any setup. Try Now > SQLKata: A practice ground for mastering SQL queries used in real-world applications. Write, optimize, and refine your queries to build strong database skills. Try Now > FixTheCode: Hone your bug-fixing skills with real-world debugging challenges in Python, C++, JavaScript, and Golang. More languages coming soon! Try Now > IDE: A free online compiler supporting 20+ programming languages with auto-complete, debugging, and AI-powered code generation—all in the cloud! Try Now > Leaderboard Climb the leaderboard as you earn Geekoins by learning and practicing! The top scorers get featured, making learning competitive and rewarding. Keep going—you could be next! Explore More Rewards Earn Geekoins by watching videos and practicing problems, then redeem them for exciting rewards. The more you engage, the more you win! Explore More Referral Love learning with HCL GUVI? Share it with friends! Invite them using your unique link or code and unlock exciting rewards—Amazon vouchers, iPhones, and more. A Win-Win. Explore More Profile Your HCL GUVI profile is your digital portfolio! Track progress, showcase skills, add projects, and build a resume. Keep it updated—opportunities",200
https://www.guvi.in/contact,Contact Us | HCL GUVI,Contact,4,"vouchers, iPhones, and more. A Win-Win. Explore More Profile Your HCL GUVI profile is your digital portfolio! Track progress, showcase skills, add projects, and build a resume. Keep it updated—opportunities await! Explore More That's It! You Are Ready! You're all set to dive into your learning journey with HCL GUVI. Explore, upskill, and make each step count—exciting possibilities awaits! close Thank you for Reaching us out Our team will reach you out within the next 24 hours. Explore all Programs ✕ Contact Us Let us know your queries, feedbacks and enquiries. We are here to support you 24/7. Give us a call +91 9736097320 Write to us [email protected] Visit us in Chennai @ IITM Research park - phase 2, module #9, 3rd floor, D block, Kanagam Rd, Tharamani, Chennai, Tamil Nadu 600113 Visit us in Noida @ A11, HCL Corporation Pvt. Ltd, Block A, Sector 3, Noida, Uttar Pradesh 201307 Leave us a message Say Hello! Feel free to stop by and say hi! Name * E-mail id * Contact Number * Subject * Message * Send Your Submission is Successful Our team will reach out to you shortly! Back close ZEN CLASS LIVE CLASS Full Stack Development Data",200
https://www.guvi.in/contact,Contact Us | HCL GUVI,Contact,5,Contact Number * Subject * Message * Send Your Submission is Successful Our team will reach out to you shortly! Back close ZEN CLASS LIVE CLASS Full Stack Development Data Science Software Development Intel AIML UI/UX DevOps Business Analytics with Digital Marketing All Programs Popular Courses Python - IIT-M Pravartak Certified Java Mobile Hacking C Programming AWS Angular Dark Web All Courses Self-Paced Courses Paid Courses Free Courses Combos Practice Platforms CodeKata WebKata SQLKata FixTheCode IDE Community Campus Ambassador Industrial visit Products HackerKID Placement Preparation HCL GUVI for Corporates Resources Success Stories Learn Hub Free Resources Blog Web Stories Rewards Refer a friend Become an Affiliate Resume Builder New Company Refund Policy FAQs Contact Us About Us ZEN CLASS LIVE CLASS Full Stack Development Data Science Software Development Intel AIML UI/UX DevOps Business Analytics with Digital Marketing All Programs Popular Courses Python - IIT-M Pravartak Certified Java Mobile Hacking C Programming AWS Angular Dark Web All Courses Self-Paced Courses Paid Courses Free Courses Combos Practice Platforms CodeKata WebKata SQLKata FixTheCode IDE Community Campus Ambassador Industrial visit Products HackerKID Placement Preparation HCL GUVI for Corporates Resources Success Stories Learn Hub Free Resources Blog Web Stories Rewards Refer a friend Become an,200
https://www.guvi.in/contact,Contact Us | HCL GUVI,Contact,6,"IDE Community Campus Ambassador Industrial visit Products HackerKID Placement Preparation HCL GUVI for Corporates Resources Success Stories Learn Hub Free Resources Blog Web Stories Rewards Refer a friend Become an Affiliate Resume Builder New Company Refund Policy FAQs Contact Us About Us Refer & Earn HCL GUVI (Grab Your Vernacular Imprint) Geek Network Private Limited is a leading online learning and skills development company, incubated by IIT Madras and IIM Ahmedabad. Established in 2014 and acquired by the HCL Group in 2022, HCL GUVI is dedicated to providing effective and high-quality learning and skilling programs that transcend language barriers in technology education. HCL GUVI today is trusted by over 4.8 million users, 20 languages and 2500+ corporate partners. Refer & Earn Follow us on Follow us on HCL GUVI (Grab Your Vernacular Imprint) Geek Network Private Limited is a leading online learning and skills development company, incubated by IIT Madras and IIM Ahmedabad. Established in 2014 and acquired by the HCL Group in 2022, HCL GUVI is dedicated to providing effective and high-quality learning and skilling programs that transcend language barriers in technology education. HCL GUVI today is trusted by over 4.8 million users, 20 languages and 2500+ corporate partners.",200
https://www.guvi.in/contact,Contact Us | HCL GUVI,Contact,7,"effective and high-quality learning and skilling programs that transcend language barriers in technology education. HCL GUVI today is trusted by over 4.8 million users, 20 languages and 2500+ corporate partners. Follow us on Refer & Earn Terms and Conditions Privacy Policy HCL GUVI Geek Network Pvt. Ltd. Terms and Conditions Privacy Policy HCL GUVI Geek Network Pvt. Ltd.",58
https://www.guvi.in/courses/project-management/confluence,Learn Confluence Course Online with Certification | GUVI,Course,0,"Learn Confluence Course Online with Certification GUVI LIVE Classes VLSI Design Programme New IIT Delhi certified AI & Machine Learning New Intel & IIT-M Pravartak certified Data Science IIT-M Pravartak certified Full Stack Development IIT-M Pravartak certified UI/UX Design HCL GUVI certified AI DevOps Program HCL GUVI certified Still Confused? Request a Callback Explore all Programs Courses Practice CodeKata Sharpen your coding skills, prepare for interviews WebKata Build basic frontend & backend development skills SQLKata Master SQL concepts in relational database management FixTheCode A series of programs curated by industry experts IDE - Online Compiler Run & test your code in any programming language Resources Free Resources Referral Success Stories Blogs Learn Hub Get The App Rewards Become an Affiliate Leaderboard What's New? Resume Builder Community Hub Our Products HackerKID Coding classes platform for K-12 children GUVI For Corporates Meet your Hiring & Training Needs Placement Preparation Ace Up your Aptitude Login Sign up Login Sign up LIVE Classes VLSI Design Programme New IIT Delhi certified AI & Machine Learning New Intel & IIT-M Pravartak certified Data Science IIT-M Pravartak certified Full Stack Development IIT-M Pravartak certified UI/UX Design HCL GUVI certified AI DevOps Program HCL GUVI certified Explore all",200
https://www.guvi.in/courses/project-management/confluence,Learn Confluence Course Online with Certification | GUVI,Course,1,"New Intel & IIT-M Pravartak certified Data Science IIT-M Pravartak certified Full Stack Development IIT-M Pravartak certified UI/UX Design HCL GUVI certified AI DevOps Program HCL GUVI certified Explore all Programs Courses Practice CodeKata Sharpen your coding skills, prepare for interviews WebKata Build basic frontend & backend development skills SQLKata Master SQL concepts in relational database management FixTheCode A series of programs curated by industry experts IDE - Online Compiler Run & test your code in any programming language Resources Free Resources Referral Success Stories Blogs Learn Hub Get The App Rewards Become an Affiliate Leaderboard What's New? Resume Builder Community Hub Our Products HackerKID Coding classes platform for K-12 children GUVI For Corporates Meet your Hiring & Training Needs Placement Preparation Ace Up your Aptitude Still Confused? Request a Callback Welcome LIVE Classes Courses Practice Platforms Leaderboard Rewards Referral Profile Finish Welcome LIVE Classes Courses Practice Platforms Leaderboard Rewards Referral Profile Finish ✕ Welcome to HCL GUVI Hey there! Welcome to HCL GUVI—Grab Your Vernacular Imprint—where tech learning is easy, fun, and curated specially for you. Incubated by IIT Madras & IIM Ahmedabad in 2014 and now part of HCL Group, we're making quality tech education accessible to all.",200
https://www.guvi.in/courses/project-management/confluence,Learn Confluence Course Online with Certification | GUVI,Course,2,"easy, fun, and curated specially for you. Incubated by IIT Madras & IIM Ahmedabad in 2014 and now part of HCL Group, we're making quality tech education accessible to all. Join 3M+ learners breaking barriers and upskilling for a brighter future. We're here to guide you every step of the way! 🚀 LIVE Classes Zen Classes are HCL GUVI's most refined and flagship product—live, expert-led tech programs for beginners and pros. With IITM Pravartak affiliations, master Full-Stack, Data Science, DevOps, UI/UX, and more in multiple languages! Explore More Courses Looking for flexibility? HCL GUVI's 200+ self-paced courses let you learn anytime, anywhere! From free lessons to IIT-M & Autodesk-certified programs, gain in-demand skills in your preferred language. Explore More Practice Platforms Enhance your coding skills with HCL GUVI's Practice Platforms—interactive, structured, and designed to help you master programming effortlessly. CodeKata: A structured coding practice platform with 1500+ coding problems designed by industry experts. Ideal for beginners and professionals preparing for tech interviews with real-world coding challenges. Try Now > WebKata: An interactive platform to master HTML, CSS, JavaScript, and Bootstrap with a live coding environment. Perfect for hands-on web development practice without any setup. Try Now > SQLKata: A practice",200
https://www.guvi.in/courses/project-management/confluence,Learn Confluence Course Online with Certification | GUVI,Course,3,"An interactive platform to master HTML, CSS, JavaScript, and Bootstrap with a live coding environment. Perfect for hands-on web development practice without any setup. Try Now > SQLKata: A practice ground for mastering SQL queries used in real-world applications. Write, optimize, and refine your queries to build strong database skills. Try Now > FixTheCode: Hone your bug-fixing skills with real-world debugging challenges in Python, C++, JavaScript, and Golang. More languages coming soon! Try Now > IDE: A free online compiler supporting 20+ programming languages with auto-complete, debugging, and AI-powered code generation—all in the cloud! Try Now > Leaderboard Climb the leaderboard as you earn Geekoins by learning and practicing! The top scorers get featured, making learning competitive and rewarding. Keep going—you could be next! Explore More Rewards Earn Geekoins by watching videos and practicing problems, then redeem them for exciting rewards. The more you engage, the more you win! Explore More Referral Love learning with HCL GUVI? Share it with friends! Invite them using your unique link or code and unlock exciting rewards—Amazon vouchers, iPhones, and more. A Win-Win. Explore More Profile Your HCL GUVI profile is your digital portfolio! Track progress, showcase skills, add projects, and build a resume.",200
https://www.guvi.in/courses/project-management/confluence,Learn Confluence Course Online with Certification | GUVI,Course,4,"unlock exciting rewards—Amazon vouchers, iPhones, and more. A Win-Win. Explore More Profile Your HCL GUVI profile is your digital portfolio! Track progress, showcase skills, add projects, and build a resume. Keep it updated—opportunities await! Explore More That's It! You Are Ready! You're all set to dive into your learning journey with HCL GUVI. Explore, upskill, and make each step count—exciting possibilities awaits! close Thank you for Reaching us out Our team will reach you out within the next 24 hours. Explore all Programs ✕ Accelerate your Career Confluence Unlock the power of effective team collaboration with our comprehensive online Confluence course. Master the art of content organization, project tracking, and seamless Jira integration to elevate your project management skills. Learn at your own pace and earn a globally recognized certificate in Confluence. Enroll Now Join 2.0k geeks 4.0 2000+ enrolled 10 Hours of Recorded Content 4 Modules with Certifications English Language Only ₹2499 ₹ 3000 16.7 % OFF Enroll Now Professionals from Top Industries Learn from Us Course Overview Syllabus Course Requirements Certificate Recommended course FAQ Course Overview Confluence is an all-in-one workspace where teams can organize, share, and collaborate on projects and ideas. If you’re a content creator, product/project",200
https://www.guvi.in/courses/project-management/confluence,Learn Confluence Course Online with Certification | GUVI,Course,5,"Course Requirements Certificate Recommended course FAQ Course Overview Confluence is an all-in-one workspace where teams can organize, share, and collaborate on projects and ideas. If you’re a content creator, product/project manager, or someone looking to improve collaboration and documentation, our online Confluence course is designed to help you master effective collaboration, management of projects and processes efficiently, and integration of Confluence with Jira. With this beginner-friendly Confluence certificate course, you’ll learn everything from the basics of Confluence and Jira to advanced features like Macros, Space Permissions, and JQL. By the end of this course, you'll be equipped with the skills and knowledge to streamline your team's workflow and boost productivity with Confluence. Become job-ready with Confluence skills and earn a globally recognized certification from an IIT-M and IIM-A incubated company to showcase your expertise. Explore Our Industry-Aligned Curriculum Course Syllabus Expand all Beginner Module Intermediate Module Advanced Module Expert Module Course Requirements Basic understanding of project management concepts and terminology Access to a computer with a reliable Internet connection Eagerness to learn and master Confluence for better collaboration Accelerate your Career Confluence Enroll Now Real Career Stories Powered By Upskilling "" Previously in IT services, I wanted to upgrade to",200
https://www.guvi.in/courses/project-management/confluence,Learn Confluence Course Online with Certification | GUVI,Course,6,"to learn and master Confluence for better collaboration Accelerate your Career Confluence Enroll Now Real Career Stories Powered By Upskilling "" Previously in IT services, I wanted to upgrade to a new field but didn’t know how. The trust I got from HCL GUVI was enormous; I quit my job and took HCL Guvi Courses. I’ve now been placed as a Data Scientist at AI Enterprise Software India Ltd. I’m feeling blessed and didn’t expect this level of help! "" S Sonia Kola Data scientist "" I wanted to make a career shift to IT, so I joined the HCL Guvi Courses. I interviewed with 10 companies and received 3 offers. I eventually accepted an offer from a product-based company and am currently working as a Software Developer at iQuanti India Pvt. Ltd. "" R Rakesh Software Developer "" My world changed after joining HCL GUVI. The Courses helped me to develop apps from scratch—a vital skill for any developer—and I worked on projects like GooglePay and YouTube clones. I was placed at a product-based company, Zest Money. If you want to upskill and join a product-based company, I highly recommend the HCL Guvi Courses. "" M Muntha Pawan Kumar",200
https://www.guvi.in/courses/project-management/confluence,Learn Confluence Course Online with Certification | GUVI,Course,7,"was placed at a product-based company, Zest Money. If you want to upskill and join a product-based company, I highly recommend the HCL Guvi Courses. "" M Muntha Pawan Kumar Software Developer "" I enrolled in the UI/UX Design course at HCL GUVI to master the art of user-centric design. The course was brilliantly structured, moving from wireframing basics to high-fidelity prototyping and user testing. Learning tools like Figma and working on real-world case studies helped me a lot. "" S Shaik Ahmad Associate Product Manager Awards & Achievements HCL GUVI recognized as the Best Partner - Technology Training by Empire Forums. Awarded by ZEE Digital during ZEE National Achievers Awards 2022. Awarded by ENTREPRENEUR INDIA for having the best online personalized learning programs. HCL GUVI recognized as the ""Best GenAI Training Partner"" by UBS Forums For the most users to take an Artificial Intelligence lesson in 24 hours. HCL GUVI recognized as the ""Best Partner - New Hire Training"" by UBS Forums Broke the Record for most users taking an online computer programming lesson in 24 Hrs. Certification Industry-recognized Confluence Certificate Certificates are generated after the completion of course. Certificates are globally recognized & they help Enhance your profile.",200
https://www.guvi.in/courses/project-management/confluence,Learn Confluence Course Online with Certification | GUVI,Course,8,"an online computer programming lesson in 24 Hrs. Certification Industry-recognized Confluence Certificate Certificates are generated after the completion of course. Certificates are globally recognized & they help Enhance your profile. More Courses related to Project Management Tamil 4.5 Jira: Jira project management Tamil 6 Hrs 2k+ Enrolled ₹1,499 English 4.4 Project Management Fundamentals 3 Hrs 2k+ Enrolled ₹1,499 Tamil 4.4 Agile Fundamentals in Tamil 3 Hrs 2k+ Enrolled ₹1,499 English 5.0 Certified Scrum Master 5 Hrs 2k+ Enrolled ₹1,499 English 4.0 Primavera 17 Hrs 2k+ Enrolled ₹2,499 English 4.4 Agile Fundamentals 4 Hrs 2k+ Enrolled ₹1,499 Telugu 4.0 Jira: Jira project management 6 Hrs 2k+ Enrolled ₹1,499 View all courses Frequently Asked Questions What is the overview of GUVI’s Confluence certification course? − GUVI’s Confluence Certification Course provides an in-depth understanding of Confluence, its integration with Jira, and how they revolutionize project management and team collaboration. Learners will learn about all the key features in Confluence from scratch, create and manage spaces in Confluence with permission management, edit and format content and documentation, use macros for enhanced page functionality and efficiently manage tasks with advanced team integration. Finally, they’ll learn all about Jira and its integration with Confluence. Why learn",200
https://www.guvi.in/courses/project-management/confluence,Learn Confluence Course Online with Certification | GUVI,Course,9,"content and documentation, use macros for enhanced page functionality and efficiently manage tasks with advanced team integration. Finally, they’ll learn all about Jira and its integration with Confluence. Why learn the Confluence course? + Why choose GUVI for learning the Confluence course? + What are the benefits of learning Confluence certification? + Is the Confluence course difficult to learn? + How long does it take to learn Confluence? + Course Preview Confluence Master n8n AI Agents: Build & Sell AI Agents and Automations Free Sample Videos NOW PLAYING 12:26 Master n8n AI Agents: Build & Sell AI Agents and Automations Module 1 12:26 What is n8n? (Replace Zapier/Make with n8n) Module 2 1:40 4 Key Components of an AI Agent Module 3 8:15 Understanding AI Workflows Module 4 Enroll Now - ₹2499",132
https://www.guvi.in/courses/programming/java-programming,Best Java Course Online with Certification | GUVI,Course,0,"Best Java Course Online with Certification GUVI LIVE Classes VLSI Design Programme New IIT Delhi certified AI & Machine Learning New Intel & IIT-M Pravartak certified Data Science IIT-M Pravartak certified Full Stack Development IIT-M Pravartak certified UI/UX Design HCL GUVI certified AI DevOps Program HCL GUVI certified Still Confused? Request a Callback Explore all Programs Courses Practice CodeKata Sharpen your coding skills, prepare for interviews WebKata Build basic frontend & backend development skills SQLKata Master SQL concepts in relational database management FixTheCode A series of programs curated by industry experts IDE - Online Compiler Run & test your code in any programming language Resources Free Resources Referral Success Stories Blogs Learn Hub Get The App Rewards Become an Affiliate Leaderboard What's New? Resume Builder Community Hub Our Products HackerKID Coding classes platform for K-12 children GUVI For Corporates Meet your Hiring & Training Needs Placement Preparation Ace Up your Aptitude Login Sign up Login Sign up LIVE Classes VLSI Design Programme New IIT Delhi certified AI & Machine Learning New Intel & IIT-M Pravartak certified Data Science IIT-M Pravartak certified Full Stack Development IIT-M Pravartak certified UI/UX Design HCL GUVI certified AI DevOps Program HCL GUVI certified Explore all",200
https://www.guvi.in/courses/programming/java-programming,Best Java Course Online with Certification | GUVI,Course,1,"New Intel & IIT-M Pravartak certified Data Science IIT-M Pravartak certified Full Stack Development IIT-M Pravartak certified UI/UX Design HCL GUVI certified AI DevOps Program HCL GUVI certified Explore all Programs Courses Practice CodeKata Sharpen your coding skills, prepare for interviews WebKata Build basic frontend & backend development skills SQLKata Master SQL concepts in relational database management FixTheCode A series of programs curated by industry experts IDE - Online Compiler Run & test your code in any programming language Resources Free Resources Referral Success Stories Blogs Learn Hub Get The App Rewards Become an Affiliate Leaderboard What's New? Resume Builder Community Hub Our Products HackerKID Coding classes platform for K-12 children GUVI For Corporates Meet your Hiring & Training Needs Placement Preparation Ace Up your Aptitude Still Confused? Request a Callback Welcome LIVE Classes Courses Practice Platforms Leaderboard Rewards Referral Profile Finish Welcome LIVE Classes Courses Practice Platforms Leaderboard Rewards Referral Profile Finish ✕ Welcome to HCL GUVI Hey there! Welcome to HCL GUVI—Grab Your Vernacular Imprint—where tech learning is easy, fun, and curated specially for you. Incubated by IIT Madras & IIM Ahmedabad in 2014 and now part of HCL Group, we're making quality tech education accessible to all.",200
https://www.guvi.in/courses/programming/java-programming,Best Java Course Online with Certification | GUVI,Course,2,"easy, fun, and curated specially for you. Incubated by IIT Madras & IIM Ahmedabad in 2014 and now part of HCL Group, we're making quality tech education accessible to all. Join 3M+ learners breaking barriers and upskilling for a brighter future. We're here to guide you every step of the way! 🚀 LIVE Classes Zen Classes are HCL GUVI's most refined and flagship product—live, expert-led tech programs for beginners and pros. With IITM Pravartak affiliations, master Full-Stack, Data Science, DevOps, UI/UX, and more in multiple languages! Explore More Courses Looking for flexibility? HCL GUVI's 200+ self-paced courses let you learn anytime, anywhere! From free lessons to IIT-M & Autodesk-certified programs, gain in-demand skills in your preferred language. Explore More Practice Platforms Enhance your coding skills with HCL GUVI's Practice Platforms—interactive, structured, and designed to help you master programming effortlessly. CodeKata: A structured coding practice platform with 1500+ coding problems designed by industry experts. Ideal for beginners and professionals preparing for tech interviews with real-world coding challenges. Try Now > WebKata: An interactive platform to master HTML, CSS, JavaScript, and Bootstrap with a live coding environment. Perfect for hands-on web development practice without any setup. Try Now > SQLKata: A practice",200
https://www.guvi.in/courses/programming/java-programming,Best Java Course Online with Certification | GUVI,Course,3,"An interactive platform to master HTML, CSS, JavaScript, and Bootstrap with a live coding environment. Perfect for hands-on web development practice without any setup. Try Now > SQLKata: A practice ground for mastering SQL queries used in real-world applications. Write, optimize, and refine your queries to build strong database skills. Try Now > FixTheCode: Hone your bug-fixing skills with real-world debugging challenges in Python, C++, JavaScript, and Golang. More languages coming soon! Try Now > IDE: A free online compiler supporting 20+ programming languages with auto-complete, debugging, and AI-powered code generation—all in the cloud! Try Now > Leaderboard Climb the leaderboard as you earn Geekoins by learning and practicing! The top scorers get featured, making learning competitive and rewarding. Keep going—you could be next! Explore More Rewards Earn Geekoins by watching videos and practicing problems, then redeem them for exciting rewards. The more you engage, the more you win! Explore More Referral Love learning with HCL GUVI? Share it with friends! Invite them using your unique link or code and unlock exciting rewards—Amazon vouchers, iPhones, and more. A Win-Win. Explore More Profile Your HCL GUVI profile is your digital portfolio! Track progress, showcase skills, add projects, and build a resume.",200
https://www.guvi.in/courses/programming/java-programming,Best Java Course Online with Certification | GUVI,Course,4,"unlock exciting rewards—Amazon vouchers, iPhones, and more. A Win-Win. Explore More Profile Your HCL GUVI profile is your digital portfolio! Track progress, showcase skills, add projects, and build a resume. Keep it updated—opportunities await! Explore More That's It! You Are Ready! You're all set to dive into your learning journey with HCL GUVI. Explore, upskill, and make each step count—exciting possibilities awaits! close Thank you for Reaching us out Our team will reach you out within the next 24 hours. Explore all Programs ✕ Accelerate your Career JAVA Learn how to build highly scalable software applications using Java and master all of its core concepts with this comprehensive beginner-to-expert Java online course by GUVI and gain a globally recognized job-ready certificate upon successful completion. Enroll Now Join 16.1k geeks 4.1 16083+ enrolled 11 Hours of Recorded Content 4 Modules with Certifications English Language Only ₹1499 ₹ 1800 16.7222 % OFF Enroll Now Professionals from Top Industries Learn from Us Course Overview Syllabus Course Requirements Certificate Recommended course FAQ Course Overview Master all the fundamentals of Java programming and learn to code like a pro with this Java online course that has been designed and taught by industry experts with years",200
https://www.guvi.in/courses/programming/java-programming,Best Java Course Online with Certification | GUVI,Course,5,"Master all the fundamentals of Java programming and learn to code like a pro with this Java online course that has been designed and taught by industry experts with years of experience in tech. Throughout this course, you will learn major Java concepts such as object-oriented programming (OOP) using Java, JSP, Servlets, and MySQL, along with design principles, best coding practices, and how to write code like a professional developer. You will be able to implement all that you learn with real-world projects and build a great portfolio that will help you excel at interviews. After completing this course, you will gain a certificate that will help your resume stand out from others when applying for developer roles. Explore Our Industry-Aligned Curriculum Course Syllabus Expand all Beginner Module Intermediate Module Advanced Module Expert Module Course Requirements Dedication to learning about coding with Java and developing applications. Basic knowledge of coding and easy languages is a big plus. Accelerate your Career JAVA Enroll Now Real Career Stories Powered By Upskilling "" Previously in IT services, I wanted to upgrade to a new field but didn’t know how. The trust I got from HCL GUVI was enormous; I quit my job and",200
https://www.guvi.in/courses/programming/java-programming,Best Java Course Online with Certification | GUVI,Course,6,"Previously in IT services, I wanted to upgrade to a new field but didn’t know how. The trust I got from HCL GUVI was enormous; I quit my job and took HCL Guvi Courses. I’ve now been placed as a Data Scientist at AI Enterprise Software India Ltd. I’m feeling blessed and didn’t expect this level of help! "" S Sonia Kola Data scientist "" I wanted to make a career shift to IT, so I joined the HCL Guvi Courses. I interviewed with 10 companies and received 3 offers. I eventually accepted an offer from a product-based company and am currently working as a Software Developer at iQuanti India Pvt. Ltd. "" R Rakesh Software Developer "" My world changed after joining HCL GUVI. The Courses helped me to develop apps from scratch—a vital skill for any developer—and I worked on projects like GooglePay and YouTube clones. I was placed at a product-based company, Zest Money. If you want to upskill and join a product-based company, I highly recommend the HCL Guvi Courses. "" M Muntha Pawan Kumar Software Developer "" I enrolled in the UI/UX Design course at HCL GUVI to master the art of user-centric design. The",200
https://www.guvi.in/courses/programming/java-programming,Best Java Course Online with Certification | GUVI,Course,7,"the HCL Guvi Courses. "" M Muntha Pawan Kumar Software Developer "" I enrolled in the UI/UX Design course at HCL GUVI to master the art of user-centric design. The course was brilliantly structured, moving from wireframing basics to high-fidelity prototyping and user testing. Learning tools like Figma and working on real-world case studies helped me a lot. "" S Shaik Ahmad Associate Product Manager Awards & Achievements HCL GUVI recognized as the Best Partner - Technology Training by Empire Forums. Awarded by ZEE Digital during ZEE National Achievers Awards 2022. Awarded by ENTREPRENEUR INDIA for having the best online personalized learning programs. HCL GUVI recognized as the ""Best GenAI Training Partner"" by UBS Forums For the most users to take an Artificial Intelligence lesson in 24 hours. HCL GUVI recognized as the ""Best Partner - New Hire Training"" by UBS Forums Broke the Record for most users taking an online computer programming lesson in 24 Hrs. Certification Industry-recognized JAVA Certificate Certificates are generated after the completion of course. Certificates are globally recognized & they help Enhance your profile. More Courses related to Programming English 4.3 Data Structures and Algorithms using Python - DSA Programming Course 20 Hrs 2k+ Enrolled",200
https://www.guvi.in/courses/programming/java-programming,Best Java Course Online with Certification | GUVI,Course,8,"are globally recognized & they help Enhance your profile. More Courses related to Programming English 4.3 Data Structures and Algorithms using Python - DSA Programming Course 20 Hrs 2k+ Enrolled ₹2,499 English 4.4 Mastering Databases with Python 4 Hrs 2k+ Enrolled ₹1,499 English 4.1 Computational Thinking 8 Hrs 21.7k+ Enrolled ₹2,499 English 4.5 Python Programming Course: Beginner to Advanced with Certification 6 Hrs 961.5k+ Enrolled Free Pay for Certification! Tamil 4.4 Python Programming Course in Tamil: Beginner to Advanced with Certification 16 Hrs 256.0k+ Enrolled Free Pay for Certification! Tamil 4.4 Python Zero to Hero - Complete Python Programming Course in Tamil 17 Hrs 76.8k+ Enrolled ₹1,499 Hindi 4.4 Python Programming Course in Hindi: Beginner to Advanced with Certification 16 Hrs 116.0k+ Enrolled Free Pay for Certification! View all courses Frequently Asked Questions What is a java programming course? − This Java online course teaches you all the fundamental concepts that help you master Java programming and build scalable and secure software applications, creating a well-established career as a successful software developer. In a Java programming course, you will learn concepts like object-oriented programming (OOP) using Java, JSP, Servlets, MySQL, and much more that will help you scale greater heights",200
https://www.guvi.in/courses/programming/java-programming,Best Java Course Online with Certification | GUVI,Course,9,"software developer. In a Java programming course, you will learn concepts like object-oriented programming (OOP) using Java, JSP, Servlets, MySQL, and much more that will help you scale greater heights in your tech career. How to learn java programming online course? + What is a java certification course? + Why learn Java? + Why choose Guvi for a Java Programming Course? + Course Preview JAVA Master n8n AI Agents: Build & Sell AI Agents and Automations Free Sample Videos NOW PLAYING 12:26 Master n8n AI Agents: Build & Sell AI Agents and Automations Module 1 12:26 What is n8n? (Replace Zapier/Make with n8n) Module 2 1:40 4 Key Components of an AI Agent Module 3 8:15 Understanding AI Workflows Module 4 Enroll Now - ₹1499",125
https://www.guvi.in/sqlkata,SQLKata | HCL GUVI,Practice,0,"SQLKata HCL GUVI LIVE Classes VLSI Design Programme New IIT Delhi certified AI & Machine Learning New Intel & IIT-M Pravartak certified Data Science IIT-M Pravartak certified Full Stack Development IIT-M Pravartak certified UI/UX Design HCL GUVI certified AI DevOps Program HCL GUVI certified Still Confused? Request a Callback Explore all Programs Courses Practice CodeKata Sharpen your coding skills, prepare for interviews WebKata Build basic frontend & backend development skills SQLKata Master SQL concepts in relational database management FixTheCode A series of programs curated by industry experts IDE - Online Compiler Run & test your code in any programming language Resources Free Resources Referral Success Stories Blogs Learn Hub Get The App Rewards Become an Affiliate Leaderboard What's New? Resume Builder Community Hub Our Products HackerKID Coding classes platform for K-12 children GUVI For Corporates Meet your Hiring & Training Needs Placement Preparation Ace Up your Aptitude Login Sign up Login Sign up LIVE Classes VLSI Design Programme New IIT Delhi certified AI & Machine Learning New Intel & IIT-M Pravartak certified Data Science IIT-M Pravartak certified Full Stack Development IIT-M Pravartak certified UI/UX Design HCL GUVI certified AI DevOps Program HCL GUVI certified Explore all Programs Courses Practice CodeKata",200
https://www.guvi.in/sqlkata,SQLKata | HCL GUVI,Practice,1,"Pravartak certified Data Science IIT-M Pravartak certified Full Stack Development IIT-M Pravartak certified UI/UX Design HCL GUVI certified AI DevOps Program HCL GUVI certified Explore all Programs Courses Practice CodeKata Sharpen your coding skills, prepare for interviews WebKata Build basic frontend & backend development skills SQLKata Master SQL concepts in relational database management FixTheCode A series of programs curated by industry experts IDE - Online Compiler Run & test your code in any programming language Resources Free Resources Referral Success Stories Blogs Learn Hub Get The App Rewards Become an Affiliate Leaderboard What's New? Resume Builder Community Hub Our Products HackerKID Coding classes platform for K-12 children GUVI For Corporates Meet your Hiring & Training Needs Placement Preparation Ace Up your Aptitude Still Confused? Request a Callback Welcome LIVE Classes Courses Practice Platforms Leaderboard Rewards Referral Profile Finish Welcome LIVE Classes Courses Practice Platforms Leaderboard Rewards Referral Profile Finish ✕ Welcome to HCL GUVI Hey there! Welcome to HCL GUVI—Grab Your Vernacular Imprint—where tech learning is easy, fun, and curated specially for you. Incubated by IIT Madras & IIM Ahmedabad in 2014 and now part of HCL Group, we're making quality tech education accessible to all. Join 3M+ learners breaking",200
https://www.guvi.in/sqlkata,SQLKata | HCL GUVI,Practice,2,"specially for you. Incubated by IIT Madras & IIM Ahmedabad in 2014 and now part of HCL Group, we're making quality tech education accessible to all. Join 3M+ learners breaking barriers and upskilling for a brighter future. We're here to guide you every step of the way! 🚀 LIVE Classes Zen Classes are HCL GUVI's most refined and flagship product—live, expert-led tech programs for beginners and pros. With IITM Pravartak affiliations, master Full-Stack, Data Science, DevOps, UI/UX, and more in multiple languages! Explore More Courses Looking for flexibility? HCL GUVI's 200+ self-paced courses let you learn anytime, anywhere! From free lessons to IIT-M & Autodesk-certified programs, gain in-demand skills in your preferred language. Explore More Practice Platforms Enhance your coding skills with HCL GUVI's Practice Platforms—interactive, structured, and designed to help you master programming effortlessly. CodeKata: A structured coding practice platform with 1500+ coding problems designed by industry experts. Ideal for beginners and professionals preparing for tech interviews with real-world coding challenges. Try Now > WebKata: An interactive platform to master HTML, CSS, JavaScript, and Bootstrap with a live coding environment. Perfect for hands-on web development practice without any setup. Try Now > SQLKata: A practice ground for mastering SQL",200
https://www.guvi.in/sqlkata,SQLKata | HCL GUVI,Practice,3,"master HTML, CSS, JavaScript, and Bootstrap with a live coding environment. Perfect for hands-on web development practice without any setup. Try Now > SQLKata: A practice ground for mastering SQL queries used in real-world applications. Write, optimize, and refine your queries to build strong database skills. Try Now > FixTheCode: Hone your bug-fixing skills with real-world debugging challenges in Python, C++, JavaScript, and Golang. More languages coming soon! Try Now > IDE: A free online compiler supporting 20+ programming languages with auto-complete, debugging, and AI-powered code generation—all in the cloud! Try Now > Leaderboard Climb the leaderboard as you earn Geekoins by learning and practicing! The top scorers get featured, making learning competitive and rewarding. Keep going—you could be next! Explore More Rewards Earn Geekoins by watching videos and practicing problems, then redeem them for exciting rewards. The more you engage, the more you win! Explore More Referral Love learning with HCL GUVI? Share it with friends! Invite them using your unique link or code and unlock exciting rewards—Amazon vouchers, iPhones, and more. A Win-Win. Explore More Profile Your HCL GUVI profile is your digital portfolio! Track progress, showcase skills, add projects, and build a resume. Keep it updated—opportunities await!",200
https://www.guvi.in/sqlkata,SQLKata | HCL GUVI,Practice,4,"iPhones, and more. A Win-Win. Explore More Profile Your HCL GUVI profile is your digital portfolio! Track progress, showcase skills, add projects, and build a resume. Keep it updated—opportunities await! Explore More That's It! You Are Ready! You're all set to dive into your learning journey with HCL GUVI. Explore, upskill, and make each step count—exciting possibilities awaits! close Thank you for Reaching us out Our team will reach you out within the next 24 hours. Explore all Programs ✕ SQLKata SQLKata is a series of programs curated by the veterans in IT & Software industry. It hosts coding problems asked by top MNCs like Microsoft, Walmart, Samsung & so on. Practising on SQLKata will take your coding skills to next level. Sign up / Login to begin your practice journey! Start Solving Difficulty Easy Medium Hard Filter Topics Colleges Sql Show Tags Surprise Me Question Acceptance Difficulty Geekoins 1. The Neighborhood Pet Registry 76.75% Medium 50 2. The Bookworm's Haven Inventory System 47.4% Easy 20 3. TechCorp's Employee Management System 73.19% Easy 20 4. Gadget Grove's Inventory and Sales Tracking 88.35% Medium 50 5. Evergreen High School's Academic Database 88.18% Medium 50 6. Reliance Mart Shopping Database 93.47% Easy",200
https://www.guvi.in/sqlkata,SQLKata | HCL GUVI,Practice,5,System 73.19% Easy 20 4. Gadget Grove's Inventory and Sales Tracking 88.35% Medium 50 5. Evergreen High School's Academic Database 88.18% Medium 50 6. Reliance Mart Shopping Database 93.47% Easy 30 7. The Adventure Bookstore 91.92% Easy 20 8. Employee Database Management 95.01% Easy 30 9. Tech Haven Electronics 83.67% Easy 20 10. Epic Adventures Travel Agency 94.62% Easy 30 11. City Library 83.01% Easy 20 12. Movie Rentals 94.24% Easy 20 13. Local Farmers Market 97.08% Easy 20 14. School Supply Store 97.56% Easy 30 15. Art Gallery Collection 94.41% Easy 30 15 per page 30 per page 50 per page 1 2 3 4 5... 7 8 Showing 1 to 15 of 109 results ZEN CLASS LIVE CLASS Full Stack Development Data Science Software Development Intel AIML UI/UX DevOps Business Analytics with Digital Marketing All Programs Popular Courses Python - IIT-M Pravartak Certified Java Mobile Hacking C Programming AWS Angular Dark Web All Courses Self-Paced Courses Paid Courses Free Courses Combos Practice Platforms CodeKata WebKata SQLKata FixTheCode IDE Community Campus Ambassador Industrial visit Products HackerKID Placement Preparation HCL GUVI for Corporates Resources Success Stories Learn Hub Free Resources Blog Web Stories Rewards Refer a friend Become an Affiliate,200
https://www.guvi.in/sqlkata,SQLKata | HCL GUVI,Practice,6,"Community Campus Ambassador Industrial visit Products HackerKID Placement Preparation HCL GUVI for Corporates Resources Success Stories Learn Hub Free Resources Blog Web Stories Rewards Refer a friend Become an Affiliate Resume Builder New Company Refund Policy FAQs Contact Us About Us ZEN CLASS LIVE CLASS Full Stack Development Data Science Software Development Intel AIML UI/UX DevOps Business Analytics with Digital Marketing All Programs Popular Courses Python - IIT-M Pravartak Certified Java Mobile Hacking C Programming AWS Angular Dark Web All Courses Self-Paced Courses Paid Courses Free Courses Combos Practice Platforms CodeKata WebKata SQLKata FixTheCode IDE Community Campus Ambassador Industrial visit Products HackerKID Placement Preparation HCL GUVI for Corporates Resources Success Stories Learn Hub Free Resources Blog Web Stories Rewards Refer a friend Become an Affiliate Resume Builder New Company Refund Policy FAQs Contact Us About Us Refer & Earn HCL GUVI (Grab Your Vernacular Imprint) Geek Network Private Limited is a leading online learning and skills development company, incubated by IIT Madras and IIM Ahmedabad. Established in 2014 and acquired by the HCL Group in 2022, HCL GUVI is dedicated to providing effective and high-quality learning and skilling programs that transcend language barriers in technology education. HCL GUVI today is",200
https://www.guvi.in/sqlkata,SQLKata | HCL GUVI,Practice,7,"by the HCL Group in 2022, HCL GUVI is dedicated to providing effective and high-quality learning and skilling programs that transcend language barriers in technology education. HCL GUVI today is trusted by over 4.8 million users, 20 languages and 2500+ corporate partners. Refer & Earn Follow us on Follow us on HCL GUVI (Grab Your Vernacular Imprint) Geek Network Private Limited is a leading online learning and skills development company, incubated by IIT Madras and IIM Ahmedabad. Established in 2014 and acquired by the HCL Group in 2022, HCL GUVI is dedicated to providing effective and high-quality learning and skilling programs that transcend language barriers in technology education. HCL GUVI today is trusted by over 4.8 million users, 20 languages and 2500+ corporate partners. Follow us on Refer & Earn Terms and Conditions Privacy Policy HCL GUVI Geek Network Pvt. Ltd. Terms and Conditions Privacy Policy HCL GUVI Geek Network Pvt. Ltd.",152
https://www.guvi.in/ide,IDE | HCL GUVI,Other,0,"IDE HCL GUVI LIVE Classes VLSI Design Programme New IIT Delhi certified AI & Machine Learning New Intel & IIT-M Pravartak certified Data Science IIT-M Pravartak certified Full Stack Development IIT-M Pravartak certified UI/UX Design HCL GUVI certified AI DevOps Program HCL GUVI certified Still Confused? Request a Callback Explore all Programs Courses Practice CodeKata Sharpen your coding skills, prepare for interviews WebKata Build basic frontend & backend development skills SQLKata Master SQL concepts in relational database management FixTheCode A series of programs curated by industry experts IDE - Online Compiler Run & test your code in any programming language Resources Free Resources Referral Success Stories Blogs Learn Hub Get The App Rewards Become an Affiliate Leaderboard What's New? Resume Builder Community Hub Our Products HackerKID Coding classes platform for K-12 children GUVI For Corporates Meet your Hiring & Training Needs Placement Preparation Ace Up your Aptitude Login Sign up Login Sign up LIVE Classes VLSI Design Programme New IIT Delhi certified AI & Machine Learning New Intel & IIT-M Pravartak certified Data Science IIT-M Pravartak certified Full Stack Development IIT-M Pravartak certified UI/UX Design HCL GUVI certified AI DevOps Program HCL GUVI certified Explore all Programs Courses Practice CodeKata",200
https://www.guvi.in/ide,IDE | HCL GUVI,Other,1,"Pravartak certified Data Science IIT-M Pravartak certified Full Stack Development IIT-M Pravartak certified UI/UX Design HCL GUVI certified AI DevOps Program HCL GUVI certified Explore all Programs Courses Practice CodeKata Sharpen your coding skills, prepare for interviews WebKata Build basic frontend & backend development skills SQLKata Master SQL concepts in relational database management FixTheCode A series of programs curated by industry experts IDE - Online Compiler Run & test your code in any programming language Resources Free Resources Referral Success Stories Blogs Learn Hub Get The App Rewards Become an Affiliate Leaderboard What's New? Resume Builder Community Hub Our Products HackerKID Coding classes platform for K-12 children GUVI For Corporates Meet your Hiring & Training Needs Placement Preparation Ace Up your Aptitude Still Confused? Request a Callback Welcome LIVE Classes Courses Practice Platforms Leaderboard Rewards Referral Profile Finish Welcome LIVE Classes Courses Practice Platforms Leaderboard Rewards Referral Profile Finish ✕ Welcome to HCL GUVI Hey there! Welcome to HCL GUVI—Grab Your Vernacular Imprint—where tech learning is easy, fun, and curated specially for you. Incubated by IIT Madras & IIM Ahmedabad in 2014 and now part of HCL Group, we're making quality tech education accessible to all. Join 3M+ learners breaking",200
https://www.guvi.in/ide,IDE | HCL GUVI,Other,2,"specially for you. Incubated by IIT Madras & IIM Ahmedabad in 2014 and now part of HCL Group, we're making quality tech education accessible to all. Join 3M+ learners breaking barriers and upskilling for a brighter future. We're here to guide you every step of the way! 🚀 LIVE Classes Zen Classes are HCL GUVI's most refined and flagship product—live, expert-led tech programs for beginners and pros. With IITM Pravartak affiliations, master Full-Stack, Data Science, DevOps, UI/UX, and more in multiple languages! Explore More Courses Looking for flexibility? HCL GUVI's 200+ self-paced courses let you learn anytime, anywhere! From free lessons to IIT-M & Autodesk-certified programs, gain in-demand skills in your preferred language. Explore More Practice Platforms Enhance your coding skills with HCL GUVI's Practice Platforms—interactive, structured, and designed to help you master programming effortlessly. CodeKata: A structured coding practice platform with 1500+ coding problems designed by industry experts. Ideal for beginners and professionals preparing for tech interviews with real-world coding challenges. Try Now > WebKata: An interactive platform to master HTML, CSS, JavaScript, and Bootstrap with a live coding environment. Perfect for hands-on web development practice without any setup. Try Now > SQLKata: A practice ground for mastering SQL",200
https://www.guvi.in/ide,IDE | HCL GUVI,Other,3,"master HTML, CSS, JavaScript, and Bootstrap with a live coding environment. Perfect for hands-on web development practice without any setup. Try Now > SQLKata: A practice ground for mastering SQL queries used in real-world applications. Write, optimize, and refine your queries to build strong database skills. Try Now > FixTheCode: Hone your bug-fixing skills with real-world debugging challenges in Python, C++, JavaScript, and Golang. More languages coming soon! Try Now > IDE: A free online compiler supporting 20+ programming languages with auto-complete, debugging, and AI-powered code generation—all in the cloud! Try Now > Leaderboard Climb the leaderboard as you earn Geekoins by learning and practicing! The top scorers get featured, making learning competitive and rewarding. Keep going—you could be next! Explore More Rewards Earn Geekoins by watching videos and practicing problems, then redeem them for exciting rewards. The more you engage, the more you win! Explore More Referral Love learning with HCL GUVI? Share it with friends! Invite them using your unique link or code and unlock exciting rewards—Amazon vouchers, iPhones, and more. A Win-Win. Explore More Profile Your HCL GUVI profile is your digital portfolio! Track progress, showcase skills, add projects, and build a resume. Keep it updated—opportunities await!",200
https://www.guvi.in/ide,IDE | HCL GUVI,Other,4,"iPhones, and more. A Win-Win. Explore More Profile Your HCL GUVI profile is your digital portfolio! Track progress, showcase skills, add projects, and build a resume. Keep it updated—opportunities await! Explore More That's It! You Are Ready! You're all set to dive into your learning journey with HCL GUVI. Explore, upskill, and make each step count—exciting possibilities awaits! close Thank you for Reaching us out Our team will reach you out within the next 24 hours. Explore all Programs ✕ Code editor Inupt/Output Code Editor Untitled Save Save BASH BASIC C CLOJURE CRYSTAL C++ C# ELIXIR ERLANG GO HASKELL INSECT JAVA JAVA 8 JAVASCRIPT OCAML OCTAVE PASCAL PYTHON 2 PYTHON 3 RUBY RUST OBJECTIVE C PHP SCALA NASM CLANG C CLANG CPP COBOL SBCL D F# FORTRAN GROOVY KOTLIN LUA PROLOG R SQLITE SWIFT TYPESCRIPT VBNC Run Code Keep the Code Changes? Cancel Yes Input Input Output Output Save Save Run Code Settings Font Size Dark Mode IntelliSense Code Wrap Show Gutter Line Numbers Insert Code Template Insert Shortcuts Run Code Ctrl + ' Submit Ctrl + Enter Enter / Exit Full Screen Alt + F Editor - To indent one level Tab or Ctrl + ] Editor - To",200
https://www.guvi.in/ide,IDE | HCL GUVI,Other,5,Code Ctrl + ' Submit Ctrl + Enter Enter / Exit Full Screen Alt + F Editor - To indent one level Tab or Ctrl + ] Editor - To indent one fewer levels Shift + Tab or Ctrl + [ Editor - To move lines up / down Alt + Up/Down Editor - Undo action Ctrl + Z Editor - Redo action Ctrl + Shift + Z Next Question Ctrl + Right Arrow Previous Question Ctrl + Left Arrow Shuffle Question Ctrl + Alt + R close Testing 0 % Saved files There are no codes saved to your account New File close Are you sure you want to delete file? Cancel Confirm Share Code You can share this Code with your family and friends on Social Media. Copy Share in: close Would you like to open a new file? Your current work will be cleared. Make sure to save your code before proceeding. Cancel Yes Please login to access your saved codes Cancel Login,166
https://www.guvi.in/about,About Us | HCL GUVI,About,0,"About Us HCL GUVI LIVE Classes VLSI Design Programme New IIT Delhi certified AI & Machine Learning New Intel & IIT-M Pravartak certified Data Science IIT-M Pravartak certified Full Stack Development IIT-M Pravartak certified UI/UX Design HCL GUVI certified AI DevOps Program HCL GUVI certified Still Confused? Request a Callback Explore all Programs Courses Practice CodeKata Sharpen your coding skills, prepare for interviews WebKata Build basic frontend & backend development skills SQLKata Master SQL concepts in relational database management FixTheCode A series of programs curated by industry experts IDE - Online Compiler Run & test your code in any programming language Resources Free Resources Referral Success Stories Blogs Learn Hub Get The App Rewards Become an Affiliate Leaderboard What's New? Resume Builder Community Hub Our Products HackerKID Coding classes platform for K-12 children GUVI For Corporates Meet your Hiring & Training Needs Placement Preparation Ace Up your Aptitude Login Sign up Login Sign up LIVE Classes VLSI Design Programme New IIT Delhi certified AI & Machine Learning New Intel & IIT-M Pravartak certified Data Science IIT-M Pravartak certified Full Stack Development IIT-M Pravartak certified UI/UX Design HCL GUVI certified AI DevOps Program HCL GUVI certified Explore all Programs Courses Practice",200
https://www.guvi.in/about,About Us | HCL GUVI,About,1,"IIT-M Pravartak certified Data Science IIT-M Pravartak certified Full Stack Development IIT-M Pravartak certified UI/UX Design HCL GUVI certified AI DevOps Program HCL GUVI certified Explore all Programs Courses Practice CodeKata Sharpen your coding skills, prepare for interviews WebKata Build basic frontend & backend development skills SQLKata Master SQL concepts in relational database management FixTheCode A series of programs curated by industry experts IDE - Online Compiler Run & test your code in any programming language Resources Free Resources Referral Success Stories Blogs Learn Hub Get The App Rewards Become an Affiliate Leaderboard What's New? Resume Builder Community Hub Our Products HackerKID Coding classes platform for K-12 children GUVI For Corporates Meet your Hiring & Training Needs Placement Preparation Ace Up your Aptitude Still Confused? Request a Callback Welcome LIVE Classes Courses Practice Platforms Leaderboard Rewards Referral Profile Finish Welcome LIVE Classes Courses Practice Platforms Leaderboard Rewards Referral Profile Finish ✕ Welcome to HCL GUVI Hey there! Welcome to HCL GUVI—Grab Your Vernacular Imprint—where tech learning is easy, fun, and curated specially for you. Incubated by IIT Madras & IIM Ahmedabad in 2014 and now part of HCL Group, we're making quality tech education accessible to all. Join 3M+ learners",200
https://www.guvi.in/about,About Us | HCL GUVI,About,2,"curated specially for you. Incubated by IIT Madras & IIM Ahmedabad in 2014 and now part of HCL Group, we're making quality tech education accessible to all. Join 3M+ learners breaking barriers and upskilling for a brighter future. We're here to guide you every step of the way! 🚀 LIVE Classes Zen Classes are HCL GUVI's most refined and flagship product—live, expert-led tech programs for beginners and pros. With IITM Pravartak affiliations, master Full-Stack, Data Science, DevOps, UI/UX, and more in multiple languages! Explore More Courses Looking for flexibility? HCL GUVI's 200+ self-paced courses let you learn anytime, anywhere! From free lessons to IIT-M & Autodesk-certified programs, gain in-demand skills in your preferred language. Explore More Practice Platforms Enhance your coding skills with HCL GUVI's Practice Platforms—interactive, structured, and designed to help you master programming effortlessly. CodeKata: A structured coding practice platform with 1500+ coding problems designed by industry experts. Ideal for beginners and professionals preparing for tech interviews with real-world coding challenges. Try Now > WebKata: An interactive platform to master HTML, CSS, JavaScript, and Bootstrap with a live coding environment. Perfect for hands-on web development practice without any setup. Try Now > SQLKata: A practice ground for mastering",200
https://www.guvi.in/about,About Us | HCL GUVI,About,3,"to master HTML, CSS, JavaScript, and Bootstrap with a live coding environment. Perfect for hands-on web development practice without any setup. Try Now > SQLKata: A practice ground for mastering SQL queries used in real-world applications. Write, optimize, and refine your queries to build strong database skills. Try Now > FixTheCode: Hone your bug-fixing skills with real-world debugging challenges in Python, C++, JavaScript, and Golang. More languages coming soon! Try Now > IDE: A free online compiler supporting 20+ programming languages with auto-complete, debugging, and AI-powered code generation—all in the cloud! Try Now > Leaderboard Climb the leaderboard as you earn Geekoins by learning and practicing! The top scorers get featured, making learning competitive and rewarding. Keep going—you could be next! Explore More Rewards Earn Geekoins by watching videos and practicing problems, then redeem them for exciting rewards. The more you engage, the more you win! Explore More Referral Love learning with HCL GUVI? Share it with friends! Invite them using your unique link or code and unlock exciting rewards—Amazon vouchers, iPhones, and more. A Win-Win. Explore More Profile Your HCL GUVI profile is your digital portfolio! Track progress, showcase skills, add projects, and build a resume. Keep it updated—opportunities",200
https://www.guvi.in/about,About Us | HCL GUVI,About,4,"vouchers, iPhones, and more. A Win-Win. Explore More Profile Your HCL GUVI profile is your digital portfolio! Track progress, showcase skills, add projects, and build a resume. Keep it updated—opportunities await! Explore More That's It! You Are Ready! You're all set to dive into your learning journey with HCL GUVI. Explore, upskill, and make each step count—exciting possibilities awaits! close Thank you for Reaching us out Our team will reach you out within the next 24 hours. Explore all Programs ✕ Top Vernacular EdTech Company incubated by IIT-M & IIM-A Delivering world-class learning experience by providing highly-effective & finest learning solutions, breaking the language barrier in tech-learning to more than 2 million learners worldwide. Our Mission Our Vision Our mission is to become the leading platform for skilling, offering high-quality, easy-to-understand courses in vernacular languages. We aim to bridge the gap for those without access to elite learning materials and those... Read More To empower individuals across the globe by providing affordability and accessibility for upskilling, breaking down language barriers, and fostering a community of skilled professionals. Our Story 2011 Started as a YouTube channel - 'HCL GUVI Sharing' with technical videos instructed in native languages like Tamil, Telugu &",200
https://www.guvi.in/about,About Us | HCL GUVI,About,5,"and fostering a community of skilled professionals. Our Story 2011 Started as a YouTube channel - 'HCL GUVI Sharing' with technical videos instructed in native languages like Tamil, Telugu & Marathi for enhancing the learning experience. 2014 Officially Registered as an EdTech company, named HCL GUVI GEEK NETWORK PRIVATE LIMITED & incubated by eminent institutions such as IIT-M. 2015 Selected as Technical Content Partner for IIT-M QEEE(Quality Enhancement in Engineering Education) & stood as the Winner at 'Chennai Crowd Product Pitch'. 2016 Collaborated with Anna University for Faculty Development Training Programme (FDTP) for the enhancement of 550 Engineering Colleges in Tamilnadu. 2017 HCL GUVI got selected as One of the Top 10 startups led by Women in India hosted by Google Launchpad & actively got engaged in the Google for Startups Accelerator. 2018 Conducted Asia's 2nd largest AI Hackathon 'Code In India' (500+ participants) in the HCL Madurai, Selected among the Top 50 startups in India by IIGP 2.0(Tata Trusts), Selected for JioGenNext Startup Accelerator & Invited to Google I/O meet in California. 2019 Won Equity Free Seed Fund at EMPOWER (Accelerating Women Entrepreneurship), Incubated by IIM-A CIIE with Grant funding & Pre-series funding from Gray Matters Capital. 2020 Raised",200
https://www.guvi.in/about,About Us | HCL GUVI,About,6,"meet in California. 2019 Won Equity Free Seed Fund at EMPOWER (Accelerating Women Entrepreneurship), Incubated by IIM-A CIIE with Grant funding & Pre-series funding from Gray Matters Capital. 2020 Raised Pre-series funding & got backed by CBA Capital & Surpassed 5 Lakhs + user base with standard quality in EdTech. 2021 Created Guinness World Record through AI-for-India 1.0, crossed Milestone with 1 Million+ learners, Recognised by HolonIQ as One of the 100 Most Promising EdTechs (South Asia), & Officially partnered with UiPath & became 'Google for Education' Partner. 2022 Proudly Associated with the HCL Group, Awarded 'Most Trusted Vernacular Edutech Brand' by Zee Digital & Selected as the No.1 Top EdTech company by TNSDC ('Naan Mudhalvan' Initiative). 2023 Awarded 'Best Online Personalized Learning Platform' in Education Innovative Awards by Entrepreneur India, Empowered 30K+ women with Tech skills through 'AI-for-Women' initiative & Achieved 2 Million+ Learners within a year. 2024 Celebrating 10 years of excellence, HCL GUVI has been at the forefront of tech education. Our decade-long journey has empowered many to transform their careers and lives through learning. Core Values Passion An unwavering passion to bring tech closer to learners from all walks of life. We get fueled on the",200
https://www.guvi.in/about,About Us | HCL GUVI,About,7,"to transform their careers and lives through learning. Core Values Passion An unwavering passion to bring tech closer to learners from all walks of life. We get fueled on the idea of driving innovation while revolutionizing tech learning by turning language into a medium from a barrier. Team Work We are proud members of a technically steered and uplifting team that comes together to create a difference in the lives of millions of tech learners. It takes an idea to start, it takes a team to build all things phenomenal. Creativity The need to be creative to make learning intriguing and comprehensible is a major pillar of HCL GUVI's functioning. We love bringing creative solutions to life to serve uniqueness and unparalleled experience to our learners. Simplicity A simple idea can change the world. We stick to that simplicity to achieve the biggest of goals. At HCL GUVI, we believe in simplifying tech and its concepts which we use to build transformational courses for everyone. Customer Focus At HCL GUVI, our prime priority is to serve the users and fulfill their needs without compromising on quality. We want our products to provide exceptional value and reflect the learner's interest at",200
https://www.guvi.in/about,About Us | HCL GUVI,About,8,"our prime priority is to serve the users and fulfill their needs without compromising on quality. We want our products to provide exceptional value and reflect the learner's interest at the heart of curation. Passion An unwavering passion to bring tech closer to learners from all walks of life. We get fueled on the idea of driving innovation while revolutionizing tech learning by turning language into a medium from a barrier. Team Work We are proud members of a technically steered and uplifting team that comes together to create a difference in the lives of millions of tech learners. It takes an idea to start, it takes a team to build all things phenomenal. Creativity The need to be creative to make learning intriguing and comprehensible is a major pillar of HCL GUVI's functioning. We love bringing creative solutions to life to serve uniqueness and unparalleled experience to our learners. Simplicity A simple idea can change the world. We stick to that simplicity to achieve the biggest of goals. At HCL GUVI, we believe in simplifying tech and its concepts which we use to build transformational courses for everyone. Customer Focus At HCL GUVI, our prime priority is to serve",200
https://www.guvi.in/about,About Us | HCL GUVI,About,9,"HCL GUVI, we believe in simplifying tech and its concepts which we use to build transformational courses for everyone. Customer Focus At HCL GUVI, our prime priority is to serve the users and fulfill their needs without compromising on quality. We want our products to provide exceptional value and reflect the learner's interest at the heart of curation. Awards and Recognition 'Guinness World Record Holder through AI-for-India 1.0.' Breaking the record of 'Most users taking an online computer programming lesson in 24 hours'. 'Most Trusted Vernacular Edutech Brand' Awarded by Zee digital 'Among the 100 Most Promising Edtechs (South Asia)' Recognized by HolonIQ 'Winner of Equity Free Seed Fund' Awarded at EMPOWER (Accelerating Women Entrepreneurship) 'Stood 1st among the top 3 EdTech companies' Selected by TNSDC ('Naan Mudhalvan' Initiative) 'Best Online Personalized Learning Platform' Education Innovative Awards' awarded by Entrepreneur India 'Guinness World Record Holder through AI-for-India 1.0.' Breaking the record of 'Most users taking an online computer programming lesson in 24 hours'. 'Most Trusted Vernacular Edutech Brand' Awarded by Zee digital 'Among the 100 Most Promising Edtechs (South Asia)' Recognized by HolonIQ 'Winner of Equity Free Seed Fund' Awarded at EMPOWER (Accelerating Women Entrepreneurship) 'Stood 1st among the top",200
https://www.guvi.in/about,About Us | HCL GUVI,About,10,"Zee digital 'Among the 100 Most Promising Edtechs (South Asia)' Recognized by HolonIQ 'Winner of Equity Free Seed Fund' Awarded at EMPOWER (Accelerating Women Entrepreneurship) 'Stood 1st among the top 3 EdTech companies' Selected by TNSDC ('Naan Mudhalvan' Initiative) 'Best Online Personalized Learning Platform' Education Innovative Awards' awarded by Entrepreneur India Esteemed Partners and Accreditations Our Founding Team Late Mrs. Sridevi Arunprakash Co-Founder Mr. ArunPrakash M Founder & CEO Mr. Bala Murugan SP Co-Founder Late Mrs. Sridevi Arunprakash Co-Founder Mr. ArunPrakash M Founder & CEO Mr. Bala Murugan SP Co-Founder We are popular for our work May 06, 2021 HCL GUVI and All India Council for Technical Education create record with workshop A total of 1,12,314 persons participated in the 'AI for India' initiative organized on April 24 and 25 by HCL GUVI and All India Council for Technical Education. The event was aimed at up-skilling Indians in Python programming language. Read more Sep 22, 2021 IIT, IIM Alumni Offer Free Skill Training to 5,000 Students from Low Income Backgrounds Alumni of IIT Madras and IIM Ahmedabad had come together to offer free skill training to 5000 students from low-income backgrounds. The startup was formed by the alumni - HCL",200
https://www.guvi.in/about,About Us | HCL GUVI,About,11,"Alumni of IIT Madras and IIM Ahmedabad had come together to offer free skill training to 5000 students from low-income backgrounds. The startup was formed by the alumni - HCL GUVI launched a new initiative called 'Fly High'. Read more Mar 15, 2023 IIT-Madras startup launches 'AI-for-Women' initiative HCL GUVI, An IIT - Madras incubated startup, aims at empowering more than 30,000 women with opportunities to upskill their tech skills for free under a special campaign called 'AI-for-Women'. Read more Mar 15, 2023 IIT Madras' Startup Becomes A 'Google For Education' Partner HCL GUVI (Grab Ur Vernacular Imprint) has partnered with Google for the 'Google for Education' program. This initiative aims at enhancing the users' learning experience, especially in Tier 2 and Tier 3 cities in India. Read more Jan 12, 2016 SMALL TOWN BOY FROM TAMIL NADU STARTS VERNACULAR PLATFORM HCL GUVI FOR IT LEARNING Arun Prakash was the first graduate in his family. The 33 year old completed his BTech from Sethu Institute of Technology, Virudhunagar, Tamil Nadu. Things changed for the better, however, when he impressed the recruiters at Honeywell. Read more May 19, 2016 Online regional language courses gain traction When Ahmedabad-based Arvind Mishra stumbled upon",200
https://www.guvi.in/about,About Us | HCL GUVI,About,12,"Things changed for the better, however, when he impressed the recruiters at Honeywell. Read more May 19, 2016 Online regional language courses gain traction When Ahmedabad-based Arvind Mishra stumbled upon Online Tyari, a multi - lingual app which helps government exam aspirants prepare in their mother tongue, he felt he had struck a gold mine. Read more Join & Team Up with Us Want to be a part of dedicated team that aims to upskill everyone across the globe? Join us to make an impact! Welcoming to hire professionals for Technical Development, Graphic Design, Digital Marketing, Sales, & Industry experts across various domains. Send your updated CV & resume to [email protected] Address: Chennai - Address: IITM Research Park - Phase 2, Module #9, 3rd floor, D block, Kanagam Rd, Tharamani, Chennai, Tamil Nadu 600113 Noida - Address: HCL Corporation Private Limited, Block A, Noida Sector 3, Noida, Uttar Pradesh 201301 Frequently Asked Questions Who owns GUVI? GUVI (Grab Your Vernacular Imprint) is owned by the HCL Group, which acquired a majority stake in the company in 2022. Founded in 2014 by Arun Prakash M, Sridevi M, and S.P. Balamurugan, GUVI continues to operate as HCL GUVI, while retaining its",200
https://www.guvi.in/about,About Us | HCL GUVI,About,13,"a majority stake in the company in 2022. Founded in 2014 by Arun Prakash M, Sridevi M, and S.P. Balamurugan, GUVI continues to operate as HCL GUVI, while retaining its mission of making technology education accessible in multiple regional languages. Is GUVI part of HCLTech? No. GUVI is not a business unit of HCLTech. Instead, it is part of the HCL Group, the parent group that also includes HCLTech among its companies. GUVI operates independently as an EdTech platform while benefiting from the HCL Group's strategic support, industry network, and ecosystem. Did HCL Group acquire GUVI? Yes. In September 2022, the HCL Group acquired a majority stake in GUVI, marking a significant milestone in the company's growth. The acquisition strengthened GUVI's ability to expand its learning ecosystem, develop industry-aligned programs, and scale its mission of delivering high-quality tech education in vernacular languages. What is the relationship between GUVI and HCLTech? GUVI is an HCL Group company, while HCLTech is one of the flagship companies within the same group. Although GUVI is not owned directly by HCLTech, it collaborates with the broader HCL ecosystem to create industry-relevant learning experiences, certification programs, and career-focused initiatives that help learners build job-ready technology skills.",200
https://www.guvi.in/about,About Us | HCL GUVI,About,14,"is not owned directly by HCLTech, it collaborates with the broader HCL ecosystem to create industry-relevant learning experiences, certification programs, and career-focused initiatives that help learners build job-ready technology skills. ZEN CLASS LIVE CLASS Full Stack Development Data Science Software Development Intel AIML UI/UX DevOps Business Analytics with Digital Marketing All Programs Popular Courses Python - IIT-M Pravartak Certified Java Mobile Hacking C Programming AWS Angular Dark Web All Courses Self-Paced Courses Paid Courses Free Courses Combos Practice Platforms CodeKata WebKata SQLKata FixTheCode IDE Community Campus Ambassador Industrial visit Products HackerKID Placement Preparation HCL GUVI for Corporates Resources Success Stories Learn Hub Free Resources Blog Web Stories Rewards Refer a friend Become an Affiliate Resume Builder New Company Refund Policy FAQs Contact Us About Us ZEN CLASS LIVE CLASS Full Stack Development Data Science Software Development Intel AIML UI/UX DevOps Business Analytics with Digital Marketing All Programs Popular Courses Python - IIT-M Pravartak Certified Java Mobile Hacking C Programming AWS Angular Dark Web All Courses Self-Paced Courses Paid Courses Free Courses Combos Practice Platforms CodeKata WebKata SQLKata FixTheCode IDE Community Campus Ambassador Industrial visit Products HackerKID Placement Preparation HCL GUVI for Corporates Resources Success Stories Learn Hub Free Resources Blog",200
https://www.guvi.in/about,About Us | HCL GUVI,About,15,"Courses Combos Practice Platforms CodeKata WebKata SQLKata FixTheCode IDE Community Campus Ambassador Industrial visit Products HackerKID Placement Preparation HCL GUVI for Corporates Resources Success Stories Learn Hub Free Resources Blog Web Stories Rewards Refer a friend Become an Affiliate Resume Builder New Company Refund Policy FAQs Contact Us About Us Refer & Earn HCL GUVI (Grab Your Vernacular Imprint) Geek Network Private Limited is a leading online learning and skills development company, incubated by IIT Madras and IIM Ahmedabad. Established in 2014 and acquired by the HCL Group in 2022, HCL GUVI is dedicated to providing effective and high-quality learning and skilling programs that transcend language barriers in technology education. HCL GUVI today is trusted by over 4.8 million users, 20 languages and 2500+ corporate partners. Refer & Earn Follow us on Follow us on HCL GUVI (Grab Your Vernacular Imprint) Geek Network Private Limited is a leading online learning and skills development company, incubated by IIT Madras and IIM Ahmedabad. Established in 2014 and acquired by the HCL Group in 2022, HCL GUVI is dedicated to providing effective and high-quality learning and skilling programs that transcend language barriers in technology education. HCL GUVI today is trusted by over 4.8",200
https://www.guvi.in/about,About Us | HCL GUVI,About,16,"in 2022, HCL GUVI is dedicated to providing effective and high-quality learning and skilling programs that transcend language barriers in technology education. HCL GUVI today is trusted by over 4.8 million users, 20 languages and 2500+ corporate partners. Follow us on Refer & Earn Terms and Conditions Privacy Policy HCL GUVI Geek Network Pvt. Ltd. Terms and Conditions Privacy Policy HCL GUVI Geek Network Pvt. Ltd.",66
https://www.guvi.in/courses,HCL GUVI | courses,Course,0,"HCL GUVI courses LIVE Classes VLSI Design Programme New IIT Delhi certified AI & Machine Learning New Intel & IIT-M Pravartak certified Data Science IIT-M Pravartak certified Full Stack Development IIT-M Pravartak certified UI/UX Design HCL GUVI certified AI DevOps Program HCL GUVI certified Still Confused? Request a Callback Explore all Programs Courses Practice CodeKata Sharpen your coding skills, prepare for interviews WebKata Build basic frontend & backend development skills SQLKata Master SQL concepts in relational database management FixTheCode A series of programs curated by industry experts IDE - Online Compiler Run & test your code in any programming language Resources Free Resources Referral Success Stories Blogs Learn Hub Get The App Rewards Become an Affiliate Leaderboard What's New? Resume Builder Community Hub Our Products HackerKID Coding classes platform for K-12 children GUVI For Corporates Meet your Hiring & Training Needs Placement Preparation Ace Up your Aptitude Login Sign up Login Sign up LIVE Classes VLSI Design Programme New IIT Delhi certified AI & Machine Learning New Intel & IIT-M Pravartak certified Data Science IIT-M Pravartak certified Full Stack Development IIT-M Pravartak certified UI/UX Design HCL GUVI certified AI DevOps Program HCL GUVI certified Explore all Programs Courses Practice CodeKata",200
https://www.guvi.in/courses,HCL GUVI | courses,Course,1,"Pravartak certified Data Science IIT-M Pravartak certified Full Stack Development IIT-M Pravartak certified UI/UX Design HCL GUVI certified AI DevOps Program HCL GUVI certified Explore all Programs Courses Practice CodeKata Sharpen your coding skills, prepare for interviews WebKata Build basic frontend & backend development skills SQLKata Master SQL concepts in relational database management FixTheCode A series of programs curated by industry experts IDE - Online Compiler Run & test your code in any programming language Resources Free Resources Referral Success Stories Blogs Learn Hub Get The App Rewards Become an Affiliate Leaderboard What's New? Resume Builder Community Hub Our Products HackerKID Coding classes platform for K-12 children GUVI For Corporates Meet your Hiring & Training Needs Placement Preparation Ace Up your Aptitude Still Confused? Request a Callback Welcome LIVE Classes Courses Practice Platforms Leaderboard Rewards Referral Profile Finish Welcome LIVE Classes Courses Practice Platforms Leaderboard Rewards Referral Profile Finish ✕ Welcome to HCL GUVI Hey there! Welcome to HCL GUVI—Grab Your Vernacular Imprint—where tech learning is easy, fun, and curated specially for you. Incubated by IIT Madras & IIM Ahmedabad in 2014 and now part of HCL Group, we're making quality tech education accessible to all. Join 3M+ learners breaking",200
https://www.guvi.in/courses,HCL GUVI | courses,Course,2,"specially for you. Incubated by IIT Madras & IIM Ahmedabad in 2014 and now part of HCL Group, we're making quality tech education accessible to all. Join 3M+ learners breaking barriers and upskilling for a brighter future. We're here to guide you every step of the way! 🚀 LIVE Classes Zen Classes are HCL GUVI's most refined and flagship product—live, expert-led tech programs for beginners and pros. With IITM Pravartak affiliations, master Full-Stack, Data Science, DevOps, UI/UX, and more in multiple languages! Explore More Courses Looking for flexibility? HCL GUVI's 200+ self-paced courses let you learn anytime, anywhere! From free lessons to IIT-M & Autodesk-certified programs, gain in-demand skills in your preferred language. Explore More Practice Platforms Enhance your coding skills with HCL GUVI's Practice Platforms—interactive, structured, and designed to help you master programming effortlessly. CodeKata: A structured coding practice platform with 1500+ coding problems designed by industry experts. Ideal for beginners and professionals preparing for tech interviews with real-world coding challenges. Try Now > WebKata: An interactive platform to master HTML, CSS, JavaScript, and Bootstrap with a live coding environment. Perfect for hands-on web development practice without any setup. Try Now > SQLKata: A practice ground for mastering SQL",200
https://www.guvi.in/courses,HCL GUVI | courses,Course,3,"master HTML, CSS, JavaScript, and Bootstrap with a live coding environment. Perfect for hands-on web development practice without any setup. Try Now > SQLKata: A practice ground for mastering SQL queries used in real-world applications. Write, optimize, and refine your queries to build strong database skills. Try Now > FixTheCode: Hone your bug-fixing skills with real-world debugging challenges in Python, C++, JavaScript, and Golang. More languages coming soon! Try Now > IDE: A free online compiler supporting 20+ programming languages with auto-complete, debugging, and AI-powered code generation—all in the cloud! Try Now > Leaderboard Climb the leaderboard as you earn Geekoins by learning and practicing! The top scorers get featured, making learning competitive and rewarding. Keep going—you could be next! Explore More Rewards Earn Geekoins by watching videos and practicing problems, then redeem them for exciting rewards. The more you engage, the more you win! Explore More Referral Love learning with HCL GUVI? Share it with friends! Invite them using your unique link or code and unlock exciting rewards—Amazon vouchers, iPhones, and more. A Win-Win. Explore More Profile Your HCL GUVI profile is your digital portfolio! Track progress, showcase skills, add projects, and build a resume. Keep it updated—opportunities await!",200
https://www.guvi.in/courses,HCL GUVI | courses,Course,4,"iPhones, and more. A Win-Win. Explore More Profile Your HCL GUVI profile is your digital portfolio! Track progress, showcase skills, add projects, and build a resume. Keep it updated—opportunities await! Explore More That's It! You Are Ready! You're all set to dive into your learning journey with HCL GUVI. Explore, upskill, and make each step count—exciting possibilities awaits! close Thank you for Reaching us out Our team will reach you out within the next 24 hours. Explore all Programs ✕ Trending Skills English 4.4 HTML & CSS 17 Hrs 20.0k+ Enrolled ₹1,999 English 4.3 React.js 6 Hrs 2.1k+ Enrolled ₹3,499 English 4.6 TypeScript 4 Hrs 2k+ Enrolled ₹1,499 English 4.0 Django Framework Basic to Advanced 15 Hrs 2k+ Enrolled ₹2,499 English 4.0 Express.js 4 Hrs 2k+ Enrolled ₹1,499 English 4.1 Next.js 10 Hrs 2k+ Enrolled ₹2,499 English 4.4 Core Spring Fundamentals 15 Hrs 2k+ Enrolled ₹2,499 English 4.0 Redis with Python RESTful API 9 Hrs 2k+ Enrolled ₹2,499 View all Web development courses Pick a Career Path Data Science Mastery Program: Python Machine Learning & Data Analytics 10 total hours 30,000+ + job opportunities ₹ 11 LPA avg (src: Ambition Box) Explore path UI/UX Design & Web Design Bundle: Figma",200
https://www.guvi.in/courses,HCL GUVI | courses,Course,5,"Program: Python Machine Learning & Data Analytics 10 total hours 30,000+ + job opportunities ₹ 11 LPA avg (src: Ambition Box) Explore path UI/UX Design & Web Design Bundle: Figma Prototyping & UX Fundamentals 39 total hours 18000 + job opportunities ₹ 7 - 10 LPA avg (src: glassdoor, ambition box) Explore path Full Stack Web Development Course Bundle: HTML CSS JavaScript & React 61 total hours 1000 + job opportunities ₹ 6 LPA avg Explore path Complete Python for Data Science Mastery Bootcamp 73 total hours 1000 + job opportunities ₹ 6 LPA avg Explore path Cybersecurity Certification Bundle: Ethical Hacking Network Security & Cyber Defense 7 total hours 1000 + job opportunities ₹ 6 LPA avg Explore path Complete AI & Machine Learning Bootcamp with Python 73 total hours 1000 + job opportunities ₹ 6 LPA avg Explore path New Courses for you English 4.5 Generative AI Course: Build AI Apps with LLMs & Generative Models 7 Hrs 267.2k+ Enrolled ₹499 English 4.6 Prompt Engineering Certification Course with LLM 6 Hrs 2k+ Enrolled ₹799 English 4.3 Cricket Analytics with Data Science: IPL Data Analysis using Python 2 Hrs 2k+ Enrolled ₹799 English 5.0 Introduction to Generative AI 3",200
https://www.guvi.in/courses,HCL GUVI | courses,Course,6,LLM 6 Hrs 2k+ Enrolled ₹799 English 4.3 Cricket Analytics with Data Science: IPL Data Analysis using Python 2 Hrs 2k+ Enrolled ₹799 English 5.0 Introduction to Generative AI 3 Hrs 2k+ Enrolled ₹499 English 4.5 Claude AI in 90 Minutes Productivity Course: Build Your AI Work Assistant 2 Hrs 2k+ Enrolled ₹499 View all new courses Free Courses for you Tamil 4.4 Python Programming Course in Tamil: Beginner to Advanced with Certification 16 Hrs 256.0k+ Enrolled Free Pay for Certification! English 4.6 Build & Deploy AI Apps with Google AI Studio: Multilingual AI Speech App Development 2 Hrs 14.7k+ Enrolled Free Free Certificate! English 4.5 Data Science & Analytics Certification Course: Python Statistics & Data Analysis 4 Hrs 16.7k+ Enrolled Free Pay for Certification! English 4.5 ChatGPT for Everyone: Complete Generative AI & Prompt Engineering Course 2 Hrs 19.3k+ Enrolled Free Free Certificate! English 4.5 Blockchain Certification Course: Learn Blockchain Technology & Development Fundamentals 4 Hrs 5.9k+ Enrolled Free Pay for Certification! English 4.5 HTML & CSS Projects for Beginners: Build Real-World Web Development Projects 3 Hrs 3.5k+ Enrolled Free Pay for Certification! English 4.4 Digital Marketing Masterclass: SEO Social Media Ads & Online Marketing 26 Hrs 4.9k+ Enrolled,200
https://www.guvi.in/courses,HCL GUVI | courses,Course,7,"Beginners: Build Real-World Web Development Projects 3 Hrs 3.5k+ Enrolled Free Pay for Certification! English 4.4 Digital Marketing Masterclass: SEO Social Media Ads & Online Marketing 26 Hrs 4.9k+ Enrolled Free Pay for Certification! English 4.4 Ethical Hacking for Beginners: Cybersecurity & Penetration Testing Basics 3 Hrs 3.5k+ Enrolled Free Pay for Certification! View all free courses Explore all courses Sort by Filter by Topic Language Rating Price Duration Course Type Sort by - Popularity English 4.2 Python Programming Zero to Hero: Complete Python Bootcamp 23 Hrs 344.8k+ Enrolled ₹1,499 English 4.6 Microsoft Power BI Course: Data Visualization & Business Intelligence 8 Hrs 4.0k+ Enrolled ₹999 English 4.6 Data Analysis and Processing with Python using Pandas 5 Hrs 2k+ Enrolled ₹1,499 English 4.5 Data Visualization with Plotly Dash 2 Hrs 2k+ Enrolled ₹1,499 English 4.7 Build Dashboards in Power BI with Python Data 2 Hrs 2k+ Enrolled ₹1,499 English 4.5 Mastering MySQL 10 Hrs 2k+ Enrolled ₹1,999 English 4.2 Python Programming Zero to Hero: Complete Python Bootcamp 23 Hrs 344.8k+ Enrolled ₹1,499 English 4.6 Microsoft Power BI Course: Data Visualization & Business Intelligence 8 Hrs 4.0k+ Enrolled ₹999 English 4.6 Data Analysis and Processing with Python using Pandas 5 Hrs",200
https://www.guvi.in/courses,HCL GUVI | courses,Course,8,"Enrolled ₹1,499 English 4.6 Microsoft Power BI Course: Data Visualization & Business Intelligence 8 Hrs 4.0k+ Enrolled ₹999 English 4.6 Data Analysis and Processing with Python using Pandas 5 Hrs 2k+ Enrolled ₹1,499 English 4.5 Data Visualization with Plotly Dash 2 Hrs 2k+ Enrolled ₹1,499 English 4.7 Build Dashboards in Power BI with Python Data 2 Hrs 2k+ Enrolled ₹1,499 English 4.5 Mastering MySQL 10 Hrs 2k+ Enrolled ₹1,999 View all courses Install The GUVI Super App 4.5 500K+ Downloads INSTALL ZEN CLASS LIVE CLASS Full Stack Development Data Science Software Development Intel AIML UI/UX DevOps Business Analytics with Digital Marketing All Programs Popular Courses Python - IIT-M Pravartak Certified Java Mobile Hacking C Programming AWS Angular Dark Web All Courses Self-Paced Courses Paid Courses Free Courses Combos Practice Platforms CodeKata WebKata SQLKata FixTheCode IDE Community Campus Ambassador Industrial visit Products HackerKID Placement Preparation HCL GUVI for Corporates Resources Success Stories Learn Hub Free Resources Blog Web Stories Rewards Refer a friend Become an Affiliate Resume Builder New Company Refund Policy FAQs Contact Us About Us ZEN CLASS LIVE CLASS Full Stack Development Data Science Software Development Intel AIML UI/UX DevOps Business Analytics with Digital Marketing All Programs Popular Courses",200
https://www.guvi.in/courses,HCL GUVI | courses,Course,9,"Policy FAQs Contact Us About Us ZEN CLASS LIVE CLASS Full Stack Development Data Science Software Development Intel AIML UI/UX DevOps Business Analytics with Digital Marketing All Programs Popular Courses Python - IIT-M Pravartak Certified Java Mobile Hacking C Programming AWS Angular Dark Web All Courses Self-Paced Courses Paid Courses Free Courses Combos Practice Platforms CodeKata WebKata SQLKata FixTheCode IDE Community Campus Ambassador Industrial visit Products HackerKID Placement Preparation HCL GUVI for Corporates Resources Success Stories Learn Hub Free Resources Blog Web Stories Rewards Refer a friend Become an Affiliate Resume Builder New Company Refund Policy FAQs Contact Us About Us Refer & Earn HCL GUVI (Grab Your Vernacular Imprint) Geek Network Private Limited is a leading online learning and skills development company, incubated by IIT Madras and IIM Ahmedabad. Established in 2014 and acquired by the HCL Group in 2022, HCL GUVI is dedicated to providing effective and high-quality learning and skilling programs that transcend language barriers in technology education. HCL GUVI today is trusted by over 4.8 million users, 20 languages and 2500+ corporate partners. Refer & Earn Follow us on Follow us on HCL GUVI (Grab Your Vernacular Imprint) Geek Network Private Limited is a leading online",200
https://www.guvi.in/courses,HCL GUVI | courses,Course,10,"users, 20 languages and 2500+ corporate partners. Refer & Earn Follow us on Follow us on HCL GUVI (Grab Your Vernacular Imprint) Geek Network Private Limited is a leading online learning and skills development company, incubated by IIT Madras and IIM Ahmedabad. Established in 2014 and acquired by the HCL Group in 2022, HCL GUVI is dedicated to providing effective and high-quality learning and skilling programs that transcend language barriers in technology education. HCL GUVI today is trusted by over 4.8 million users, 20 languages and 2500+ corporate partners. Follow us on Refer & Earn Terms and Conditions Privacy Policy HCL GUVI Geek Network Pvt. Ltd. Terms and Conditions Privacy Policy HCL GUVI Geek Network Pvt. Ltd. SAWiT.AI ✕ Do you want to be part of the ongoing Generative AI revolution? Join us to explore cutting-edge AI innovations and shape the future of intelligent technology! Please choose your Language: English Tamil Telugu Kannada Hindi Marathi Bengali Malayalam Start Now",159
https://www.guvi.in/courses/web-development/angular-basics,Best Angular Basics Course Online with Certification | GUVI,Course,0,"Best Angular Basics Course Online with Certification GUVI LIVE Classes VLSI Design Programme New IIT Delhi certified AI & Machine Learning New Intel & IIT-M Pravartak certified Data Science IIT-M Pravartak certified Full Stack Development IIT-M Pravartak certified UI/UX Design HCL GUVI certified AI DevOps Program HCL GUVI certified Still Confused? Request a Callback Explore all Programs Courses Practice CodeKata Sharpen your coding skills, prepare for interviews WebKata Build basic frontend & backend development skills SQLKata Master SQL concepts in relational database management FixTheCode A series of programs curated by industry experts IDE - Online Compiler Run & test your code in any programming language Resources Free Resources Referral Success Stories Blogs Learn Hub Get The App Rewards Become an Affiliate Leaderboard What's New? Resume Builder Community Hub Our Products HackerKID Coding classes platform for K-12 children GUVI For Corporates Meet your Hiring & Training Needs Placement Preparation Ace Up your Aptitude Login Sign up Login Sign up LIVE Classes VLSI Design Programme New IIT Delhi certified AI & Machine Learning New Intel & IIT-M Pravartak certified Data Science IIT-M Pravartak certified Full Stack Development IIT-M Pravartak certified UI/UX Design HCL GUVI certified AI DevOps Program HCL GUVI certified Explore",200
https://www.guvi.in/courses/web-development/angular-basics,Best Angular Basics Course Online with Certification | GUVI,Course,1,"Learning New Intel & IIT-M Pravartak certified Data Science IIT-M Pravartak certified Full Stack Development IIT-M Pravartak certified UI/UX Design HCL GUVI certified AI DevOps Program HCL GUVI certified Explore all Programs Courses Practice CodeKata Sharpen your coding skills, prepare for interviews WebKata Build basic frontend & backend development skills SQLKata Master SQL concepts in relational database management FixTheCode A series of programs curated by industry experts IDE - Online Compiler Run & test your code in any programming language Resources Free Resources Referral Success Stories Blogs Learn Hub Get The App Rewards Become an Affiliate Leaderboard What's New? Resume Builder Community Hub Our Products HackerKID Coding classes platform for K-12 children GUVI For Corporates Meet your Hiring & Training Needs Placement Preparation Ace Up your Aptitude Still Confused? Request a Callback Welcome LIVE Classes Courses Practice Platforms Leaderboard Rewards Referral Profile Finish Welcome LIVE Classes Courses Practice Platforms Leaderboard Rewards Referral Profile Finish ✕ Welcome to HCL GUVI Hey there! Welcome to HCL GUVI—Grab Your Vernacular Imprint—where tech learning is easy, fun, and curated specially for you. Incubated by IIT Madras & IIM Ahmedabad in 2014 and now part of HCL Group, we're making quality tech education accessible to",200
https://www.guvi.in/courses/web-development/angular-basics,Best Angular Basics Course Online with Certification | GUVI,Course,2,"is easy, fun, and curated specially for you. Incubated by IIT Madras & IIM Ahmedabad in 2014 and now part of HCL Group, we're making quality tech education accessible to all. Join 3M+ learners breaking barriers and upskilling for a brighter future. We're here to guide you every step of the way! 🚀 LIVE Classes Zen Classes are HCL GUVI's most refined and flagship product—live, expert-led tech programs for beginners and pros. With IITM Pravartak affiliations, master Full-Stack, Data Science, DevOps, UI/UX, and more in multiple languages! Explore More Courses Looking for flexibility? HCL GUVI's 200+ self-paced courses let you learn anytime, anywhere! From free lessons to IIT-M & Autodesk-certified programs, gain in-demand skills in your preferred language. Explore More Practice Platforms Enhance your coding skills with HCL GUVI's Practice Platforms—interactive, structured, and designed to help you master programming effortlessly. CodeKata: A structured coding practice platform with 1500+ coding problems designed by industry experts. Ideal for beginners and professionals preparing for tech interviews with real-world coding challenges. Try Now > WebKata: An interactive platform to master HTML, CSS, JavaScript, and Bootstrap with a live coding environment. Perfect for hands-on web development practice without any setup. Try Now > SQLKata: A",200
https://www.guvi.in/courses/web-development/angular-basics,Best Angular Basics Course Online with Certification | GUVI,Course,3,"WebKata: An interactive platform to master HTML, CSS, JavaScript, and Bootstrap with a live coding environment. Perfect for hands-on web development practice without any setup. Try Now > SQLKata: A practice ground for mastering SQL queries used in real-world applications. Write, optimize, and refine your queries to build strong database skills. Try Now > FixTheCode: Hone your bug-fixing skills with real-world debugging challenges in Python, C++, JavaScript, and Golang. More languages coming soon! Try Now > IDE: A free online compiler supporting 20+ programming languages with auto-complete, debugging, and AI-powered code generation—all in the cloud! Try Now > Leaderboard Climb the leaderboard as you earn Geekoins by learning and practicing! The top scorers get featured, making learning competitive and rewarding. Keep going—you could be next! Explore More Rewards Earn Geekoins by watching videos and practicing problems, then redeem them for exciting rewards. The more you engage, the more you win! Explore More Referral Love learning with HCL GUVI? Share it with friends! Invite them using your unique link or code and unlock exciting rewards—Amazon vouchers, iPhones, and more. A Win-Win. Explore More Profile Your HCL GUVI profile is your digital portfolio! Track progress, showcase skills, add projects, and build a",200
https://www.guvi.in/courses/web-development/angular-basics,Best Angular Basics Course Online with Certification | GUVI,Course,4,"and unlock exciting rewards—Amazon vouchers, iPhones, and more. A Win-Win. Explore More Profile Your HCL GUVI profile is your digital portfolio! Track progress, showcase skills, add projects, and build a resume. Keep it updated—opportunities await! Explore More That's It! You Are Ready! You're all set to dive into your learning journey with HCL GUVI. Explore, upskill, and make each step count—exciting possibilities awaits! close Thank you for Reaching us out Our team will reach you out within the next 24 hours. Explore all Programs ✕ Accelerate your Career Angular Basics Join our Angular Basics course and kickstart your journey to learn Angular for beginners, a key essential to building dynamic web applications. This self-paced course offers high-quality content, practical exercises, and a globally recognized certification, helping you step confidently into your desired career in web development. Enroll Now Join 2.0k geeks 4.5 2000+ enrolled 6 Hours of Recorded Content 4 Modules with Certifications English Language Only ₹1499 ₹ 2000 25.06 % OFF Enroll Now Professionals from Top Industries Learn from Us Course Overview Syllabus Course Requirements Certificate Recommended course FAQ Course Overview Our Angular Basics course is specially designed to teach Angular for beginners. You’ll start by learning the prerequisites",200
https://www.guvi.in/courses/web-development/angular-basics,Best Angular Basics Course Online with Certification | GUVI,Course,5,"Us Course Overview Syllabus Course Requirements Certificate Recommended course FAQ Course Overview Our Angular Basics course is specially designed to teach Angular for beginners. You’ll start by learning the prerequisites and installation process, then move on to core concepts like routing, directives, and form management, ensuring a well-rounded understanding of Angular basics. You will study interpolation, property binding, event binding, and two-way binding in a self-paced manner to ensure a thorough grasp of Angular basics. In addition, we will go over NgModules, components, services, standalone components, and directives, giving you the fundamental knowledge needed to learn Angular development at an advanced level. By the end of this course, you’ll have a good idea of using Angular as a beginner to build interactive web applications through its powerful functions and features. Upon course completion, you’ll also receive a globally recognized certification from an IIT-M and IIM-A incubated company, validating your skills in Angular and helping your job search. Explore Our Industry-Aligned Curriculum Course Syllabus Expand all Beginner Module 1h 16m total length Intermediate Module 1h 8m total length Advanced Module 52m total length Expert Module 45m total length Course Requirements Basic understanding of HTML and JavaScript A computer with internet access",200
https://www.guvi.in/courses/web-development/angular-basics,Best Angular Basics Course Online with Certification | GUVI,Course,6,"length Intermediate Module 1h 8m total length Advanced Module 52m total length Expert Module 45m total length Course Requirements Basic understanding of HTML and JavaScript A computer with internet access Accelerate your Career Angular Basics Enroll Now Real Career Stories Powered By Upskilling "" Previously in IT services, I wanted to upgrade to a new field but didn’t know how. The trust I got from HCL GUVI was enormous; I quit my job and took HCL Guvi Courses. I’ve now been placed as a Data Scientist at AI Enterprise Software India Ltd. I’m feeling blessed and didn’t expect this level of help! "" S Sonia Kola Data scientist "" I wanted to make a career shift to IT, so I joined the HCL Guvi Courses. I interviewed with 10 companies and received 3 offers. I eventually accepted an offer from a product-based company and am currently working as a Software Developer at iQuanti India Pvt. Ltd. "" R Rakesh Software Developer "" My world changed after joining HCL GUVI. The Courses helped me to develop apps from scratch—a vital skill for any developer—and I worked on projects like GooglePay and YouTube clones. I was placed at a product-based company, Zest",200
https://www.guvi.in/courses/web-development/angular-basics,Best Angular Basics Course Online with Certification | GUVI,Course,7,"Courses helped me to develop apps from scratch—a vital skill for any developer—and I worked on projects like GooglePay and YouTube clones. I was placed at a product-based company, Zest Money. If you want to upskill and join a product-based company, I highly recommend the HCL Guvi Courses. "" M Muntha Pawan Kumar Software Developer "" I enrolled in the UI/UX Design course at HCL GUVI to master the art of user-centric design. The course was brilliantly structured, moving from wireframing basics to high-fidelity prototyping and user testing. Learning tools like Figma and working on real-world case studies helped me a lot. "" S Shaik Ahmad Associate Product Manager Awards & Achievements HCL GUVI recognized as the Best Partner - Technology Training by Empire Forums. Awarded by ZEE Digital during ZEE National Achievers Awards 2022. Awarded by ENTREPRENEUR INDIA for having the best online personalized learning programs. HCL GUVI recognized as the ""Best GenAI Training Partner"" by UBS Forums For the most users to take an Artificial Intelligence lesson in 24 hours. HCL GUVI recognized as the ""Best Partner - New Hire Training"" by UBS Forums Broke the Record for most users taking an online computer programming lesson in 24",200
https://www.guvi.in/courses/web-development/angular-basics,Best Angular Basics Course Online with Certification | GUVI,Course,8,"24 hours. HCL GUVI recognized as the ""Best Partner - New Hire Training"" by UBS Forums Broke the Record for most users taking an online computer programming lesson in 24 Hrs. Certification Industry-recognized Angular Basics Certificate Certificates are generated after the completion of course. Certificates are globally recognized & they help Enhance your profile. More Courses related to Web Development English 4.0 Struts 6 Hrs 3.9k+ Enrolled ₹1,499 Tamil 4.0 Codeigniter in Tamil 6 Hrs 2k+ Enrolled ₹1,499 Tamil 4.2 PHP 5 Hrs 5.0k+ Enrolled ₹1,499 English 4.4 HTML & CSS 17 Hrs 20.0k+ Enrolled ₹1,999 English 5.0 Mastering jQuery 13 Hrs 2k+ Enrolled ₹3,499 Tamil 4.2 HTML & CSS in Tamil 12 Hrs 2k+ Enrolled ₹1,999 English 4.5 NodeJS 15 Hrs 2.4k+ Enrolled ₹3,499 English 4.6 Bootstrap 11 Hrs 2k+ Enrolled ₹3,499 View all courses Frequently Asked Questions How to learn Angular from basics? − To learn Angular from basics, start with a structured course like this one, which covers essential concepts such as installation, data binding, and components. Engage in hands-on projects and exercises to reinforce your learning and build practical skills. Is Angular good for beginners? + Which Angular course is best for beginners? + How difficult",200
https://www.guvi.in/courses/web-development/angular-basics,Best Angular Basics Course Online with Certification | GUVI,Course,9,Engage in hands-on projects and exercises to reinforce your learning and build practical skills. Is Angular good for beginners? + Which Angular course is best for beginners? + How difficult is it to learn Angular? + Is Angular a good career? + How long does it take to learn Angular Basics? + What are the other Angular courses offered by GUVI? + Course Preview Angular Basics Master n8n AI Agents: Build & Sell AI Agents and Automations Free Sample Videos NOW PLAYING 12:26 Master n8n AI Agents: Build & Sell AI Agents and Automations Module 1 12:26 What is n8n? (Replace Zapier/Make with n8n) Module 2 1:40 4 Key Components of an AI Agent Module 3 8:15 Understanding AI Workflows Module 4 Enroll Now - ₹1499,126
https://www.guvi.in/community/hcl-guvi-industrial-campus-visit,"HCL GUVI Industrial Campus Visit | Learn, Explore & Network",Community,0,"HCL GUVI Industrial Campus Visit Learn, Explore & Network LIVE Classes VLSI Design Programme New IIT Delhi certified AI & Machine Learning New Intel & IIT-M Pravartak certified Data Science IIT-M Pravartak certified Full Stack Development IIT-M Pravartak certified UI/UX Design HCL GUVI certified AI DevOps Program HCL GUVI certified Still Confused? Request a Callback Explore all Programs Courses Practice CodeKata Sharpen your coding skills, prepare for interviews WebKata Build basic frontend & backend development skills SQLKata Master SQL concepts in relational database management FixTheCode A series of programs curated by industry experts IDE - Online Compiler Run & test your code in any programming language Resources Free Resources Referral Success Stories Blogs Learn Hub Get The App Rewards Become an Affiliate Leaderboard What's New? Resume Builder Community Hub Our Products HackerKID Coding classes platform for K-12 children GUVI For Corporates Meet your Hiring & Training Needs Placement Preparation Ace Up your Aptitude Login Sign up Login Sign up LIVE Classes VLSI Design Programme New IIT Delhi certified AI & Machine Learning New Intel & IIT-M Pravartak certified Data Science IIT-M Pravartak certified Full Stack Development IIT-M Pravartak certified UI/UX Design HCL GUVI certified AI DevOps Program HCL GUVI certified",200
https://www.guvi.in/community/hcl-guvi-industrial-campus-visit,"HCL GUVI Industrial Campus Visit | Learn, Explore & Network",Community,1,"Machine Learning New Intel & IIT-M Pravartak certified Data Science IIT-M Pravartak certified Full Stack Development IIT-M Pravartak certified UI/UX Design HCL GUVI certified AI DevOps Program HCL GUVI certified Explore all Programs Courses Practice CodeKata Sharpen your coding skills, prepare for interviews WebKata Build basic frontend & backend development skills SQLKata Master SQL concepts in relational database management FixTheCode A series of programs curated by industry experts IDE - Online Compiler Run & test your code in any programming language Resources Free Resources Referral Success Stories Blogs Learn Hub Get The App Rewards Become an Affiliate Leaderboard What's New? Resume Builder Community Hub Our Products HackerKID Coding classes platform for K-12 children GUVI For Corporates Meet your Hiring & Training Needs Placement Preparation Ace Up your Aptitude Still Confused? Request a Callback Welcome LIVE Classes Courses Practice Platforms Leaderboard Rewards Referral Profile Finish Welcome LIVE Classes Courses Practice Platforms Leaderboard Rewards Referral Profile Finish ✕ Welcome to HCL GUVI Hey there! Welcome to HCL GUVI—Grab Your Vernacular Imprint—where tech learning is easy, fun, and curated specially for you. Incubated by IIT Madras & IIM Ahmedabad in 2014 and now part of HCL Group, we're making quality tech education accessible",200
https://www.guvi.in/community/hcl-guvi-industrial-campus-visit,"HCL GUVI Industrial Campus Visit | Learn, Explore & Network",Community,2,"learning is easy, fun, and curated specially for you. Incubated by IIT Madras & IIM Ahmedabad in 2014 and now part of HCL Group, we're making quality tech education accessible to all. Join 3M+ learners breaking barriers and upskilling for a brighter future. We're here to guide you every step of the way! 🚀 LIVE Classes Zen Classes are HCL GUVI's most refined and flagship product—live, expert-led tech programs for beginners and pros. With IITM Pravartak affiliations, master Full-Stack, Data Science, DevOps, UI/UX, and more in multiple languages! Explore More Courses Looking for flexibility? HCL GUVI's 200+ self-paced courses let you learn anytime, anywhere! From free lessons to IIT-M & Autodesk-certified programs, gain in-demand skills in your preferred language. Explore More Practice Platforms Enhance your coding skills with HCL GUVI's Practice Platforms—interactive, structured, and designed to help you master programming effortlessly. CodeKata: A structured coding practice platform with 1500+ coding problems designed by industry experts. Ideal for beginners and professionals preparing for tech interviews with real-world coding challenges. Try Now > WebKata: An interactive platform to master HTML, CSS, JavaScript, and Bootstrap with a live coding environment. Perfect for hands-on web development practice without any setup. Try Now > SQLKata:",200
https://www.guvi.in/community/hcl-guvi-industrial-campus-visit,"HCL GUVI Industrial Campus Visit | Learn, Explore & Network",Community,3,"> WebKata: An interactive platform to master HTML, CSS, JavaScript, and Bootstrap with a live coding environment. Perfect for hands-on web development practice without any setup. Try Now > SQLKata: A practice ground for mastering SQL queries used in real-world applications. Write, optimize, and refine your queries to build strong database skills. Try Now > FixTheCode: Hone your bug-fixing skills with real-world debugging challenges in Python, C++, JavaScript, and Golang. More languages coming soon! Try Now > IDE: A free online compiler supporting 20+ programming languages with auto-complete, debugging, and AI-powered code generation—all in the cloud! Try Now > Leaderboard Climb the leaderboard as you earn Geekoins by learning and practicing! The top scorers get featured, making learning competitive and rewarding. Keep going—you could be next! Explore More Rewards Earn Geekoins by watching videos and practicing problems, then redeem them for exciting rewards. The more you engage, the more you win! Explore More Referral Love learning with HCL GUVI? Share it with friends! Invite them using your unique link or code and unlock exciting rewards—Amazon vouchers, iPhones, and more. A Win-Win. Explore More Profile Your HCL GUVI profile is your digital portfolio! Track progress, showcase skills, add projects, and build",200
https://www.guvi.in/community/hcl-guvi-industrial-campus-visit,"HCL GUVI Industrial Campus Visit | Learn, Explore & Network",Community,4,"code and unlock exciting rewards—Amazon vouchers, iPhones, and more. A Win-Win. Explore More Profile Your HCL GUVI profile is your digital portfolio! Track progress, showcase skills, add projects, and build a resume. Keep it updated—opportunities await! Explore More That's It! You Are Ready! You're all set to dive into your learning journey with HCL GUVI. Explore, upskill, and make each step count—exciting possibilities awaits! close Thank you for Reaching us out Our team will reach you out within the next 24 hours. Explore all Programs ✕ Experience the Industry, Build Your Future Step inside the world of innovation and technology with HCL GUVI. Our Industrial Campus Visit provides students, faculty members, and placement officers a unique opportunity to explore real-world industry practices, gain career guidance, and prepare for future job opportunities Book a Campus Visit 12,500+ Students Impacted 50+ Institutions Partnered 95% Positive Feedback Trusted by leading Colleges & universities Why Attend the HCL GUVI Campus Visit? The HCL GUVI Industrial Visit offers an enriching experience designed to bridge the gap between classroom learning and industry requirements. Participants will benefit from hands-on workshops, expert-led mentorship sessions and immersive campus exposure. Hands-on Workshops Learn by doing and work on live problem",200
https://www.guvi.in/community/hcl-guvi-industrial-campus-visit,"HCL GUVI Industrial Campus Visit | Learn, Explore & Network",Community,5,"gap between classroom learning and industry requirements. Participants will benefit from hands-on workshops, expert-led mentorship sessions and immersive campus exposure. Hands-on Workshops Learn by doing and work on live problem statements. Expert Mentorship Interact with HCL industry leaders and get career guidance. Career Readiness Understand corporate expectations and sharpen your employability skills. Campus Exposure Explore HCL's world-class facilities at Noida or Chennai campuses. Networking Opportunities Build connections with professionals and peers. Participation Certificates Earn a certificate that adds value to your resume. Book a Campus Visit Who can Join The HCL GUVI Industrial Visit welcomes The program is designed for students, faculty and placement teams looking to connect academics with real-world industry practices. UG/PG Students Especially those from engineering, technology & computer science streams eager to explore career opportunities in IT. Placement/Training Officers Looking to understand HCL's hiring process and align students' skill development with industry needs. Faculty Members Interested in updating their industry knowledge and taking insights back to the classroom. Currently, industrial visits are available at our HCL campuses in Noida and Chennai. Program Agenda Here's how your students will spend a day at the HCL GUVI Campus Campus Tour Explore HCL's innovative workspaces and experience the corporate",200
https://www.guvi.in/community/hcl-guvi-industrial-campus-visit,"HCL GUVI Industrial Campus Visit | Learn, Explore & Network",Community,6,"campuses in Noida and Chennai. Program Agenda Here's how your students will spend a day at the HCL GUVI Campus Campus Tour Explore HCL's innovative workspaces and experience the corporate culture up close. Tech Introduction Kick off the day with an overview of emerging technologies and their real-world applications. Hands-on Workshop Engage in practical sessions on coding, AI and Data Science with guidance from experts. Expert Talk Hear directly from HCL professionals about industry trends, challenges & career growth. Career Readiness Session Boost your job readiness with interview preparation & industry expectations. Networking & Certificates Connect with industry mentors and peers receive certificates recognizing participation. Campus Tour Explore HCL's innovative workspaces and experience the corporate culture up close. Tech Introduction Kick off the day with an overview of emerging technologies and their real-world applications. Hands-on Workshop Engage in practical sessions on coding, AI and Data Science with guidance from experts. Expert Talk Hear directly from HCL professionals about industry trends, challenges & career growth. Career Readiness Session Boost your job readiness with interview preparation & industry expectations. Networking & Certificates Connect with industry mentors and peers receive certificates recognizing participation. Campus Tour Explore HCL's innovative workspaces and experience the corporate",200
https://www.guvi.in/community/hcl-guvi-industrial-campus-visit,"HCL GUVI Industrial Campus Visit | Learn, Explore & Network",Community,7,"readiness with interview preparation & industry expectations. Networking & Certificates Connect with industry mentors and peers receive certificates recognizing participation. Campus Tour Explore HCL's innovative workspaces and experience the corporate culture up close. Tech Introduction Kick off the day with an overview of emerging technologies and their real-world applications. Hands-on Workshop Engage in practical sessions on coding, AI and Data Science with guidance from experts. Expert Talk Hear directly from HCL professionals about industry trends, challenges & career growth. Career Readiness Session Boost your job readiness with interview preparation & industry expectations. Networking & Certificates Connect with industry mentors and peers receive certificates recognizing participation. 01 Campus Tour Explore HCL's innovative workspaces and experience the corporate culture up close. 02 Tech Introduction Kick off the day with an overview of emerging technologies and their real-world applications. 03 Hands-on Workshop Engage in practical sessions on coding, AI and Data Science with guidance from experts. 04 Expert Talk Hear directly from HCL professionals about industry trends, challenges & career growth. 05 Career Readiness Session Boost your job readiness with interview preparation & industry expectations. 06 Networking & Certificates Connect with industry mentors and peers receive certificates recognizing participation. Book a Campus Visit",200
https://www.guvi.in/community/hcl-guvi-industrial-campus-visit,"HCL GUVI Industrial Campus Visit | Learn, Explore & Network",Community,8,"Readiness Session Boost your job readiness with interview preparation & industry expectations. 06 Networking & Certificates Connect with industry mentors and peers receive certificates recognizing participation. Book a Campus Visit Glimpses from Previous Visits A sneak peek into how students experienced the HCL GUVI Campus - learning, networking and exploring the future of technology. Ready to Level Up Your Career? Don't miss this chance to gain industry exposure, mentorship and networking opportunities. Register Now Frequently Asked Questions Placement and Career Readiness Perks and Access Mentorship and Learning General Questions Will attending the HCL GUVI Industrial Visit help me get placed? Yes. The visit focuses on career readiness, industry expectations, and practical tips to help participants succeed in interviews. Will mentors provide guidance on improving resumes and portfolios? Yes. Mentors share actionable advice to help participants present their skills effectively to recruiters. Can this visit help me choose the right career path? Yes. The sessions provide insights into various roles and career paths in the IT industry. Will I gain insights into HCL's hiring process? Yes. Participants learn about HCL's recruitment workflow and the skills required for freshers. Will I receive a participation certificate? Yes. All participants receive a HCL GUVI",200
https://www.guvi.in/community/hcl-guvi-industrial-campus-visit,"HCL GUVI Industrial Campus Visit | Learn, Explore & Network",Community,9,"into HCL's hiring process? Yes. Participants learn about HCL's recruitment workflow and the skills required for freshers. Will I receive a participation certificate? Yes. All participants receive a HCL GUVI Certificate that enhances their resume and professional profile. Will I gain access to the HCL GUVI Community? Yes. Participants will be added to the exclusive HCL GUVI Community to stay updated on industry sessions, mentorship opportunities, and career resources. Will I receive resources after the visit? Yes. A digital journal summarizing key learnings, highlights, and photos will be shared with participants. Are there benefits for group registrations? Yes. College-level or group registrations often have special arrangements coordinated by placement officers. Will there be mentorship sessions during the visit? Yes. Participants will attend mentorship sessions where industry experts share insights and answer questions. Are the workshops beginner-friendly? Yes. The workshops are designed to be accessible to students at all levels, with step-by-step guidance. Will I work on real-world case studies? Yes. Participants solve practical problems that reflect industry challenges and applications. Can I ask career-related questions during the visit? Yes. Dedicated Q&A sessions allow participants to discuss career concerns with mentors. Who can participate in the HCL GUVI Industrial Visit? UG",200
https://www.guvi.in/community/hcl-guvi-industrial-campus-visit,"HCL GUVI Industrial Campus Visit | Learn, Explore & Network",Community,10,"Can I ask career-related questions during the visit? Yes. Dedicated Q&A sessions allow participants to discuss career concerns with mentors. Who can participate in the HCL GUVI Industrial Visit? UG and PG students, faculty members, and placement officers from all technical streams are welcome. Where does the visit take place? The visit is hosted at HCL campuses in Noida and Chennai. How long is the program? The program lasts approximately four to five hours, including workshops, campus tour, and mentorship sessions. Is the program only for technical students? No. Students from other streams interested in industry exposure are also welcome. ZEN CLASS LIVE CLASS Full Stack Development Data Science Software Development Intel AIML UI/UX DevOps Business Analytics with Digital Marketing All Programs Popular Courses Python - IIT-M Pravartak Certified Java Mobile Hacking C Programming AWS Angular Dark Web All Courses Self-Paced Courses Paid Courses Free Courses Combos Practice Platforms CodeKata WebKata SQLKata FixTheCode IDE Community Campus Ambassador Industrial visit Products HackerKID Placement Preparation HCL GUVI for Corporates Resources Success Stories Learn Hub Free Resources Blog Web Stories Rewards Refer a friend Become an Affiliate Resume Builder New Company Refund Policy FAQs Contact Us About Us ZEN CLASS LIVE CLASS Full",200
https://www.guvi.in/community/hcl-guvi-industrial-campus-visit,"HCL GUVI Industrial Campus Visit | Learn, Explore & Network",Community,11,"Learn Hub Free Resources Blog Web Stories Rewards Refer a friend Become an Affiliate Resume Builder New Company Refund Policy FAQs Contact Us About Us ZEN CLASS LIVE CLASS Full Stack Development Data Science Software Development Intel AIML UI/UX DevOps Business Analytics with Digital Marketing All Programs Popular Courses Python - IIT-M Pravartak Certified Java Mobile Hacking C Programming AWS Angular Dark Web All Courses Self-Paced Courses Paid Courses Free Courses Combos Practice Platforms CodeKata WebKata SQLKata FixTheCode IDE Community Campus Ambassador Industrial visit Products HackerKID Placement Preparation HCL GUVI for Corporates Resources Success Stories Learn Hub Free Resources Blog Web Stories Rewards Refer a friend Become an Affiliate Resume Builder New Company Refund Policy FAQs Contact Us About Us Refer & Earn HCL GUVI (Grab Your Vernacular Imprint) Geek Network Private Limited is a leading online learning and skills development company, incubated by IIT Madras and IIM Ahmedabad. Established in 2014 and acquired by the HCL Group in 2022, HCL GUVI is dedicated to providing effective and high-quality learning and skilling programs that transcend language barriers in technology education. HCL GUVI today is trusted by over 4.8 million users, 20 languages and 2500+ corporate partners. Refer & Earn Follow",200
https://www.guvi.in/community/hcl-guvi-industrial-campus-visit,"HCL GUVI Industrial Campus Visit | Learn, Explore & Network",Community,12,"and skilling programs that transcend language barriers in technology education. HCL GUVI today is trusted by over 4.8 million users, 20 languages and 2500+ corporate partners. Refer & Earn Follow us on Follow us on HCL GUVI (Grab Your Vernacular Imprint) Geek Network Private Limited is a leading online learning and skills development company, incubated by IIT Madras and IIM Ahmedabad. Established in 2014 and acquired by the HCL Group in 2022, HCL GUVI is dedicated to providing effective and high-quality learning and skilling programs that transcend language barriers in technology education. HCL GUVI today is trusted by over 4.8 million users, 20 languages and 2500+ corporate partners. Follow us on Refer & Earn Terms and Conditions Privacy Policy HCL GUVI Geek Network Pvt. Ltd. Terms and Conditions Privacy Policy HCL GUVI Geek Network Pvt. Ltd.",136
https://www.guvi.in/zen-class-review,HCL GUVI - Zen Class Success Stories,Live Program,0,"HCL GUVI - Zen Class Success Stories LIVE Classes VLSI Design Programme New IIT Delhi certified AI & Machine Learning New Intel & IIT-M Pravartak certified Data Science IIT-M Pravartak certified Full Stack Development IIT-M Pravartak certified UI/UX Design HCL GUVI certified AI DevOps Program HCL GUVI certified Still Confused? Request a Callback Explore all Programs Courses Practice CodeKata Sharpen your coding skills, prepare for interviews WebKata Build basic frontend & backend development skills SQLKata Master SQL concepts in relational database management FixTheCode A series of programs curated by industry experts IDE - Online Compiler Run & test your code in any programming language Resources Free Resources Referral Success Stories Blogs Learn Hub Get The App Rewards Become an Affiliate Leaderboard What's New? Resume Builder Community Hub Our Products HackerKID Coding classes platform for K-12 children GUVI For Corporates Meet your Hiring & Training Needs Placement Preparation Ace Up your Aptitude Login Sign up Login Sign up LIVE Classes VLSI Design Programme New IIT Delhi certified AI & Machine Learning New Intel & IIT-M Pravartak certified Data Science IIT-M Pravartak certified Full Stack Development IIT-M Pravartak certified UI/UX Design HCL GUVI certified AI DevOps Program HCL GUVI certified Explore all",200
https://www.guvi.in/zen-class-review,HCL GUVI - Zen Class Success Stories,Live Program,1,"New Intel & IIT-M Pravartak certified Data Science IIT-M Pravartak certified Full Stack Development IIT-M Pravartak certified UI/UX Design HCL GUVI certified AI DevOps Program HCL GUVI certified Explore all Programs Courses Practice CodeKata Sharpen your coding skills, prepare for interviews WebKata Build basic frontend & backend development skills SQLKata Master SQL concepts in relational database management FixTheCode A series of programs curated by industry experts IDE - Online Compiler Run & test your code in any programming language Resources Free Resources Referral Success Stories Blogs Learn Hub Get The App Rewards Become an Affiliate Leaderboard What's New? Resume Builder Community Hub Our Products HackerKID Coding classes platform for K-12 children GUVI For Corporates Meet your Hiring & Training Needs Placement Preparation Ace Up your Aptitude Still Confused? Request a Callback Welcome LIVE Classes Courses Practice Platforms Leaderboard Rewards Referral Profile Finish Welcome LIVE Classes Courses Practice Platforms Leaderboard Rewards Referral Profile Finish ✕ Welcome to HCL GUVI Hey there! Welcome to HCL GUVI—Grab Your Vernacular Imprint—where tech learning is easy, fun, and curated specially for you. Incubated by IIT Madras & IIM Ahmedabad in 2014 and now part of HCL Group, we're making quality tech education accessible to all.",200
https://www.guvi.in/zen-class-review,HCL GUVI - Zen Class Success Stories,Live Program,2,"easy, fun, and curated specially for you. Incubated by IIT Madras & IIM Ahmedabad in 2014 and now part of HCL Group, we're making quality tech education accessible to all. Join 3M+ learners breaking barriers and upskilling for a brighter future. We're here to guide you every step of the way! 🚀 LIVE Classes Zen Classes are HCL GUVI's most refined and flagship product—live, expert-led tech programs for beginners and pros. With IITM Pravartak affiliations, master Full-Stack, Data Science, DevOps, UI/UX, and more in multiple languages! Explore More Courses Looking for flexibility? HCL GUVI's 200+ self-paced courses let you learn anytime, anywhere! From free lessons to IIT-M & Autodesk-certified programs, gain in-demand skills in your preferred language. Explore More Practice Platforms Enhance your coding skills with HCL GUVI's Practice Platforms—interactive, structured, and designed to help you master programming effortlessly. CodeKata: A structured coding practice platform with 1500+ coding problems designed by industry experts. Ideal for beginners and professionals preparing for tech interviews with real-world coding challenges. Try Now > WebKata: An interactive platform to master HTML, CSS, JavaScript, and Bootstrap with a live coding environment. Perfect for hands-on web development practice without any setup. Try Now > SQLKata: A practice",200
https://www.guvi.in/zen-class-review,HCL GUVI - Zen Class Success Stories,Live Program,3,"An interactive platform to master HTML, CSS, JavaScript, and Bootstrap with a live coding environment. Perfect for hands-on web development practice without any setup. Try Now > SQLKata: A practice ground for mastering SQL queries used in real-world applications. Write, optimize, and refine your queries to build strong database skills. Try Now > FixTheCode: Hone your bug-fixing skills with real-world debugging challenges in Python, C++, JavaScript, and Golang. More languages coming soon! Try Now > IDE: A free online compiler supporting 20+ programming languages with auto-complete, debugging, and AI-powered code generation—all in the cloud! Try Now > Leaderboard Climb the leaderboard as you earn Geekoins by learning and practicing! The top scorers get featured, making learning competitive and rewarding. Keep going—you could be next! Explore More Rewards Earn Geekoins by watching videos and practicing problems, then redeem them for exciting rewards. The more you engage, the more you win! Explore More Referral Love learning with HCL GUVI? Share it with friends! Invite them using your unique link or code and unlock exciting rewards—Amazon vouchers, iPhones, and more. A Win-Win. Explore More Profile Your HCL GUVI profile is your digital portfolio! Track progress, showcase skills, add projects, and build a resume.",200
https://www.guvi.in/zen-class-review,HCL GUVI - Zen Class Success Stories,Live Program,4,"unlock exciting rewards—Amazon vouchers, iPhones, and more. A Win-Win. Explore More Profile Your HCL GUVI profile is your digital portfolio! Track progress, showcase skills, add projects, and build a resume. Keep it updated—opportunities await! Explore More That's It! You Are Ready! You're all set to dive into your learning journey with HCL GUVI. Explore, upskill, and make each step count—exciting possibilities awaits! close Thank you for Reaching us out Our team will reach you out within the next 24 hours. Explore all Programs ✕ Real Career Stories Powered By Upskilling From skill-building to career-shifts, explore stories that showcase the true impact of upskilling. 100K+ Learners 4.8/5 4.8/5 Explore their Journey Shylendra Prabu R Data Engineer Batch 2026 - AIML Mehasdhanish T Graduate Engineering Trainee Batch 2026 - SDE Jagana Deepak Software Developer Batch 2026 - AIML Hida Fathima P H Software Developer Batch 2026 - AIML Chandreyi Ghosh Analyst Batch 2026 - AIML Shylendra Prabu R Data Engineer Batch 2026 - AIML Mehasdhanish T Graduate Engineering Trainee Batch 2026 - SDE Jagana Deepak Software Developer Batch 2026 - AIML Hida Fathima P H Software Developer Batch 2026 - AIML Chandreyi Ghosh Analyst Batch 2026 - AIML Inspiring Stories from Our",200
https://www.guvi.in/zen-class-review,HCL GUVI - Zen Class Success Stories,Live Program,5,"SDE Jagana Deepak Software Developer Batch 2026 - AIML Hida Fathima P H Software Developer Batch 2026 - AIML Chandreyi Ghosh Analyst Batch 2026 - AIML Inspiring Stories from Our Alumni From self-doubt to self-made. From learners to leaders. Our alumni didn't just study, they transformed. Each story is a spark of hope. And a roadmap for what's possible. Where Do Our Students Work? Trusted by companies that matter. Our students are now building the future with them. Journey Of Our Learners Discover how our learners reshaped their careers through guided upskilling. Fresher Joined SDE SDE Intern Fresher Joined SDE Software Developer Fresher Joined AIML Software Engineer - Intern Fresher Joined AIML Advanced Application Engineering Analyst Fresher Joined SDE Trainee Software Engineer Fresher Joined AIML Digital Specialist Engineer Fresher Joined SDE Analyst a4 Fresher Joined AIML Software Developer Fresher Joined AIML Mindsprint - Software Developer / CTS - Data Analyst Fresher Joined SDE Data analyst Fresher Joined AIML SAP analyst Fresher Joined AIML Software Developer Fresher Joined AIML Analyst Fresher Joined AIML Data Engineer Fresher Joined SDE Graduate Engineering Trainee Fresher Joined AIML Software Developer Your Growth, Our Next Milestone Join the growing community of learners landing top roles, big",200
https://www.guvi.in/zen-class-review,HCL GUVI - Zen Class Success Stories,Live Program,6,"Joined AIML Data Engineer Fresher Joined SDE Graduate Engineering Trainee Fresher Joined AIML Software Developer Your Growth, Our Next Milestone Join the growing community of learners landing top roles, big hikes, and industry-leading salaries. Happy Learners 4.5 Million+ Hiring Partners 1,500 + Highest Hike 350% Highest Salary ₹15 LPA Explore our Latest Placement Report Download the detailed report to explore success stories, hiring stats, and top recruiters. Download Now Inspiring Stories from Our Alumni Earning 45K as an Intern! Here's the proof Mohammed Esa Khan J Software Developer How I Cracked an ₹11 LPA Job at Accenture Nandhalal S Advanced Application Engineering Analyst 9 LPA as a Fresher in TCS A M Santina Trainee Software Engineer How Sathwika Started AI & ML as a BTech Final Year Student? Sai Vishnu Priya Digital Specialist Engineer 4 Job Offers Before Graduation Praveen Kumar Software Developer From Learning to Earning Nithin R Mindsprint - Software Developer / CTS - Data Analyst How I Became a Data Analyst at EY Amruthavarshini Explains How HCL GUVI Shaped Her Career Amruthavarshini Data analyst From Fresher to SAP Analyst at EY Sanjana Kumari SAP analyst Skills That Matter in Today’s Job Market Hida Fathima P H Trainee",200
https://www.guvi.in/zen-class-review,HCL GUVI - Zen Class Success Stories,Live Program,7,"GUVI Shaped Her Career Amruthavarshini Data analyst From Fresher to SAP Analyst at EY Sanjana Kumari SAP analyst Skills That Matter in Today’s Job Market Hida Fathima P H Trainee Engineer Career Journey, Skills, Learnings & Real Industry Insights Chandreyi Ghosh Analyst From Curiosity to Career 🚀 Shylendra Prabu R DE This Student Went From Basics to Deep Learning with HCL GUVI Jagana Deepak Software development No Tech Background? Here’s Vadivukarasi’s AI & ML Story Vadivukarasi M Course Testimony Just Theory Before👉🏾 Building Real Projects Now! Surya K Course Testimony Truth About Practice-Driven Learning at HCL GUVI Aadhi Course Testimony How I Cracked an ₹11 LPA Job at Accenture Nandhalal S Advanced Application Engineering Analyst 9 LPA as a Fresher in TCS A M Santina Trainee Software Engineer How Sathwika Started AI & ML as a BTech Final Year Student? Sai Vishnu Priya Digital Specialist Engineer 4 Job Offers Before Graduation Praveen Kumar Software Developer From Learning to Earning Nithin R Mindsprint - Software Developer / CTS - Data Analyst How I Became a Data Analyst at EY Amruthavarshini Explains How HCL GUVI Shaped Her Career Amruthavarshini Data analyst From Fresher to SAP Analyst at EY Sanjana Kumari SAP analyst",200
https://www.guvi.in/zen-class-review,HCL GUVI - Zen Class Success Stories,Live Program,8,"How I Became a Data Analyst at EY Amruthavarshini Explains How HCL GUVI Shaped Her Career Amruthavarshini Data analyst From Fresher to SAP Analyst at EY Sanjana Kumari SAP analyst Skills That Matter in Today’s Job Market Hida Fathima P H Trainee Engineer Career Journey, Skills, Learnings & Real Industry Insights Chandreyi Ghosh Analyst From Curiosity to Career 🚀 Shylendra Prabu R DE This Student Went From Basics to Deep Learning with HCL GUVI Jagana Deepak Software development No Tech Background? Here’s Vadivukarasi’s AI & ML Story Vadivukarasi M Course Testimony Just Theory Before👉🏾 Building Real Projects Now! Surya K Course Testimony Truth About Practice-Driven Learning at HCL GUVI Aadhi Course Testimony Inside the Learner Diaries Tap through real learner journeys, from the first step to the dream job! Mr. Arun kumar Full stack Developer, Zuppa I was doing a job I didn’t love” Medical sales. Long hours. No passion. But I had no idea where to go next. Tap here 👈 To see what made it worse. Dinesh Pandian J Data Analyst My job felt like copy-paste.” 2 years into mechanical design… No growth. No voice. No spark. Tap here 👈 To see what made it harder. Gokulakrishnan L",200
https://www.guvi.in/zen-class-review,HCL GUVI - Zen Class Success Stories,Live Program,9,"J Data Analyst My job felt like copy-paste.” 2 years into mechanical design… No growth. No voice. No spark. Tap here 👈 To see what made it harder. Gokulakrishnan L Data Analyst “I wanted to be an engineer.” But my 10th grade marks said otherwise. I ended up in commerce — not by choice. Tap here 👈 To see what made it harder. Sathya Digital Marketer 5 years in the industry. No growth. No excitement. So… I hit pause on everything. Tap here 👈 To see why I had to start over. Jeyaraman Software Engineer My friends got jobs right after college. I… didn’t. 2 years. No real growth. No clear direction. Tap here 👈 To see what changed everything. Vinitha Senior Node.js Developer Dropped out of college after marriage. Became a mom. Everyone said, “Career? Too late.” Tap here 👈 To see what she did next. Venkata Sai Bhaskar Achalla AI/ML Engineer “I had a Master’s in Physics…” But Tech felt distant like a world I didn’t belong to. Tap here 👈 To see what pushed me further. Bharatkumar Gurappa Junior ML Engineer I was an Electrical Engineer… But I craved more than circuits and code. I wanted to",200
https://www.guvi.in/zen-class-review,HCL GUVI - Zen Class Success Stories,Live Program,10,"Tap here 👈 To see what pushed me further. Bharatkumar Gurappa Junior ML Engineer I was an Electrical Engineer… But I craved more than circuits and code. I wanted to work on intelligence — not just hardware. Tap here 👈 To see what pulled me toward AI. Lokesh Business Analyst BCA in hand… But no job. No growth. Only pressure — and a pandemic. Tap here 👈 To see what I had to do next. Shavez UX Designer - OLX 7 years in agency life. Loved the creativity — Until I saw AI do my job in seconds. Tap here 👈 To see what I did next. Kavitha Elangovan Digital Marketer I had a B.Com degree… But I didn’t want a job just for the sake of it. I wanted more than a compromise. Tap here 👈 To see where that mindset took me. Voices of Success Discover how they upskilled and landed their dream careers. Akshara Python Automation Testing Hello everyone, I am glad to announce that I have successfully completed my Automation Testing with Selenium Java through HCL GUVI. I am looking for an opportunity to kickstart my career as such referrals are requested with utmost humbleness and",200
https://www.guvi.in/zen-class-review,HCL GUVI - Zen Class Success Stories,Live Program,11,"successfully completed my Automation Testing with Selenium Java through HCL GUVI. I am looking for an opportunity to kickstart my career as such referrals are requested with utmost humbleness and gratitude. Read More Gayathri Highly valid course, Really amazing mentors support, The entire learning path is so good, I have improved my python knowledge in codekata. I would suggest this course to all. Read More Aruna Balaji I studied the Python Automation Testing (PAT). My mentor and co-ordinator were really supportive. Special thanks to mentor Mr. Eshwar Srinivasan and co-ordinator Ms. Divya for being helpful through the journey Read More Dhanya Python Automation Testing Celebrating my new certification! I’m happy and thrilled to share my Automation Testing with Selenium Python Completion certificate! Read More Suganthi Python Automation Testing I’m happy to share that I’ve obtained a new certification: Automation testing with selenium python from HCL GUVI Geek Networks, IITM Research Park! Read More Shankar P Python Automation Testing I’m happy to share that I’ve completed my Zen_Automation_Testing. at IIT Madras-- HCL GUVI Geek Network Private Limited! Read More Vidhya S Recently I've completed the Full Stack Development (FSD) course at HCL GUVI Geek Networks.From my experience, I would say, it's",200
https://www.guvi.in/zen-class-review,HCL GUVI - Zen Class Success Stories,Live Program,12,"HCL GUVI Geek Network Private Limited! Read More Vidhya S Recently I've completed the Full Stack Development (FSD) course at HCL GUVI Geek Networks.From my experience, I would say, it's a great platform to upskill ourselves through online. Knowledgeable mentors and supportive co-ordinators will help us throughout the journey to reach our goal. Read More Shenaz S MERN FSD Excited to announce that I've successfully completed the MERN Full Stack Certification course with HCL GUVI Geek Networks, IITM Research Park 🎓💻 It's been an incredible journey diving deep into the world of MongoDB, Express.js, React, and Node.js. Special thanks to Mr.Thiru.C,Mr. Rajavasanthan (RV), Ms.Sangeetha Shanmugam whose guidance and support made this achievement possible. Throughout this enriching experience, I've delved deep into a diverse array of technologies, equipping myself with a comprehensive skill set Read More Prakash V S MERN FSD Excited to share that I've successfully completed the Full Stack Development course at HCL GUVI Zen Class! 🚀👨‍💻 Throughout this intensive program, I had the privilege of being mentored by industry experts Thiru.C, Rajavasanthan (RV), and Sangeetha Shanmugam, whose guidance and support have been invaluable on this journey. 📜 I'm thrilled to have acquired comprehensive skills in both front-end and",200
https://www.guvi.in/zen-class-review,HCL GUVI - Zen Class Success Stories,Live Program,13,"industry experts Thiru.C, Rajavasanthan (RV), and Sangeetha Shanmugam, whose guidance and support have been invaluable on this journey. 📜 I'm thrilled to have acquired comprehensive skills in both front-end and back-end development, equipping me with the tools to tackle real-world challenges in the tech industry. 🔗 Attached is my certificate as a testament to the dedication and hard work invested in mastering these skills.🌟 Grateful for the opportunity and excited for the next chapter in my career as a Full Stack Developer! Let's connect and explore how we can collaborate. Read More Shaik Abdul Cader MERN FSD Excited to share my capstone project application topic: Developing a Zendesk Clone using the complete MERN stack! 🚀In today's dynamic business environment, exceptional customer support is non-negotiable. That's why I'm thrilled to embark on this journey to create a Zendesk clone - a cutting-edge customer support platform designed to revolutionize how businesses interact with their clients. I'm incredibly grateful to my mentor for their guidance and support throughout this process. Their expertise has been invaluable in shaping this project and refining our vision for the future of customer support. A big thank you also goes out to HCL GUVI Geek Networks, IITM Research",200
https://www.guvi.in/zen-class-review,HCL GUVI - Zen Class Success Stories,Live Program,14,"been invaluable in shaping this project and refining our vision for the future of customer support. A big thank you also goes out to HCL GUVI Geek Networks, IITM Research Park for providing me with the resources and opportunities to pursue my passion for technology and innovation. Check out the live deployment of our Zendesk clone built using the complete MERN (MongoDB, Express.js, React.js, Node.js) stack Read More Mohamed Nihmathullah MERN FSD HCL GUVI Geek Networks, IITM Research Park issued me the Certificate for the completion of MERN full stack development. 🔧 Proficient in front-end technologies such as HTML5, CSS3, JavaScript ES6+, ReactJS and modern UI frameworks/libraries like Bootstrap and Material-UI. 💻 Skilled in back-end development, including NodeJS, RESTful APIs, authentication, and database management using MongoDB and Mongoose. Read More Assay Poulose I am currently undergoing Full-Stack Development course with HCL GUVI and to be honest this method of education best suits me. I am able to look into more details about the doubts and subjects with mentors as one on one sessions. This actually made me enter into the IT world with no previous experience. Now I can solve more problems and projects based on HTML, CSS, JavaScript, Python,",200
https://www.guvi.in/zen-class-review,HCL GUVI - Zen Class Success Stories,Live Program,15,"on one sessions. This actually made me enter into the IT world with no previous experience. Now I can solve more problems and projects based on HTML, CSS, JavaScript, Python, SQL, MERN stack … I truly support GUHCL GUVIVI. Thank you for all the support and knowledge. Read More Shenaz S I recently completed the MERN Full Stack Developer course at HCL GUVI Institute.The support from the GUHCL GUVIVI team was exceptional. Whenever I had questions or needed assistance, the instructors were readily available to help.Overall, I highly recommend the MERN Full Stack Developer course at GUVHCL GUVII Institute to anyone looking to kickstart their career in web development Read More Sai Yuvraj I am FSD-MERN Student at HCL GUVI, I had a wonderful Mentor and the preparation they made me do for placements also helped me to attend interviews confidently. And HCL GUVI Technical & Coordination Team keeps track on student and update them with required changes and updates to improve. I also want to mention my coordinator Amisha Katira who helped me go through the course, placement and interview processes very smoothly. It was great learning with HCL GUVI. Read More Nithyapriya M It's a best institute for",200
https://www.guvi.in/zen-class-review,HCL GUVI - Zen Class Success Stories,Live Program,16,"Katira who helped me go through the course, placement and interview processes very smoothly. It was great learning with HCL GUVI. Read More Nithyapriya M It's a best institute for learning platform. I have completed the Mern stack developer in HCL GUVI. Mentor was teaching very good and all the time they are clear the doubts.they are guide me for the project and task. coordinator are helping me for the doubts and guide me for the placement preparation. Read More Madan Raj I recently completed the Full Stack Development course at HCL GUVI, and it was a wonderful experience. The course was well-structured, covering all the essential topics thoroughly. The instructor was excellent – very knowledgeable and approachable. He explained the topics clearly, making complex concepts easy to understand. I highly recommend this institute for anyone interested in Full Stack Development. Read More Vijay Spm Completed my Full Stack Development course with GUHCL GUVIVI. The support provided was timely and effective, helping me learn efficiently. Industrial mentors were knowledgeable and provided excellent teaching. Highly recommend HCL GUVI for aspiring developers! Read More Suganesan I recently completed Full Stack Development course at GHCL GUVIUVI and had a fantastic learning experience. The",200
https://www.guvi.in/zen-class-review,HCL GUVI - Zen Class Success Stories,Live Program,17,"provided excellent teaching. Highly recommend HCL GUVI for aspiring developers! Read More Suganesan I recently completed Full Stack Development course at GHCL GUVIUVI and had a fantastic learning experience. The mentors were incredibly helpful and always available to clear any doubts I had. The daily task system was particularly effective, allowing me to learn systematically and stay on track with my studies. Overall, HCL GUVI provides a supportive and structured environment for anyone looking to enhance their skills. Read More Tamilselvan MERN FSD I am thrilled to share that I have successfully completed the MERN Stack Development course at HCL GUVI. This journey has been an incredible learning experience, where I honed my skills in MongoDB, Express, React, and Node.js. The hands-on projects and real-world applications provided me with a solid foundation and practical knowledge. I'm eager to leverage these skills in new opportunities and continue growing in the world of web development. Looking forward to the next chapter! 🚀 Read More Jaya Sudhan MERN FSD I am thrilled to announce that I have successfully completed a comprehensive Full Stack Developer course, mastering key technologies including HTML5, CSS3, JavaScript, ReactJS, MongoDB, NodeJS, and Bootstrap. This journey has been incredibly rewarding,",200
https://www.guvi.in/zen-class-review,HCL GUVI - Zen Class Success Stories,Live Program,18,"announce that I have successfully completed a comprehensive Full Stack Developer course, mastering key technologies including HTML5, CSS3, JavaScript, ReactJS, MongoDB, NodeJS, and Bootstrap. This journey has been incredibly rewarding, equipping me with the skills to build dynamic, responsive, and robust web applications. A huge thank you to my instructors and peers who supported me throughout this learning journey. I am excited to apply my newfound knowledge in real-world projects and continue growing in the field of web development. Read More Jeeva M This institution is an excellent starting point for learning programming in your native language. The mentors are highly knowledgeable in their respective domains and excel at teaching and addressing any doubts. Their experience provides valuable insights and motivation towards achieving your goals. The coordinators are also very supportive, always available for discussions and to facilitate connections with mentors. Their encouragement and appreciation contribute greatly to the learning experience. Read More Arun Karthik MERN FSD I’m excited to announce that I’ve completed the MERN Full Stack Development course with HCL GUVI! This journey has been an incredible learning experience where I've gained in-depth knowledge in: HTML, CSS3, Bootstrap for responsive and attractive front-end designs. JavaScript to bring interactivity",200
https://www.guvi.in/zen-class-review,HCL GUVI - Zen Class Success Stories,Live Program,19,"with HCL GUVI! This journey has been an incredible learning experience where I've gained in-depth knowledge in: HTML, CSS3, Bootstrap for responsive and attractive front-end designs. JavaScript to bring interactivity and dynamic content to life. React.js to build modern, efficient, and dynamic user interfaces. Node.js and Express.js for back-end development, creating robust and scalable server-side applications. MySQL and MongoDB are used to manage data effectively in both relational and non-relational databases. I’m eager to apply these skills in real-world projects and tackle new challenges in Full Stack Development. Thanks to the HCL GUVI team for their excellent guidance and support throughout this course. Read More Harsha Vardha GUVI Geeks was crucial in helping me complete my Full Stack Development course. The well-structured curriculum covers everything from front-end to back-end. The instructors are knowledgeable and always ready to help. The hands-on projects and coding challenges boosted my skills and confidence. Highly recommend HCL GUVI Geeks for aspiring developers! Read More Sethu ram K Hi i am sethu i am sharing my experience with HCL GUVI. I joined here for full stack development course and I am new to IT already i am working in non IT side but HCL GUVI team",200
https://www.guvi.in/zen-class-review,HCL GUVI - Zen Class Success Stories,Live Program,20,"experience with HCL GUVI. I joined here for full stack development course and I am new to IT already i am working in non IT side but HCL GUVI team give so many support, my mentor is Nagarajan is very good explaining about topics with examples which is required. The main challenge for this course is time because i am a working professional have less time to complete and to understand but dont worry they ll provide support you have to spend more time in a day and the coordinator Deena is very good, Everytime she called and update day by day and instruct what we can do next. Thank you so much Deena mam for your support. Read More Tejashree C The courses are designed in a logical manner, relating deep theory with practical work. The faculties not only possess relevant knowledge, but also teach complex concepts in a way that makes it easier to learn. HCL GUVI provides students with mentorship as well as exposure to other related resources during the course. In general, it is a great option for everyone who wishes to up skill. Read More Jeeva M MERN FSD Hi Everyone, I’m excited to share",200
https://www.guvi.in/zen-class-review,HCL GUVI - Zen Class Success Stories,Live Program,21,"resources during the course. In general, it is a great option for everyone who wishes to up skill. Read More Jeeva M MERN FSD Hi Everyone, I’m excited to share that I’ve successfully completed the Full Stack Developer program in the MERN stack from HCL GUVI! 🎉 This achievement has given me the confidence and skills to build robust and scalable web applications. I'm eager to take on new challenges and apply my knowledge to real-world projects. Read More Mayoori Loganathan My Experience with HCL GUVI's MERN Stack Development Course Hi everyone, I am Mayoori Loganathan from France. I enrolled in the MERN Full Stack Development course this year. Why did I choose HCL GUVI? While searching for a full stack development course, I came across a VJ Siddhu vlog featuring an interview with Mr. Arun Prakash CEO of HCL GUVI as their detail explanation of the course really motivated and leaded me to choose HCL GUVI. Initially, I was a bit nervous because it was my first time enrolling a course in India. However, after starting, all my worries disappeared. I fully trust HCL GUVI and their excellent service. I would like to share my experience with the class",200
https://www.guvi.in/zen-class-review,HCL GUVI - Zen Class Success Stories,Live Program,22,"a course in India. However, after starting, all my worries disappeared. I fully trust HCL GUVI and their excellent service. I would like to share my experience with the class mentors and coordinators. My mentor, Mr. Nagarajan Chandramohan who made each class highly engaging and provided clear explanations. No matter how many times students asked questions, he was always patient and explained everything thoroughly. I am truly grateful to him. Read More Ruthrapathi M MERN FSD 🌟 Exciting Milestone Achieved! 🌟 I am thrilled to announce that I have successfully completed the Zen Class Full Stack Developer Program from HCL GUVI Geek Networks. This intensive program, spanning from January 2024 to May 2024, has strengthened my skills in both front-end and back-end technologies, particularly in the MERN stack (MongoDB, Express.js, React, Node.js). Through this course, I have worked on real-world projects, including building a comprehensive HR Management Dashboard and deepening my expertise in web development, databases (MySQL, MongoDB), and full-stack deployment.I am excited to apply these skills to future opportunities and projects. Thank you to the incredible mentors and peers at HCL GUVI who supported this journey!Looking forward to connecting with more like-minded professionals and exploring new challenges in the",200
https://www.guvi.in/zen-class-review,HCL GUVI - Zen Class Success Stories,Live Program,23,"and projects. Thank you to the incredible mentors and peers at HCL GUVI who supported this journey!Looking forward to connecting with more like-minded professionals and exploring new challenges in the tech world! 🚀 #FullStackDeveloper #MERNStack #WebDevelopment #HCL GUVI #Certification #TechJourney #LearningNeverStops #FullStackDevelopment #CareerGrowth Read More Pradeep Kumar HCL GUVI has done a good job teaching MERN full stack development to me. They get the best of the students by keeping assessments and tasks which has to be completed within a particular period of time. Students have many ways to reach HCL GUVI instructors or coordinators, whether it's about technical doubts they face or about class timings and schedules. They reply swiftly. Read More Pranava Muthu Hi, I am Pranavamuthu, a MCA graduate from the class of 2024. I started my coding journey in 2022 and learned many web development concepts from free online resources. However, I found it challenging to fully grasp industry-level web development projects. To address this, I searched for online courses and chose the MERN stack development course offered by HCL GUVI. My mentor, Rupen Chakravarty, is very knowledgeable and intelligent. He created 30 tasks and 3 full-stack projects, which he demonstrated in live sessions. As a",200
https://www.guvi.in/zen-class-review,HCL GUVI - Zen Class Success Stories,Live Program,24,"course offered by HCL GUVI. My mentor, Rupen Chakravarty, is very knowledgeable and intelligent. He created 30 tasks and 3 full-stack projects, which he demonstrated in live sessions. As a result, I gained a solid understanding of real-time projects. With this enhanced knowledge, I secured a freelancing e-commerce project worth ₹1.5 lakh, with an advance of ₹10,000 given by the client. Read More Karthiga S I have joined UI/UX course in HCL GUVI since last month. I'm really enjoying the course learning from HCL GUVI. Session Quality & Mentor Support - Good. Mentor explained the concepts in easy way and gives real time examples. He gives internal activity to understand the concepts quickly. Content and Structure - Short and simple. It was easy to understand the concept. Overall Experience - Good Read More Palani Raja It is a great learning experience Mentors were a big support in guiding us from scratch till the end of the course. Zen portal has a clear roadmap and helpful documentation of all our tasks and activities. Tasks, projects, and other activities are evaluated and given feedback. they also clear doubts and explain again in a one-on-one meeting, if we need. Overall the learning journey",200
https://www.guvi.in/zen-class-review,HCL GUVI - Zen Class Success Stories,Live Program,25,"and activities. Tasks, projects, and other activities are evaluated and given feedback. they also clear doubts and explain again in a one-on-one meeting, if we need. Overall the learning journey with HCL GUVI was good. Thank you. Read More Jeevanantham Jeevanantham D UX 21 WD Tamil It was great learning experience with HCL GUVI during my UI UX Design (ZEN Class) program.The mentors and coordinators explained all the concepts from scratch to advanced and any query it take responsible give that solution. there were additional sessions for students with help improve knowledge and skills. For practicing the Designing skills, there is Figma And Photoshop And illustrator will improvement our Designing skills, They conducted by many Assignment, Task, and main Project will improve our professional profile and career. Overall the learning journey with HCL GUVI was good. Thank you mentors and coordinators. Read More Tamil Elavarsan I have recently completed the Devops course in HCL GUVI and its a great experience to learn and gain the knowledge from HCL GUVI. Mentor Naveen have really explained well about the topics and Query team also supports very well. Now i am preparing myself for the interview. Read More Vasanth Kumar Hello everyone, I",200
https://www.guvi.in/zen-class-review,HCL GUVI - Zen Class Success Stories,Live Program,26,"Naveen have really explained well about the topics and Query team also supports very well. Now i am preparing myself for the interview. Read More Vasanth Kumar Hello everyone, I am completed DevOps course with HCL GUVI Network! HCL GUVI Network offers comprehensive DevOps training with hands-on learning experiences. The instructors provide clear explanations and support throughout the course. The curriculum covers essential DevOps tools and practices effectively. The platform fosters a collaborative learning environment conducive to skill development. Overall, HCL GUVI Network is a valuable resource for mastering DevOps concepts and advancing your career in the field. Read More Vignesh T Very good institution for learning new age technologies to equip ourselves in the competitive environment. I had completed my data science course with HCL GUVI. It was very useful. Read More Madhesh Vivekanandan Data Science Very good institution for learning new age technologies to equip ourselves in the competitive environment. I had completed my data science course with HCL GUVI. It was very useful. Read More Gokul K Data Science 🌟 Excited to Share a Milestone! 🌟 I am thrilled to announce that I have successfully completed the Master of Data Science program at HCL GUVI Geek Networks,",200
https://www.guvi.in/zen-class-review,HCL GUVI - Zen Class Success Stories,Live Program,27,"Data Science 🌟 Excited to Share a Milestone! 🌟 I am thrilled to announce that I have successfully completed the Master of Data Science program at HCL GUVI Geek Networks, IITM Research Park 🎓📊 This journey has been incredibly rewarding, filled with intensive learning, hands-on projects, and valuable interactions with industry experts and fellow students. A huge thank you to my mentor Nethaji N. for their guidance and support. This program has equipped me with the skills in data analysis, machine learning, statistical modeling, and more, empowering me to make impactful contributions in the field of data science. Read More Agalya Chandrasekaran Data Science Hello Linkedin Fam, I'm delighted to share that I've successfully completed the IITM Master Data Science Program at HCL GUVI (Jan 2024-June 2024) This achievement wouldn't have been possible without the exceptional support and guidance from HCL GUVI team. A massive shout out to the dedicated mentor, Aswin K who generously shared his technical expertise throughout the program. A special mention to the project assignment team for crafting challenging yet rewarding projects. Your feedback has been invaluable in refining my skills and boosting my confidence. Read More Saravanakumar S Data Science I am thrilled to have",200
https://www.guvi.in/zen-class-review,HCL GUVI - Zen Class Success Stories,Live Program,28,"for crafting challenging yet rewarding projects. Your feedback has been invaluable in refining my skills and boosting my confidence. Read More Saravanakumar S Data Science I am thrilled to have completed the Data Science program at HCL GUVI! The experience was truly exceptional, and I am grateful for the opportunity to have learned from such a talented team of instructors. The program's structured curriculum, hands-on projects, and interactive sessions helped me gain a deep understanding of data science concepts and tools. HCL GUVI's supportive community and mentorship provided a conducive environment for learning and growth. The program exceeded my expectations, and I feel confident in my ability to apply data science skills in real-world scenarios. Thank you, HCL GUVI, for the fantastic learning experience! I highly recommend your programs to anyone looking to upskill in data science. Read More Saravanakumar S I am thrilled to have completed the Data Science program at HCL GUVI! The experience was truly exceptional, and I am grateful for the opportunity to have learned from such a talented team of instructors. The program's structured curriculum, hands-on projects, and interactive sessions helped me gain a deep understanding of data science concepts and tools. HCL GUVI's supportive",200
https://www.guvi.in/zen-class-review,HCL GUVI - Zen Class Success Stories,Live Program,29,"such a talented team of instructors. The program's structured curriculum, hands-on projects, and interactive sessions helped me gain a deep understanding of data science concepts and tools. HCL GUVI's supportive community and mentorship provided a conducive environment for learning and growth. The program exceeded my expectations, and I feel confident in my ability to apply data science skills in real-world scenarios. Thank you, HCL GUVI, for the fantastic learning experience! I highly recommend your programs to anyone looking to upskill in data science. Read More Lavanya S Data Science Excited to share that I've successfully completed my Master's in Data Science from IIT Madras HCL GUVI! This journey has been incredibly enriching, equipping me with advanced skills in Python, SQL, Machine Learning, Deep Learning, and Data Visualization. I'm eager to apply this knowledge to solve real-world challenges and make a meaningful impact in the field of Data Science. Looking forward to the opportunities ahead! Read More Lokeshwaran M Data Science I am delighted to announce that I have completed the IIT-M Advanced Programming Professional & Master Data Science program at HCL GUVI Geek Networks, IITM Research Park Chennai. This program has equipped me with the skills and knowledge to build",200
https://www.guvi.in/zen-class-review,HCL GUVI - Zen Class Success Stories,Live Program,30,"IIT-M Advanced Programming Professional & Master Data Science program at HCL GUVI Geek Networks, IITM Research Park Chennai. This program has equipped me with the skills and knowledge to build a progressive career in data science. I look forward to applying my newfound knowledge to real-world projects and contributing to the ever-evolving landscape of data science. Read More Santhosh R Data Science 🌟 Sharing a transformative milestone in my professional journey!🌟 Over the past six months, I completed an intensive Master Data Science program with IITMDSA-GUVI-ZENDATASCIENCE Network, diving deep into the fascinating world of data. Here’s a glimpse of the skills and knowledge I’ve acquired: Programming: Python Coding Data Wrangling & Cleaning: Pandas & NumPy Databases: Oracle MySQL, Postgres Professional, MongoDB Statistics & EDA (Exploratory Data Analysis) Data Visualization: Matplotlib & @Seaborn Machine Learning Algorithms Deep Learning & Neural Networks BI Tools:PowerBI.bg & Tableau Through hands-on projects and real-world datasets, I’ve gained invaluable experience in applying these techniques to derive meaningful insights and make data-driven decisions. I am incredibly grateful to HCL GUVI Geek Networks, IITM Research Park for their comprehensive curriculum, top-notch mentors, and supportive community, which made this learning journey impactful. Read More Agalya Chandrasekaran Data Science Hello,",200
https://www.guvi.in/zen-class-review,HCL GUVI - Zen Class Success Stories,Live Program,31,"to HCL GUVI Geek Networks, IITM Research Park for their comprehensive curriculum, top-notch mentors, and supportive community, which made this learning journey impactful. Read More Agalya Chandrasekaran Data Science Hello, I'm delighted to share that I've successfully completed the IITM Master Data Science Program at HCL GUVI (Jan 2024-June 2024). This achievement wouldn't have been possible without the exceptional support and guidance from HCL GUVI team. A massive shout out to the dedicated mentor, Aswin K who generously shared his technical expertise throughout the program. A special mention to the project assignment team for crafting challenging yet rewarding projects. Your feedback has been invaluable in refining my skills and boosting my confidence. A heartfelt thanks to the ""dsmentors"" team at HCL GUVI for their prompt assistance whenever I faced challenge Grateful for the wealth of knowledge gained and excited for the opportunities ahead! Read More Shanthini Murugesan Data Science I'm thrilled to announce that I’ve earned my Master Data Science Certificate from HCL GUVI Geeks Network, IIT-Madras Research Park! This journey has been immensely fulfilling, and I’m looking forward to where it will lead me! 😊 Special thanks to Nethaji N. and HCL GUVI Geek Networks, IITM Research Park. Read",200
https://www.guvi.in/zen-class-review,HCL GUVI - Zen Class Success Stories,Live Program,32,"journey has been immensely fulfilling, and I’m looking forward to where it will lead me! 😊 Special thanks to Nethaji N. and HCL GUVI Geek Networks, IITM Research Park. Read More Padma Jothi T Data Science 🎉 Excited to share that I have earned my Master in Data Science certificate from In HCL GUVI Geeks Network Pvt Ltd! 🎓 Over the past four months, I've delved deep into the world of data science, honing my skills in Python, SQL, machine learning, and more. This journey included working on multiple projects, from predictive modeling to data visualization, which have equipped me with practical, hands-on experience. Looking forward to applying my knowledge and skills in real-world scenarios and contributing to the field of data science. Read More Saravanan G Data Science I am excited to share that I have successfully completed the Data Science certificate course from HCL GUVI. This course has equipped me with essential skills in data analysis, machine learning, and data visualization. I am looking forward to applying these skills in real-world projects and exploring new opportunities in the field of data science. Read More Kamatchi T Data Science I have completed the Master Data Science program successfully in",200
https://www.guvi.in/zen-class-review,HCL GUVI - Zen Class Success Stories,Live Program,33,"skills in real-world projects and exploring new opportunities in the field of data science. Read More Kamatchi T Data Science I have completed the Master Data Science program successfully in HCL GUVI. The course is worth the amount spent and the knowledge gained is very useful for my career. Read More Nirmala R Data Science I am happy 😄 to share that I have received a new certification 🎉: IITM-Advanced Professional Programming and Master Data Science Program from HCL GUVI Geeks Network, IITM research Park #HCL GUVI Read More MandalManikantan P Data Science Outstanding Master Data Science Program by HCL GUVI. I recently completed the Master Data Science Program at HCL GUVI Geek Network, and I am thrilled with the experience and the skills I gained. The program, which ran from Oct 2023 to Mar 2024, was incredibly well-structured and comprehensive. Comprehensive Curriculum: The course covered essential topics such as data cleaning, data preprocessing, exploratory data analysis (EDA), and machine learning (both supervised and unsupervised learning). Hands-On Learning: The program provided numerous practical exercises and real-world projects that helped solidify my understanding and application of data science concepts. Expert Instructors: The instructors were knowledgeable and always available to help. Their",200
https://www.guvi.in/zen-class-review,HCL GUVI - Zen Class Success Stories,Live Program,34,"provided numerous practical exercises and real-world projects that helped solidify my understanding and application of data science concepts. Expert Instructors: The instructors were knowledgeable and always available to help. Their expertise in Python and SQL was particularly beneficial. Read More Arivalagan L Data Science Hey Mates, I'm Excited to share that I’ve achieved my Master Data Science Certificate from HCL GUVI Geeks Network, IIT-Madras Research Park! This journey has been incredibly rewarding, and I’m eager to see where it takes me! 😊 Read More Pugazhenthi L Data Science 🎉 Milestone Achieved! 🎉 I'm excited to share that I've just completed my Master's in Data Science from HCL GUVI Geek Networks, IITM Research Park! 🎓 This journey has been a mix of challenges and learning, and I couldn't have done it without the amazing support I received. A huge shoutout to the entire team at HCL GUVI Geek Networks, IITM Research Park, especially Nethaji N. and Eneeyan Nanmaran. Your mentorship and guidance have been incredibly valuable, and I’m truly grateful for the time and effort you put into helping me grow. Read More Swetha C Data Science I have joined the course of Data Science in HCL GUVI. It was really",200
https://www.guvi.in/zen-class-review,HCL GUVI - Zen Class Success Stories,Live Program,35,"the time and effort you put into helping me grow. Read More Swetha C Data Science I have joined the course of Data Science in HCL GUVI. It was really helpful and understandable each and every concepts and HCL GUVI supports the learners a lot through the assessments and programming website like CodeKata and assigning some projects through course to understand the workflow for the course. Thank a lot for the support for the course Read More Dhanalakshmi S Data Science Greetings Everyone, Super Happy! to share my key accomplishment in My Data Science Endeavors, I have Successfully completed the MASTER DATA SCIENCE PROGRAM from HCL GUVI Geek Networks, IITM Research Park. This comprehensive program has equipped me with the skills and knowledge to tackle complex data challenges using industry-standard tools and techniques. I'm eager to apply my skills in real-world projects and continue growing in this dynamic field, Looking forward to connecting with fellow data enthusiasts and exploring new opportunities in the industry. Feel free to share any exciting opportunities or roles you think might suit my profile! Read More Sherine Judith D. BADM Excited to announce the completion of my BUSINESS ANALYTICS AND DIGITAL MARKETING course! • Ready",200
https://www.guvi.in/zen-class-review,HCL GUVI - Zen Class Success Stories,Live Program,36,"opportunities or roles you think might suit my profile! Read More Sherine Judith D. BADM Excited to announce the completion of my BUSINESS ANALYTICS AND DIGITAL MARKETING course! • Ready to leverage these new skills to drive impactful insights and solutions. #BADM #LifelongLearning #HCL GUVI #IITM Read More Real Success Stories, Real Impact Explore Programs to Start Your Journey Today! Explore Courses Real Success Stories, Real Impact Explore Programs to Start Your Journey Today! Explore Courses Real Success Stories, Real Impact Explore Programs to Start Your Journey Today! Explore Courses ZEN CLASS LIVE CLASS Full Stack Development Data Science Software Development Intel AIML UI/UX DevOps Business Analytics with Digital Marketing All Programs Popular Courses Python - IIT-M Pravartak Certified Java Mobile Hacking C Programming AWS Angular Dark Web All Courses Self-Paced Courses Paid Courses Free Courses Combos Practice Platforms CodeKata WebKata SQLKata FixTheCode IDE Community Campus Ambassador Industrial visit Products HackerKID Placement Preparation HCL GUVI for Corporates Resources Success Stories Learn Hub Free Resources Blog Web Stories Rewards Refer a friend Become an Affiliate Resume Builder New Company Refund Policy FAQs Contact Us About Us ZEN CLASS LIVE CLASS Full Stack Development Data Science Software Development Intel AIML UI/UX DevOps",200
https://www.guvi.in/zen-class-review,HCL GUVI - Zen Class Success Stories,Live Program,37,"friend Become an Affiliate Resume Builder New Company Refund Policy FAQs Contact Us About Us ZEN CLASS LIVE CLASS Full Stack Development Data Science Software Development Intel AIML UI/UX DevOps Business Analytics with Digital Marketing All Programs Popular Courses Python - IIT-M Pravartak Certified Java Mobile Hacking C Programming AWS Angular Dark Web All Courses Self-Paced Courses Paid Courses Free Courses Combos Practice Platforms CodeKata WebKata SQLKata FixTheCode IDE Community Campus Ambassador Industrial visit Products HackerKID Placement Preparation HCL GUVI for Corporates Resources Success Stories Learn Hub Free Resources Blog Web Stories Rewards Refer a friend Become an Affiliate Resume Builder New Company Refund Policy FAQs Contact Us About Us Refer & Earn HCL GUVI (Grab Your Vernacular Imprint) Geek Network Private Limited is a leading online learning and skills development company, incubated by IIT Madras and IIM Ahmedabad. Established in 2014 and acquired by the HCL Group in 2022, HCL GUVI is dedicated to providing effective and high-quality learning and skilling programs that transcend language barriers in technology education. HCL GUVI today is trusted by over 4.8 million users, 20 languages and 2500+ corporate partners. Refer & Earn Follow us on Follow us on HCL GUVI (Grab Your Vernacular",200
https://www.guvi.in/zen-class-review,HCL GUVI - Zen Class Success Stories,Live Program,38,"HCL GUVI today is trusted by over 4.8 million users, 20 languages and 2500+ corporate partners. Refer & Earn Follow us on Follow us on HCL GUVI (Grab Your Vernacular Imprint) Geek Network Private Limited is a leading online learning and skills development company, incubated by IIT Madras and IIM Ahmedabad. Established in 2014 and acquired by the HCL Group in 2022, HCL GUVI is dedicated to providing effective and high-quality learning and skilling programs that transcend language barriers in technology education. HCL GUVI today is trusted by over 4.8 million users, 20 languages and 2500+ corporate partners. Follow us on Refer & Earn Terms and Conditions Privacy Policy HCL GUVI Geek Network Pvt. Ltd. Terms and Conditions Privacy Policy HCL GUVI Geek Network Pvt. Ltd. Download the detailed Placement Report to explore success stories Download Now",137
https://www.guvi.in/courses/personal-development/resume-building,Best Resume Building Online Course with Certification | GUVI,Course,0,"Best Resume Building Online Course with Certification GUVI LIVE Classes VLSI Design Programme New IIT Delhi certified AI & Machine Learning New Intel & IIT-M Pravartak certified Data Science IIT-M Pravartak certified Full Stack Development IIT-M Pravartak certified UI/UX Design HCL GUVI certified AI DevOps Program HCL GUVI certified Still Confused? Request a Callback Explore all Programs Courses Practice CodeKata Sharpen your coding skills, prepare for interviews WebKata Build basic frontend & backend development skills SQLKata Master SQL concepts in relational database management FixTheCode A series of programs curated by industry experts IDE - Online Compiler Run & test your code in any programming language Resources Free Resources Referral Success Stories Blogs Learn Hub Get The App Rewards Become an Affiliate Leaderboard What's New? Resume Builder Community Hub Our Products HackerKID Coding classes platform for K-12 children GUVI For Corporates Meet your Hiring & Training Needs Placement Preparation Ace Up your Aptitude Login Sign up Login Sign up LIVE Classes VLSI Design Programme New IIT Delhi certified AI & Machine Learning New Intel & IIT-M Pravartak certified Data Science IIT-M Pravartak certified Full Stack Development IIT-M Pravartak certified UI/UX Design HCL GUVI certified AI DevOps Program HCL GUVI certified Explore",200
https://www.guvi.in/courses/personal-development/resume-building,Best Resume Building Online Course with Certification | GUVI,Course,1,"Learning New Intel & IIT-M Pravartak certified Data Science IIT-M Pravartak certified Full Stack Development IIT-M Pravartak certified UI/UX Design HCL GUVI certified AI DevOps Program HCL GUVI certified Explore all Programs Courses Practice CodeKata Sharpen your coding skills, prepare for interviews WebKata Build basic frontend & backend development skills SQLKata Master SQL concepts in relational database management FixTheCode A series of programs curated by industry experts IDE - Online Compiler Run & test your code in any programming language Resources Free Resources Referral Success Stories Blogs Learn Hub Get The App Rewards Become an Affiliate Leaderboard What's New? Resume Builder Community Hub Our Products HackerKID Coding classes platform for K-12 children GUVI For Corporates Meet your Hiring & Training Needs Placement Preparation Ace Up your Aptitude Still Confused? Request a Callback Welcome LIVE Classes Courses Practice Platforms Leaderboard Rewards Referral Profile Finish Welcome LIVE Classes Courses Practice Platforms Leaderboard Rewards Referral Profile Finish ✕ Welcome to HCL GUVI Hey there! Welcome to HCL GUVI—Grab Your Vernacular Imprint—where tech learning is easy, fun, and curated specially for you. Incubated by IIT Madras & IIM Ahmedabad in 2014 and now part of HCL Group, we're making quality tech education accessible to",200
https://www.guvi.in/courses/personal-development/resume-building,Best Resume Building Online Course with Certification | GUVI,Course,2,"is easy, fun, and curated specially for you. Incubated by IIT Madras & IIM Ahmedabad in 2014 and now part of HCL Group, we're making quality tech education accessible to all. Join 3M+ learners breaking barriers and upskilling for a brighter future. We're here to guide you every step of the way! 🚀 LIVE Classes Zen Classes are HCL GUVI's most refined and flagship product—live, expert-led tech programs for beginners and pros. With IITM Pravartak affiliations, master Full-Stack, Data Science, DevOps, UI/UX, and more in multiple languages! Explore More Courses Looking for flexibility? HCL GUVI's 200+ self-paced courses let you learn anytime, anywhere! From free lessons to IIT-M & Autodesk-certified programs, gain in-demand skills in your preferred language. Explore More Practice Platforms Enhance your coding skills with HCL GUVI's Practice Platforms—interactive, structured, and designed to help you master programming effortlessly. CodeKata: A structured coding practice platform with 1500+ coding problems designed by industry experts. Ideal for beginners and professionals preparing for tech interviews with real-world coding challenges. Try Now > WebKata: An interactive platform to master HTML, CSS, JavaScript, and Bootstrap with a live coding environment. Perfect for hands-on web development practice without any setup. Try Now > SQLKata: A",200
https://www.guvi.in/courses/personal-development/resume-building,Best Resume Building Online Course with Certification | GUVI,Course,3,"WebKata: An interactive platform to master HTML, CSS, JavaScript, and Bootstrap with a live coding environment. Perfect for hands-on web development practice without any setup. Try Now > SQLKata: A practice ground for mastering SQL queries used in real-world applications. Write, optimize, and refine your queries to build strong database skills. Try Now > FixTheCode: Hone your bug-fixing skills with real-world debugging challenges in Python, C++, JavaScript, and Golang. More languages coming soon! Try Now > IDE: A free online compiler supporting 20+ programming languages with auto-complete, debugging, and AI-powered code generation—all in the cloud! Try Now > Leaderboard Climb the leaderboard as you earn Geekoins by learning and practicing! The top scorers get featured, making learning competitive and rewarding. Keep going—you could be next! Explore More Rewards Earn Geekoins by watching videos and practicing problems, then redeem them for exciting rewards. The more you engage, the more you win! Explore More Referral Love learning with HCL GUVI? Share it with friends! Invite them using your unique link or code and unlock exciting rewards—Amazon vouchers, iPhones, and more. A Win-Win. Explore More Profile Your HCL GUVI profile is your digital portfolio! Track progress, showcase skills, add projects, and build a",200
https://www.guvi.in/courses/personal-development/resume-building,Best Resume Building Online Course with Certification | GUVI,Course,4,"and unlock exciting rewards—Amazon vouchers, iPhones, and more. A Win-Win. Explore More Profile Your HCL GUVI profile is your digital portfolio! Track progress, showcase skills, add projects, and build a resume. Keep it updated—opportunities await! Explore More That's It! You Are Ready! You're all set to dive into your learning journey with HCL GUVI. Explore, upskill, and make each step count—exciting possibilities awaits! close Thank you for Reaching us out Our team will reach you out within the next 24 hours. Explore all Programs ✕ Accelerate your Career Resume Building Boost your professional growth with this online Resume Building certificate course. This self-paced, high-quality program equips you with essential skills to craft compelling resumes that stand out among the competition. Get ready to hack your dream job with increased resume selections & interviews. Enroll Now Join 2.0k geeks 4.0 2000+ enrolled 2 Hours of Recorded Content 4 Modules with Certifications English Language Only ₹1499 ₹ 2000 25.05 % OFF Enroll Now Professionals from Top Industries Learn from Us Course Overview Syllabus Course Requirements Certificate FAQ Course Overview Transform your selection rate with our Resume Building Course, designed to empower you with the skills to craft compelling resumes that capture employers'",200
https://www.guvi.in/courses/personal-development/resume-building,Best Resume Building Online Course with Certification | GUVI,Course,5,"Syllabus Course Requirements Certificate FAQ Course Overview Transform your selection rate with our Resume Building Course, designed to empower you with the skills to craft compelling resumes that capture employers' attention. This self-paced, high-quality program guides you from the fundamentals to advanced strategies in resume writing. You'll learn what a resume is, how it differs from a CV, and why a strong resume is crucial today. You’ll explore different types of resumes and dissect the anatomy of an effective one. We'll provide professional templates, teach you to use keywords effectively, and tailor your resume to job descriptions. You'll understand Applicant Tracking Systems (ATS) and how to optimize your resume to pass them. We'll cover the do's, don'ts, tips and samples of resume formatting, and the importance of a well-crafted cover letter. By the end, you'll be able to create standout resumes and cover letters that open doors to your desired career with a globally recognized certification from an IIT-M and IIM-A incubated company. Explore Our Industry-Aligned Curriculum Course Syllabus Expand all Beginner Module 19m total length Intermediate Module 22m total length Advanced Module 26m total length Expert Module 21m total length Course Requirements Basic understanding of English and motivation to",200
https://www.guvi.in/courses/personal-development/resume-building,Best Resume Building Online Course with Certification | GUVI,Course,6,"all Beginner Module 19m total length Intermediate Module 22m total length Advanced Module 26m total length Expert Module 21m total length Course Requirements Basic understanding of English and motivation to improve your resume. Access to a computer with internet Accelerate your Career Resume Building Enroll Now Real Career Stories Powered By Upskilling "" Previously in IT services, I wanted to upgrade to a new field but didn’t know how. The trust I got from HCL GUVI was enormous; I quit my job and took HCL Guvi Courses. I’ve now been placed as a Data Scientist at AI Enterprise Software India Ltd. I’m feeling blessed and didn’t expect this level of help! "" S Sonia Kola Data scientist "" I wanted to make a career shift to IT, so I joined the HCL Guvi Courses. I interviewed with 10 companies and received 3 offers. I eventually accepted an offer from a product-based company and am currently working as a Software Developer at iQuanti India Pvt. Ltd. "" R Rakesh Software Developer "" My world changed after joining HCL GUVI. The Courses helped me to develop apps from scratch—a vital skill for any developer—and I worked on projects like GooglePay and YouTube",200
https://www.guvi.in/courses/personal-development/resume-building,Best Resume Building Online Course with Certification | GUVI,Course,7,""" My world changed after joining HCL GUVI. The Courses helped me to develop apps from scratch—a vital skill for any developer—and I worked on projects like GooglePay and YouTube clones. I was placed at a product-based company, Zest Money. If you want to upskill and join a product-based company, I highly recommend the HCL Guvi Courses. "" M Muntha Pawan Kumar Software Developer "" I enrolled in the UI/UX Design course at HCL GUVI to master the art of user-centric design. The course was brilliantly structured, moving from wireframing basics to high-fidelity prototyping and user testing. Learning tools like Figma and working on real-world case studies helped me a lot. "" S Shaik Ahmad Associate Product Manager Awards & Achievements HCL GUVI recognized as the Best Partner - Technology Training by Empire Forums. Awarded by ZEE Digital during ZEE National Achievers Awards 2022. Awarded by ENTREPRENEUR INDIA for having the best online personalized learning programs. HCL GUVI recognized as the ""Best GenAI Training Partner"" by UBS Forums For the most users to take an Artificial Intelligence lesson in 24 hours. HCL GUVI recognized as the ""Best Partner - New Hire Training"" by UBS Forums Broke the Record for most",200
https://www.guvi.in/courses/personal-development/resume-building,Best Resume Building Online Course with Certification | GUVI,Course,8,"most users to take an Artificial Intelligence lesson in 24 hours. HCL GUVI recognized as the ""Best Partner - New Hire Training"" by UBS Forums Broke the Record for most users taking an online computer programming lesson in 24 Hrs. Certification Industry-recognized Resume Building Certificate Certificates are generated after the completion of course. Certificates are globally recognized & they help Enhance your profile. Frequently Asked Questions Which type of resume is best? − The best type of resume depends on your experience and the job you're applying for. A chronological resume is ideal if you have a steady work history, as it highlights your career progression. A functional resume focuses on skills and is suitable if you're changing careers or have employment gaps. A combination resume merges both formats, showcasing your skills and experience, and is great if you have relevant expertise and a solid work history. How do I learn to write a resume? + What quailfications should be on a CV? + What is an ATS resume? + Which is better between CV and resume? + Where can I learn Resume Building? + Does GUVI offer any other career development courses? + Course Preview Resume Building Master n8n",200
https://www.guvi.in/courses/personal-development/resume-building,Best Resume Building Online Course with Certification | GUVI,Course,9,Which is better between CV and resume? + Where can I learn Resume Building? + Does GUVI offer any other career development courses? + Course Preview Resume Building Master n8n AI Agents: Build & Sell AI Agents and Automations Free Sample Videos NOW PLAYING 12:26 Master n8n AI Agents: Build & Sell AI Agents and Automations Module 1 12:26 What is n8n? (Replace Zapier/Make with n8n) Module 2 1:40 4 Key Components of an AI Agent Module 3 8:15 Understanding AI Workflows Module 4 Enroll Now - ₹1499,88
https://www.guvi.in/courses/programming/python,Best Python Programming Course with IIT Certification | HCL GUVI,Course,0,"Best Python Programming Course with IIT Certification HCL GUVI LIVE Classes VLSI Design Programme New IIT Delhi certified AI & Machine Learning New Intel & IIT-M Pravartak certified Data Science IIT-M Pravartak certified Full Stack Development IIT-M Pravartak certified UI/UX Design HCL GUVI certified AI DevOps Program HCL GUVI certified Still Confused? Request a Callback Explore all Programs Courses Practice CodeKata Sharpen your coding skills, prepare for interviews WebKata Build basic frontend & backend development skills SQLKata Master SQL concepts in relational database management FixTheCode A series of programs curated by industry experts IDE - Online Compiler Run & test your code in any programming language Resources Free Resources Referral Success Stories Blogs Learn Hub Get The App Rewards Become an Affiliate Leaderboard What's New? Resume Builder Community Hub Our Products HackerKID Coding classes platform for K-12 children GUVI For Corporates Meet your Hiring & Training Needs Placement Preparation Ace Up your Aptitude Login Sign up Login Sign up LIVE Classes VLSI Design Programme New IIT Delhi certified AI & Machine Learning New Intel & IIT-M Pravartak certified Data Science IIT-M Pravartak certified Full Stack Development IIT-M Pravartak certified UI/UX Design HCL GUVI certified AI DevOps Program HCL GUVI certified",200
https://www.guvi.in/courses/programming/python,Best Python Programming Course with IIT Certification | HCL GUVI,Course,1,"Machine Learning New Intel & IIT-M Pravartak certified Data Science IIT-M Pravartak certified Full Stack Development IIT-M Pravartak certified UI/UX Design HCL GUVI certified AI DevOps Program HCL GUVI certified Explore all Programs Courses Practice CodeKata Sharpen your coding skills, prepare for interviews WebKata Build basic frontend & backend development skills SQLKata Master SQL concepts in relational database management FixTheCode A series of programs curated by industry experts IDE - Online Compiler Run & test your code in any programming language Resources Free Resources Referral Success Stories Blogs Learn Hub Get The App Rewards Become an Affiliate Leaderboard What's New? Resume Builder Community Hub Our Products HackerKID Coding classes platform for K-12 children GUVI For Corporates Meet your Hiring & Training Needs Placement Preparation Ace Up your Aptitude Still Confused? Request a Callback Welcome LIVE Classes Courses Practice Platforms Leaderboard Rewards Referral Profile Finish Welcome LIVE Classes Courses Practice Platforms Leaderboard Rewards Referral Profile Finish ✕ Welcome to HCL GUVI Hey there! Welcome to HCL GUVI—Grab Your Vernacular Imprint—where tech learning is easy, fun, and curated specially for you. Incubated by IIT Madras & IIM Ahmedabad in 2014 and now part of HCL Group, we're making quality tech education accessible",200
https://www.guvi.in/courses/programming/python,Best Python Programming Course with IIT Certification | HCL GUVI,Course,2,"learning is easy, fun, and curated specially for you. Incubated by IIT Madras & IIM Ahmedabad in 2014 and now part of HCL Group, we're making quality tech education accessible to all. Join 3M+ learners breaking barriers and upskilling for a brighter future. We're here to guide you every step of the way! 🚀 LIVE Classes Zen Classes are HCL GUVI's most refined and flagship product—live, expert-led tech programs for beginners and pros. With IITM Pravartak affiliations, master Full-Stack, Data Science, DevOps, UI/UX, and more in multiple languages! Explore More Courses Looking for flexibility? HCL GUVI's 200+ self-paced courses let you learn anytime, anywhere! From free lessons to IIT-M & Autodesk-certified programs, gain in-demand skills in your preferred language. Explore More Practice Platforms Enhance your coding skills with HCL GUVI's Practice Platforms—interactive, structured, and designed to help you master programming effortlessly. CodeKata: A structured coding practice platform with 1500+ coding problems designed by industry experts. Ideal for beginners and professionals preparing for tech interviews with real-world coding challenges. Try Now > WebKata: An interactive platform to master HTML, CSS, JavaScript, and Bootstrap with a live coding environment. Perfect for hands-on web development practice without any setup. Try Now > SQLKata:",200
https://www.guvi.in/courses/programming/python,Best Python Programming Course with IIT Certification | HCL GUVI,Course,3,"> WebKata: An interactive platform to master HTML, CSS, JavaScript, and Bootstrap with a live coding environment. Perfect for hands-on web development practice without any setup. Try Now > SQLKata: A practice ground for mastering SQL queries used in real-world applications. Write, optimize, and refine your queries to build strong database skills. Try Now > FixTheCode: Hone your bug-fixing skills with real-world debugging challenges in Python, C++, JavaScript, and Golang. More languages coming soon! Try Now > IDE: A free online compiler supporting 20+ programming languages with auto-complete, debugging, and AI-powered code generation—all in the cloud! Try Now > Leaderboard Climb the leaderboard as you earn Geekoins by learning and practicing! The top scorers get featured, making learning competitive and rewarding. Keep going—you could be next! Explore More Rewards Earn Geekoins by watching videos and practicing problems, then redeem them for exciting rewards. The more you engage, the more you win! Explore More Referral Love learning with HCL GUVI? Share it with friends! Invite them using your unique link or code and unlock exciting rewards—Amazon vouchers, iPhones, and more. A Win-Win. Explore More Profile Your HCL GUVI profile is your digital portfolio! Track progress, showcase skills, add projects, and build",200
https://www.guvi.in/courses/programming/python,Best Python Programming Course with IIT Certification | HCL GUVI,Course,4,"code and unlock exciting rewards—Amazon vouchers, iPhones, and more. A Win-Win. Explore More Profile Your HCL GUVI profile is your digital portfolio! Track progress, showcase skills, add projects, and build a resume. Keep it updated—opportunities await! Explore More That's It! You Are Ready! You're all set to dive into your learning journey with HCL GUVI. Explore, upskill, and make each step count—exciting possibilities awaits! close Thank you for Reaching us out Our team will reach you out within the next 24 hours. Explore all Programs ✕ Accelerate your Career Python Programming Course: Beginner to Advanced with Certification Whether you have never programmed before, already know basic syntax, or want to learn about the advanced features of Python Learning, this course is for you! It’s the most comprehensive yet concise, straightforward course for Python Programming language. You don’t need any prior knowledge, to get started with the course. This course will offer you that core, solid understanding of the Python programming language. You will not only be learning Python, but you will be learning best practices for Python programming that real employers demand. Important: Complete your enrollment and payment within the specified course period to qualify for the IITM Pravartak certificate.",200
https://www.guvi.in/courses/programming/python,Best Python Programming Course with IIT Certification | HCL GUVI,Course,5,"will be learning best practices for Python programming that real employers demand. Important: Complete your enrollment and payment within the specified course period to qualify for the IITM Pravartak certificate. Payment must be made within the same month and year as the course end date and cannot be completed once the course period has closed. Enroll Now Join 9.6L geeks 4.5 961537+ enrolled 6 Hours of Recorded Content 4 Modules with Certifications English Language Free Paid certification Enroll Now Professionals from Top Industries Learn from Us Course Overview Syllabus Course Requirements Certificate Recommended course FAQ Course Overview Whether you have never programmed before, already know basic syntax, or want to learn about the advanced features of Python, this course is for you! This free Python course will give you that core, solid understanding of the Python programming language. You will not only be learning Python, but you will be learning industry best practices for Python programming that real employers demand. Python is a popular programming language used across industries, from tech to finance, and can help you land jobs in data analysis, software development, and more. With our beginner-friendly curriculum, you'll be able to confidently use Python in everyday applications",200
https://www.guvi.in/courses/programming/python,Best Python Programming Course with IIT Certification | HCL GUVI,Course,6,"tech to finance, and can help you land jobs in data analysis, software development, and more. With our beginner-friendly curriculum, you'll be able to confidently use Python in everyday applications and understand its potential for advanced programming. Plus, with a IITM Pravartak certified Python certification, you'll have a valuable credential to showcase on your resume. Explore Our Industry-Aligned Curriculum Course Syllabus Expand all Beginner Module 1h 19m total length Intermediate Module 1h 32m total length Advanced Module 1h 55m total length Expert Module 2h 5m total length Course Requirements A computer/mobile device with an internet connection. A desire to learn and explore the possibilities of programming with Python! No Prior Coding Experience Required! Accelerate your Career Python Programming Course: Beginner to Advanced with Certification Enroll Now Real Career Stories Powered By Upskilling "" Previously in IT services, I wanted to upgrade to a new field but didn’t know how. The trust I got from HCL GUVI was enormous; I quit my job and took HCL Guvi Courses. I’ve now been placed as a Data Scientist at AI Enterprise Software India Ltd. I’m feeling blessed and didn’t expect this level of help! "" S Sonia Kola Data scientist "" I wanted",200
https://www.guvi.in/courses/programming/python,Best Python Programming Course with IIT Certification | HCL GUVI,Course,7,"placed as a Data Scientist at AI Enterprise Software India Ltd. I’m feeling blessed and didn’t expect this level of help! "" S Sonia Kola Data scientist "" I wanted to make a career shift to IT, so I joined the HCL Guvi Courses. I interviewed with 10 companies and received 3 offers. I eventually accepted an offer from a product-based company and am currently working as a Software Developer at iQuanti India Pvt. Ltd. "" R Rakesh Software Developer "" My world changed after joining HCL GUVI. The Courses helped me to develop apps from scratch—a vital skill for any developer—and I worked on projects like GooglePay and YouTube clones. I was placed at a product-based company, Zest Money. If you want to upskill and join a product-based company, I highly recommend the HCL Guvi Courses. "" M Muntha Pawan Kumar Software Developer "" I enrolled in the UI/UX Design course at HCL GUVI to master the art of user-centric design. The course was brilliantly structured, moving from wireframing basics to high-fidelity prototyping and user testing. Learning tools like Figma and working on real-world case studies helped me a lot. "" S Shaik Ahmad Associate Product Manager Awards &",200
https://www.guvi.in/courses/programming/python,Best Python Programming Course with IIT Certification | HCL GUVI,Course,8,"basics to high-fidelity prototyping and user testing. Learning tools like Figma and working on real-world case studies helped me a lot. "" S Shaik Ahmad Associate Product Manager Awards & Achievements HCL GUVI recognized as the Best Partner - Technology Training by Empire Forums. Awarded by ZEE Digital during ZEE National Achievers Awards 2022. Awarded by ENTREPRENEUR INDIA for having the best online personalized learning programs. HCL GUVI recognized as the ""Best GenAI Training Partner"" by UBS Forums For the most users to take an Artificial Intelligence lesson in 24 hours. HCL GUVI recognized as the ""Best Partner - New Hire Training"" by UBS Forums Broke the Record for most users taking an online computer programming lesson in 24 Hrs. Certification IITM Pravartak certified Python certification. Certificates are generated after the completion of course. Certificates are globally recognized & they help Enhance your profile. More Courses related to Programming English 4.3 Data Structures and Algorithms using Python - DSA Programming Course 20 Hrs 2k+ Enrolled ₹2,499 English 4.4 Mastering Databases with Python 4 Hrs 2k+ Enrolled ₹1,499 English 4.1 Computational Thinking 8 Hrs 21.7k+ Enrolled ₹2,499 English 4.1 Java 11 Hrs 16.1k+ Enrolled ₹1,499 Tamil 4.4 Python Programming Course in",200
https://www.guvi.in/courses/programming/python,Best Python Programming Course with IIT Certification | HCL GUVI,Course,9,"with Python 4 Hrs 2k+ Enrolled ₹1,499 English 4.1 Computational Thinking 8 Hrs 21.7k+ Enrolled ₹2,499 English 4.1 Java 11 Hrs 16.1k+ Enrolled ₹1,499 Tamil 4.4 Python Programming Course in Tamil: Beginner to Advanced with Certification 16 Hrs 256.0k+ Enrolled Free Pay for Certification! Tamil 4.4 Python Zero to Hero - Complete Python Programming Course in Tamil 17 Hrs 76.8k+ Enrolled ₹1,499 Hindi 4.4 Python Programming Course in Hindi: Beginner to Advanced with Certification 16 Hrs 116.0k+ Enrolled Free Pay for Certification! View all courses Frequently Asked Questions What is a Python course? − A Python course is a structured program that teaches individuals how to write, read, and understand code in the Python programming language. The course covers various topics, including basic programming concepts, data types, control structures, and functions. Which is the best online Python course? + How to learn a Python course? + Why learn Python courses online? + What are the benefits of learning Python from GUVI? + Course Preview Python Programming Course: Beginner to Advanced with Certification Python Programming Course: Beginner to Advanced with Certification Free Sample Videos NOW PLAYING Python Programming Course: Beginner to Advanced with Certification Course Preview Enroll Now - ₹1499",199
https://www.guvi.in/courses/cloud-computing/aws-fundamentals,Best AWS Fundamentals Course Online with Certification | GUVI,Course,0,"Best AWS Fundamentals Course Online with Certification GUVI LIVE Classes VLSI Design Programme New IIT Delhi certified AI & Machine Learning New Intel & IIT-M Pravartak certified Data Science IIT-M Pravartak certified Full Stack Development IIT-M Pravartak certified UI/UX Design HCL GUVI certified AI DevOps Program HCL GUVI certified Still Confused? Request a Callback Explore all Programs Courses Practice CodeKata Sharpen your coding skills, prepare for interviews WebKata Build basic frontend & backend development skills SQLKata Master SQL concepts in relational database management FixTheCode A series of programs curated by industry experts IDE - Online Compiler Run & test your code in any programming language Resources Free Resources Referral Success Stories Blogs Learn Hub Get The App Rewards Become an Affiliate Leaderboard What's New? Resume Builder Community Hub Our Products HackerKID Coding classes platform for K-12 children GUVI For Corporates Meet your Hiring & Training Needs Placement Preparation Ace Up your Aptitude Login Sign up Login Sign up LIVE Classes VLSI Design Programme New IIT Delhi certified AI & Machine Learning New Intel & IIT-M Pravartak certified Data Science IIT-M Pravartak certified Full Stack Development IIT-M Pravartak certified UI/UX Design HCL GUVI certified AI DevOps Program HCL GUVI certified Explore",200
https://www.guvi.in/courses/cloud-computing/aws-fundamentals,Best AWS Fundamentals Course Online with Certification | GUVI,Course,1,"Learning New Intel & IIT-M Pravartak certified Data Science IIT-M Pravartak certified Full Stack Development IIT-M Pravartak certified UI/UX Design HCL GUVI certified AI DevOps Program HCL GUVI certified Explore all Programs Courses Practice CodeKata Sharpen your coding skills, prepare for interviews WebKata Build basic frontend & backend development skills SQLKata Master SQL concepts in relational database management FixTheCode A series of programs curated by industry experts IDE - Online Compiler Run & test your code in any programming language Resources Free Resources Referral Success Stories Blogs Learn Hub Get The App Rewards Become an Affiliate Leaderboard What's New? Resume Builder Community Hub Our Products HackerKID Coding classes platform for K-12 children GUVI For Corporates Meet your Hiring & Training Needs Placement Preparation Ace Up your Aptitude Still Confused? Request a Callback Welcome LIVE Classes Courses Practice Platforms Leaderboard Rewards Referral Profile Finish Welcome LIVE Classes Courses Practice Platforms Leaderboard Rewards Referral Profile Finish ✕ Welcome to HCL GUVI Hey there! Welcome to HCL GUVI—Grab Your Vernacular Imprint—where tech learning is easy, fun, and curated specially for you. Incubated by IIT Madras & IIM Ahmedabad in 2014 and now part of HCL Group, we're making quality tech education accessible to",200
https://www.guvi.in/courses/cloud-computing/aws-fundamentals,Best AWS Fundamentals Course Online with Certification | GUVI,Course,2,"is easy, fun, and curated specially for you. Incubated by IIT Madras & IIM Ahmedabad in 2014 and now part of HCL Group, we're making quality tech education accessible to all. Join 3M+ learners breaking barriers and upskilling for a brighter future. We're here to guide you every step of the way! 🚀 LIVE Classes Zen Classes are HCL GUVI's most refined and flagship product—live, expert-led tech programs for beginners and pros. With IITM Pravartak affiliations, master Full-Stack, Data Science, DevOps, UI/UX, and more in multiple languages! Explore More Courses Looking for flexibility? HCL GUVI's 200+ self-paced courses let you learn anytime, anywhere! From free lessons to IIT-M & Autodesk-certified programs, gain in-demand skills in your preferred language. Explore More Practice Platforms Enhance your coding skills with HCL GUVI's Practice Platforms—interactive, structured, and designed to help you master programming effortlessly. CodeKata: A structured coding practice platform with 1500+ coding problems designed by industry experts. Ideal for beginners and professionals preparing for tech interviews with real-world coding challenges. Try Now > WebKata: An interactive platform to master HTML, CSS, JavaScript, and Bootstrap with a live coding environment. Perfect for hands-on web development practice without any setup. Try Now > SQLKata: A",200
https://www.guvi.in/courses/cloud-computing/aws-fundamentals,Best AWS Fundamentals Course Online with Certification | GUVI,Course,3,"WebKata: An interactive platform to master HTML, CSS, JavaScript, and Bootstrap with a live coding environment. Perfect for hands-on web development practice without any setup. Try Now > SQLKata: A practice ground for mastering SQL queries used in real-world applications. Write, optimize, and refine your queries to build strong database skills. Try Now > FixTheCode: Hone your bug-fixing skills with real-world debugging challenges in Python, C++, JavaScript, and Golang. More languages coming soon! Try Now > IDE: A free online compiler supporting 20+ programming languages with auto-complete, debugging, and AI-powered code generation—all in the cloud! Try Now > Leaderboard Climb the leaderboard as you earn Geekoins by learning and practicing! The top scorers get featured, making learning competitive and rewarding. Keep going—you could be next! Explore More Rewards Earn Geekoins by watching videos and practicing problems, then redeem them for exciting rewards. The more you engage, the more you win! Explore More Referral Love learning with HCL GUVI? Share it with friends! Invite them using your unique link or code and unlock exciting rewards—Amazon vouchers, iPhones, and more. A Win-Win. Explore More Profile Your HCL GUVI profile is your digital portfolio! Track progress, showcase skills, add projects, and build a",200
https://www.guvi.in/courses/cloud-computing/aws-fundamentals,Best AWS Fundamentals Course Online with Certification | GUVI,Course,4,"and unlock exciting rewards—Amazon vouchers, iPhones, and more. A Win-Win. Explore More Profile Your HCL GUVI profile is your digital portfolio! Track progress, showcase skills, add projects, and build a resume. Keep it updated—opportunities await! Explore More That's It! You Are Ready! You're all set to dive into your learning journey with HCL GUVI. Explore, upskill, and make each step count—exciting possibilities awaits! close Thank you for Reaching us out Our team will reach you out within the next 24 hours. Explore all Programs ✕ Accelerate your Career AWS Fundamentals GUVI's AWS Fundamentals course with certification unlocks cloud computing essentials at an affordable fee. Learn to manage AWS services, navigate cloud architectures, and apply security measures. Ideal for beginners, it lays a solid foundation for a future in cloud technology and AWS proficiency. Enroll Now Join 2.0k geeks 4.4 2000+ enrolled 10 Hours of Recorded Content 4 Modules with Certifications English Language Only ₹1499 ₹ 2000 25.05 % OFF Enroll Now Professionals from Top Industries Learn from Us Course Overview Syllabus Course Requirements Certificate Recommended course FAQ Course Overview GUVI's AWS Fundamentals course offers a comprehensive exploration of cloud computing. The curriculum is well-structured to equip you with the essentials",200
https://www.guvi.in/courses/cloud-computing/aws-fundamentals,Best AWS Fundamentals Course Online with Certification | GUVI,Course,5,"Syllabus Course Requirements Certificate Recommended course FAQ Course Overview GUVI's AWS Fundamentals course offers a comprehensive exploration of cloud computing. The curriculum is well-structured to equip you with the essentials of Amazon Web Services (AWS). You'll start by grasping the basics of cloud computing before diving into AWS's vast range of services. The course covers crucial areas like identity management, Amazon EC2, Amazon S3, and AWS networking, giving you practical insights into creating and managing scalable cloud solutions. Additionally, you'll learn about AWS databases, serverless computing, and the importance of monitoring and management in cloud infrastructure. By focusing on security, compliance, and the AWS Well-Architected Framework, the course ensures you're well-versed in creating secure, efficient, and cost-effective cloud architectures, setting you up for success in the cloud computing domain. Explore Our Industry-Aligned Curriculum Course Syllabus Expand all Beginner Module 18m total length Intermediate Module 24m total length Advanced Module 31m total length Expert Module 14m total length Course Requirements Interest in cloud computing. Basic computer and internet skills. Accelerate your Career AWS Fundamentals Enroll Now Real Career Stories Powered By Upskilling "" Previously in IT services, I wanted to upgrade to a new field but didn’t know how. The trust",200
https://www.guvi.in/courses/cloud-computing/aws-fundamentals,Best AWS Fundamentals Course Online with Certification | GUVI,Course,6,"Career AWS Fundamentals Enroll Now Real Career Stories Powered By Upskilling "" Previously in IT services, I wanted to upgrade to a new field but didn’t know how. The trust I got from HCL GUVI was enormous; I quit my job and took HCL Guvi Courses. I’ve now been placed as a Data Scientist at AI Enterprise Software India Ltd. I’m feeling blessed and didn’t expect this level of help! "" S Sonia Kola Data scientist "" I wanted to make a career shift to IT, so I joined the HCL Guvi Courses. I interviewed with 10 companies and received 3 offers. I eventually accepted an offer from a product-based company and am currently working as a Software Developer at iQuanti India Pvt. Ltd. "" R Rakesh Software Developer "" My world changed after joining HCL GUVI. The Courses helped me to develop apps from scratch—a vital skill for any developer—and I worked on projects like GooglePay and YouTube clones. I was placed at a product-based company, Zest Money. If you want to upskill and join a product-based company, I highly recommend the HCL Guvi Courses. "" M Muntha Pawan Kumar Software Developer "" I enrolled in the UI/UX Design",200
https://www.guvi.in/courses/cloud-computing/aws-fundamentals,Best AWS Fundamentals Course Online with Certification | GUVI,Course,7,"you want to upskill and join a product-based company, I highly recommend the HCL Guvi Courses. "" M Muntha Pawan Kumar Software Developer "" I enrolled in the UI/UX Design course at HCL GUVI to master the art of user-centric design. The course was brilliantly structured, moving from wireframing basics to high-fidelity prototyping and user testing. Learning tools like Figma and working on real-world case studies helped me a lot. "" S Shaik Ahmad Associate Product Manager Awards & Achievements HCL GUVI recognized as the Best Partner - Technology Training by Empire Forums. Awarded by ZEE Digital during ZEE National Achievers Awards 2022. Awarded by ENTREPRENEUR INDIA for having the best online personalized learning programs. HCL GUVI recognized as the ""Best GenAI Training Partner"" by UBS Forums For the most users to take an Artificial Intelligence lesson in 24 hours. HCL GUVI recognized as the ""Best Partner - New Hire Training"" by UBS Forums Broke the Record for most users taking an online computer programming lesson in 24 Hrs. Certification Industry-recognized AWS Fundamentals Certificate Certificates are generated after the completion of course. Certificates are globally recognized & they help Enhance your profile. More Courses related to Cloud Computing Tamil 4.3",200
https://www.guvi.in/courses/cloud-computing/aws-fundamentals,Best AWS Fundamentals Course Online with Certification | GUVI,Course,8,"Industry-recognized AWS Fundamentals Certificate Certificates are generated after the completion of course. Certificates are globally recognized & they help Enhance your profile. More Courses related to Cloud Computing Tamil 4.3 Mastering MongoDB in Tamil 20 Hrs 2k+ Enrolled ₹1,999 English 4.3 AWS Infrastructure for Beginners 12 Hrs 2k+ Enrolled ₹3,499 Tamil 4.6 AWS Lambda in Tamil 6 Hrs 2k+ Enrolled ₹1,499 Tamil 4.2 AWS CloudFormation 3 Hrs 2k+ Enrolled ₹1,999 English 4.5 Learn AWS Glue using PySpark by doing 7 Hrs 2k+ Enrolled ₹1,799 Tamil 4.3 AWS Fundamentals Course in Tamil - Learn Amazon Web Services Basics 8 Hrs 2k+ Enrolled ₹1,499 English 4.3 AZ-900 6 Hrs 2k+ Enrolled ₹1,499 English 4.6 Google Cloud Platform 7 Hrs 2k+ Enrolled ₹1,499 View all courses Frequently Asked Questions What is the overview of GUVI’s AWS Fundamentals certification course? − GUVI's AWS Fundamentals course provides comprehensive training in AWS, covering essential services, architecture, and best practices for cloud computing. Why learn the AWS Fundamentals course? + Why choose GUVI for learning the AWS Fundamentals course? + What are the benefits of learning AWS Fundamentals certification? + Is the AWS Fundamentals course difficult to learn? + How long does it take to learn AWS",200
https://www.guvi.in/courses/cloud-computing/aws-fundamentals,Best AWS Fundamentals Course Online with Certification | GUVI,Course,9,Fundamentals course? + What are the benefits of learning AWS Fundamentals certification? + Is the AWS Fundamentals course difficult to learn? + How long does it take to learn AWS Fundamentals? + Course Preview AWS Fundamentals Master n8n AI Agents: Build & Sell AI Agents and Automations Free Sample Videos NOW PLAYING 12:26 Master n8n AI Agents: Build & Sell AI Agents and Automations Module 1 12:26 What is n8n? (Replace Zapier/Make with n8n) Module 2 1:40 4 Key Components of an AI Agent Module 3 8:15 Understanding AI Workflows Module 4 Enroll Now - ₹1499,96
https://www.guvi.in/courses/project-management/project-management-fundamentals,Learn Project Management Fundamentals Course Online with Certification | GUVI,Course,0,"Learn Project Management Fundamentals Course Online with Certification GUVI LIVE Classes VLSI Design Programme New IIT Delhi certified AI & Machine Learning New Intel & IIT-M Pravartak certified Data Science IIT-M Pravartak certified Full Stack Development IIT-M Pravartak certified UI/UX Design HCL GUVI certified AI DevOps Program HCL GUVI certified Still Confused? Request a Callback Explore all Programs Courses Practice CodeKata Sharpen your coding skills, prepare for interviews WebKata Build basic frontend & backend development skills SQLKata Master SQL concepts in relational database management FixTheCode A series of programs curated by industry experts IDE - Online Compiler Run & test your code in any programming language Resources Free Resources Referral Success Stories Blogs Learn Hub Get The App Rewards Become an Affiliate Leaderboard What's New? Resume Builder Community Hub Our Products HackerKID Coding classes platform for K-12 children GUVI For Corporates Meet your Hiring & Training Needs Placement Preparation Ace Up your Aptitude Login Sign up Login Sign up LIVE Classes VLSI Design Programme New IIT Delhi certified AI & Machine Learning New Intel & IIT-M Pravartak certified Data Science IIT-M Pravartak certified Full Stack Development IIT-M Pravartak certified UI/UX Design HCL GUVI certified AI DevOps Program HCL GUVI certified",200
https://www.guvi.in/courses/project-management/project-management-fundamentals,Learn Project Management Fundamentals Course Online with Certification | GUVI,Course,1,"Machine Learning New Intel & IIT-M Pravartak certified Data Science IIT-M Pravartak certified Full Stack Development IIT-M Pravartak certified UI/UX Design HCL GUVI certified AI DevOps Program HCL GUVI certified Explore all Programs Courses Practice CodeKata Sharpen your coding skills, prepare for interviews WebKata Build basic frontend & backend development skills SQLKata Master SQL concepts in relational database management FixTheCode A series of programs curated by industry experts IDE - Online Compiler Run & test your code in any programming language Resources Free Resources Referral Success Stories Blogs Learn Hub Get The App Rewards Become an Affiliate Leaderboard What's New? Resume Builder Community Hub Our Products HackerKID Coding classes platform for K-12 children GUVI For Corporates Meet your Hiring & Training Needs Placement Preparation Ace Up your Aptitude Still Confused? Request a Callback Welcome LIVE Classes Courses Practice Platforms Leaderboard Rewards Referral Profile Finish Welcome LIVE Classes Courses Practice Platforms Leaderboard Rewards Referral Profile Finish ✕ Welcome to HCL GUVI Hey there! Welcome to HCL GUVI—Grab Your Vernacular Imprint—where tech learning is easy, fun, and curated specially for you. Incubated by IIT Madras & IIM Ahmedabad in 2014 and now part of HCL Group, we're making quality tech education accessible",200
https://www.guvi.in/courses/project-management/project-management-fundamentals,Learn Project Management Fundamentals Course Online with Certification | GUVI,Course,2,"learning is easy, fun, and curated specially for you. Incubated by IIT Madras & IIM Ahmedabad in 2014 and now part of HCL Group, we're making quality tech education accessible to all. Join 3M+ learners breaking barriers and upskilling for a brighter future. We're here to guide you every step of the way! 🚀 LIVE Classes Zen Classes are HCL GUVI's most refined and flagship product—live, expert-led tech programs for beginners and pros. With IITM Pravartak affiliations, master Full-Stack, Data Science, DevOps, UI/UX, and more in multiple languages! Explore More Courses Looking for flexibility? HCL GUVI's 200+ self-paced courses let you learn anytime, anywhere! From free lessons to IIT-M & Autodesk-certified programs, gain in-demand skills in your preferred language. Explore More Practice Platforms Enhance your coding skills with HCL GUVI's Practice Platforms—interactive, structured, and designed to help you master programming effortlessly. CodeKata: A structured coding practice platform with 1500+ coding problems designed by industry experts. Ideal for beginners and professionals preparing for tech interviews with real-world coding challenges. Try Now > WebKata: An interactive platform to master HTML, CSS, JavaScript, and Bootstrap with a live coding environment. Perfect for hands-on web development practice without any setup. Try Now > SQLKata:",200
https://www.guvi.in/courses/project-management/project-management-fundamentals,Learn Project Management Fundamentals Course Online with Certification | GUVI,Course,3,"> WebKata: An interactive platform to master HTML, CSS, JavaScript, and Bootstrap with a live coding environment. Perfect for hands-on web development practice without any setup. Try Now > SQLKata: A practice ground for mastering SQL queries used in real-world applications. Write, optimize, and refine your queries to build strong database skills. Try Now > FixTheCode: Hone your bug-fixing skills with real-world debugging challenges in Python, C++, JavaScript, and Golang. More languages coming soon! Try Now > IDE: A free online compiler supporting 20+ programming languages with auto-complete, debugging, and AI-powered code generation—all in the cloud! Try Now > Leaderboard Climb the leaderboard as you earn Geekoins by learning and practicing! The top scorers get featured, making learning competitive and rewarding. Keep going—you could be next! Explore More Rewards Earn Geekoins by watching videos and practicing problems, then redeem them for exciting rewards. The more you engage, the more you win! Explore More Referral Love learning with HCL GUVI? Share it with friends! Invite them using your unique link or code and unlock exciting rewards—Amazon vouchers, iPhones, and more. A Win-Win. Explore More Profile Your HCL GUVI profile is your digital portfolio! Track progress, showcase skills, add projects, and build",200
https://www.guvi.in/courses/project-management/project-management-fundamentals,Learn Project Management Fundamentals Course Online with Certification | GUVI,Course,4,"code and unlock exciting rewards—Amazon vouchers, iPhones, and more. A Win-Win. Explore More Profile Your HCL GUVI profile is your digital portfolio! Track progress, showcase skills, add projects, and build a resume. Keep it updated—opportunities await! Explore More That's It! You Are Ready! You're all set to dive into your learning journey with HCL GUVI. Explore, upskill, and make each step count—exciting possibilities awaits! close Thank you for Reaching us out Our team will reach you out within the next 24 hours. Explore all Programs ✕ Accelerate your Career Project Management Fundamentals Begin your journey with the basics of Project Management with GUVI's Fundamentals course. This comprehensive online course is beginner-friendly and ensures you learn the art of effective project execution. Elevate your skills with hands-on training sessions and earn globally recognized certifications from GUVI. Enroll Now Join 2.0k geeks 4.4 2000+ enrolled 3 Hours of Recorded Content 1 Modules with Certifications English Language Only ₹1499 ₹ 2000 25.05 % OFF Enroll Now Professionals from Top Industries Learn from Us Course Overview Syllabus Course Requirements Certificate Recommended course FAQ Course Overview Project management is more than just timelines. It's about guiding a project from start to finish. GUVI's online course",200
https://www.guvi.in/courses/project-management/project-management-fundamentals,Learn Project Management Fundamentals Course Online with Certification | GUVI,Course,5,"Course Overview Syllabus Course Requirements Certificate Recommended course FAQ Course Overview Project management is more than just timelines. It's about guiding a project from start to finish. GUVI's online course covers the basics and dives into initiating projects, portfolio management, and understanding organization dynamics. You'll learn about popular methods like Agile, Waterfall, and Hybrid, giving you the tools to tackle various project challenges. We also introduce you to Agile practices like Scrum, XP, Lean, Crystal, Dynamic System Development, and more. Mastering these skills will open doors to exciting career opportunities in various industries. Explore Our Industry-Aligned Curriculum Course Syllabus Expand all Beginner Module Course Requirements A keen interest in mastering project management. Familiarity with basic organizational structures. Accelerate your Career Project Management Fundamentals Enroll Now Real Career Stories Powered By Upskilling "" Previously in IT services, I wanted to upgrade to a new field but didn’t know how. The trust I got from HCL GUVI was enormous; I quit my job and took HCL Guvi Courses. I’ve now been placed as a Data Scientist at AI Enterprise Software India Ltd. I’m feeling blessed and didn’t expect this level of help! "" S Sonia Kola Data scientist "" I wanted to",200
https://www.guvi.in/courses/project-management/project-management-fundamentals,Learn Project Management Fundamentals Course Online with Certification | GUVI,Course,6,"as a Data Scientist at AI Enterprise Software India Ltd. I’m feeling blessed and didn’t expect this level of help! "" S Sonia Kola Data scientist "" I wanted to make a career shift to IT, so I joined the HCL Guvi Courses. I interviewed with 10 companies and received 3 offers. I eventually accepted an offer from a product-based company and am currently working as a Software Developer at iQuanti India Pvt. Ltd. "" R Rakesh Software Developer "" My world changed after joining HCL GUVI. The Courses helped me to develop apps from scratch—a vital skill for any developer—and I worked on projects like GooglePay and YouTube clones. I was placed at a product-based company, Zest Money. If you want to upskill and join a product-based company, I highly recommend the HCL Guvi Courses. "" M Muntha Pawan Kumar Software Developer "" I enrolled in the UI/UX Design course at HCL GUVI to master the art of user-centric design. The course was brilliantly structured, moving from wireframing basics to high-fidelity prototyping and user testing. Learning tools like Figma and working on real-world case studies helped me a lot. "" S Shaik Ahmad Associate Product Manager Awards & Achievements",200
https://www.guvi.in/courses/project-management/project-management-fundamentals,Learn Project Management Fundamentals Course Online with Certification | GUVI,Course,7,"to high-fidelity prototyping and user testing. Learning tools like Figma and working on real-world case studies helped me a lot. "" S Shaik Ahmad Associate Product Manager Awards & Achievements HCL GUVI recognized as the Best Partner - Technology Training by Empire Forums. Awarded by ZEE Digital during ZEE National Achievers Awards 2022. Awarded by ENTREPRENEUR INDIA for having the best online personalized learning programs. HCL GUVI recognized as the ""Best GenAI Training Partner"" by UBS Forums For the most users to take an Artificial Intelligence lesson in 24 hours. HCL GUVI recognized as the ""Best Partner - New Hire Training"" by UBS Forums Broke the Record for most users taking an online computer programming lesson in 24 Hrs. Certification Industry-recognized Project Management Fundamentals Certificate Certificates are generated after the completion of course. Certificates are globally recognized & they help Enhance your profile. More Courses related to Project Management Tamil 4.5 Jira: Jira project management Tamil 6 Hrs 2k+ Enrolled ₹1,499 Tamil 4.4 Agile Fundamentals in Tamil 3 Hrs 2k+ Enrolled ₹1,499 English 5.0 Certified Scrum Master 5 Hrs 2k+ Enrolled ₹1,499 English 4.0 Primavera 17 Hrs 2k+ Enrolled ₹2,499 English 4.4 Agile Fundamentals 4 Hrs 2k+ Enrolled ₹1,499 Telugu",200
https://www.guvi.in/courses/project-management/project-management-fundamentals,Learn Project Management Fundamentals Course Online with Certification | GUVI,Course,8,"Enrolled ₹1,499 English 5.0 Certified Scrum Master 5 Hrs 2k+ Enrolled ₹1,499 English 4.0 Primavera 17 Hrs 2k+ Enrolled ₹2,499 English 4.4 Agile Fundamentals 4 Hrs 2k+ Enrolled ₹1,499 Telugu 4.0 Jira: Jira project management 6 Hrs 2k+ Enrolled ₹1,499 English 4.0 Confluence 10 Hrs 2k+ Enrolled ₹2,499 View all courses Frequently Asked Questions What is the overview of GUVI’s Project Management Fundamentals certification course? − GUVI's Project Management Fundamentals certification course provides an all-encompassing experience. This course ensures you're well-equipped for modern project challenges, from foundational concepts such as project initiation and portfolio management to detailed concepts like Agile, Hybrid, and Waterfall. Why learn the Project Management Fundamentals course? + Why choose GUVI for learning the Project Management Fundamentals course? + What are the benefits of earning Project Management Fundamentals certification? + Is the Project Management Fundamentals course difficult to learn? + How long does it take to learn Project Management Fundamentals? + Course Preview Project Management Fundamentals Master n8n AI Agents: Build & Sell AI Agents and Automations Free Sample Videos NOW PLAYING 12:26 Master n8n AI Agents: Build & Sell AI Agents and Automations Module 1 12:26 What is n8n? (Replace Zapier/Make with n8n) Module 2 1:40",200
https://www.guvi.in/courses/business-and-management/entrepreneurship-bootstrap-vs-fundraising,Best Entrepreneurship Course Online with Certification | GUVI,Course,0,"Best Entrepreneurship Course Online with Certification GUVI LIVE Classes VLSI Design Programme New IIT Delhi certified AI & Machine Learning New Intel & IIT-M Pravartak certified Data Science IIT-M Pravartak certified Full Stack Development IIT-M Pravartak certified UI/UX Design HCL GUVI certified AI DevOps Program HCL GUVI certified Still Confused? Request a Callback Explore all Programs Courses Practice CodeKata Sharpen your coding skills, prepare for interviews WebKata Build basic frontend & backend development skills SQLKata Master SQL concepts in relational database management FixTheCode A series of programs curated by industry experts IDE - Online Compiler Run & test your code in any programming language Resources Free Resources Referral Success Stories Blogs Learn Hub Get The App Rewards Become an Affiliate Leaderboard What's New? Resume Builder Community Hub Our Products HackerKID Coding classes platform for K-12 children GUVI For Corporates Meet your Hiring & Training Needs Placement Preparation Ace Up your Aptitude Login Sign up Login Sign up LIVE Classes VLSI Design Programme New IIT Delhi certified AI & Machine Learning New Intel & IIT-M Pravartak certified Data Science IIT-M Pravartak certified Full Stack Development IIT-M Pravartak certified UI/UX Design HCL GUVI certified AI DevOps Program HCL GUVI certified Explore all",200
https://www.guvi.in/courses/business-and-management/entrepreneurship-bootstrap-vs-fundraising,Best Entrepreneurship Course Online with Certification | GUVI,Course,1,"New Intel & IIT-M Pravartak certified Data Science IIT-M Pravartak certified Full Stack Development IIT-M Pravartak certified UI/UX Design HCL GUVI certified AI DevOps Program HCL GUVI certified Explore all Programs Courses Practice CodeKata Sharpen your coding skills, prepare for interviews WebKata Build basic frontend & backend development skills SQLKata Master SQL concepts in relational database management FixTheCode A series of programs curated by industry experts IDE - Online Compiler Run & test your code in any programming language Resources Free Resources Referral Success Stories Blogs Learn Hub Get The App Rewards Become an Affiliate Leaderboard What's New? Resume Builder Community Hub Our Products HackerKID Coding classes platform for K-12 children GUVI For Corporates Meet your Hiring & Training Needs Placement Preparation Ace Up your Aptitude Still Confused? Request a Callback Welcome LIVE Classes Courses Practice Platforms Leaderboard Rewards Referral Profile Finish Welcome LIVE Classes Courses Practice Platforms Leaderboard Rewards Referral Profile Finish ✕ Welcome to HCL GUVI Hey there! Welcome to HCL GUVI—Grab Your Vernacular Imprint—where tech learning is easy, fun, and curated specially for you. Incubated by IIT Madras & IIM Ahmedabad in 2014 and now part of HCL Group, we're making quality tech education accessible to all.",200
https://www.guvi.in/courses/business-and-management/entrepreneurship-bootstrap-vs-fundraising,Best Entrepreneurship Course Online with Certification | GUVI,Course,2,"easy, fun, and curated specially for you. Incubated by IIT Madras & IIM Ahmedabad in 2014 and now part of HCL Group, we're making quality tech education accessible to all. Join 3M+ learners breaking barriers and upskilling for a brighter future. We're here to guide you every step of the way! 🚀 LIVE Classes Zen Classes are HCL GUVI's most refined and flagship product—live, expert-led tech programs for beginners and pros. With IITM Pravartak affiliations, master Full-Stack, Data Science, DevOps, UI/UX, and more in multiple languages! Explore More Courses Looking for flexibility? HCL GUVI's 200+ self-paced courses let you learn anytime, anywhere! From free lessons to IIT-M & Autodesk-certified programs, gain in-demand skills in your preferred language. Explore More Practice Platforms Enhance your coding skills with HCL GUVI's Practice Platforms—interactive, structured, and designed to help you master programming effortlessly. CodeKata: A structured coding practice platform with 1500+ coding problems designed by industry experts. Ideal for beginners and professionals preparing for tech interviews with real-world coding challenges. Try Now > WebKata: An interactive platform to master HTML, CSS, JavaScript, and Bootstrap with a live coding environment. Perfect for hands-on web development practice without any setup. Try Now > SQLKata: A practice",200
https://www.guvi.in/courses/business-and-management/entrepreneurship-bootstrap-vs-fundraising,Best Entrepreneurship Course Online with Certification | GUVI,Course,3,"An interactive platform to master HTML, CSS, JavaScript, and Bootstrap with a live coding environment. Perfect for hands-on web development practice without any setup. Try Now > SQLKata: A practice ground for mastering SQL queries used in real-world applications. Write, optimize, and refine your queries to build strong database skills. Try Now > FixTheCode: Hone your bug-fixing skills with real-world debugging challenges in Python, C++, JavaScript, and Golang. More languages coming soon! Try Now > IDE: A free online compiler supporting 20+ programming languages with auto-complete, debugging, and AI-powered code generation—all in the cloud! Try Now > Leaderboard Climb the leaderboard as you earn Geekoins by learning and practicing! The top scorers get featured, making learning competitive and rewarding. Keep going—you could be next! Explore More Rewards Earn Geekoins by watching videos and practicing problems, then redeem them for exciting rewards. The more you engage, the more you win! Explore More Referral Love learning with HCL GUVI? Share it with friends! Invite them using your unique link or code and unlock exciting rewards—Amazon vouchers, iPhones, and more. A Win-Win. Explore More Profile Your HCL GUVI profile is your digital portfolio! Track progress, showcase skills, add projects, and build a resume.",200
https://www.guvi.in/courses/business-and-management/entrepreneurship-bootstrap-vs-fundraising,Best Entrepreneurship Course Online with Certification | GUVI,Course,4,"unlock exciting rewards—Amazon vouchers, iPhones, and more. A Win-Win. Explore More Profile Your HCL GUVI profile is your digital portfolio! Track progress, showcase skills, add projects, and build a resume. Keep it updated—opportunities await! Explore More That's It! You Are Ready! You're all set to dive into your learning journey with HCL GUVI. Explore, upskill, and make each step count—exciting possibilities awaits! close Thank you for Reaching us out Our team will reach you out within the next 24 hours. Explore all Programs ✕ Accelerate your Career Entrepreneurship - Bootstrap vs Fundraising Kickstart your journey as an entrepreneur from scratch with our online Entrepreneurship course. Learn the key aspects of entrepreneurship and gain deep insights into business funding strategies as a beginner. Learn through self-paced modules and earn a globally recognized certification. Enroll Now Join 2.0k geeks 4.4 2000+ enrolled 5 Hours of Recorded Content 4 Modules with Certifications English Language Only ₹1499 ₹ 2000 25.07 % OFF Enroll Now Professionals from Top Industries Learn from Us Course Overview Syllabus Course Requirements Certificate Recommended course FAQ Course Overview Take your entrepreneurial journey to the next level. This self-paced, online entrepreneurship course offers everything you need to make informed decisions about",200
https://www.guvi.in/courses/business-and-management/entrepreneurship-bootstrap-vs-fundraising,Best Entrepreneurship Course Online with Certification | GUVI,Course,5,"Course Requirements Certificate Recommended course FAQ Course Overview Take your entrepreneurial journey to the next level. This self-paced, online entrepreneurship course offers everything you need to make informed decisions about funding your startup, whether you choose to bootstrap or seek external investment. You'll start with foundational concepts of funding and entrepreneurship as you learn how to assess market size and project your startup's financial needs. Then, we’ll guide you step by step through advanced strategies like crafting compelling investor pitch decks, understanding valuation techniques, & negotiating with investors. As you progress, you’ll master lean operation planning, develop hands-on skills with financial templates, & gain confidence in your fundraising decisions. Plus, you’ll earn a globally recognized certification from an IIT-M & IIM-A incubated company, setting you apart in the competitive entrepreneurial landscape. Explore Our Industry-Aligned Curriculum Course Syllabus Expand all Beginner Module 25m total length Intermediate Module 39m total length Advanced Module 38m total length Expert Module 46m total length Course Requirements Basic understanding of business or entrepreneurship principles A willingness to learn and apply financial strategies Accelerate your Career Entrepreneurship - Bootstrap vs Fundraising Enroll Now Real Career Stories Powered By Upskilling "" Previously in IT services, I wanted to",200
https://www.guvi.in/courses/business-and-management/entrepreneurship-bootstrap-vs-fundraising,Best Entrepreneurship Course Online with Certification | GUVI,Course,6,"to learn and apply financial strategies Accelerate your Career Entrepreneurship - Bootstrap vs Fundraising Enroll Now Real Career Stories Powered By Upskilling "" Previously in IT services, I wanted to upgrade to a new field but didn’t know how. The trust I got from HCL GUVI was enormous; I quit my job and took HCL Guvi Courses. I’ve now been placed as a Data Scientist at AI Enterprise Software India Ltd. I’m feeling blessed and didn’t expect this level of help! "" S Sonia Kola Data scientist "" I wanted to make a career shift to IT, so I joined the HCL Guvi Courses. I interviewed with 10 companies and received 3 offers. I eventually accepted an offer from a product-based company and am currently working as a Software Developer at iQuanti India Pvt. Ltd. "" R Rakesh Software Developer "" My world changed after joining HCL GUVI. The Courses helped me to develop apps from scratch—a vital skill for any developer—and I worked on projects like GooglePay and YouTube clones. I was placed at a product-based company, Zest Money. If you want to upskill and join a product-based company, I highly recommend the HCL Guvi Courses. "" M Muntha",200
https://www.guvi.in/courses/business-and-management/entrepreneurship-bootstrap-vs-fundraising,Best Entrepreneurship Course Online with Certification | GUVI,Course,7,"clones. I was placed at a product-based company, Zest Money. If you want to upskill and join a product-based company, I highly recommend the HCL Guvi Courses. "" M Muntha Pawan Kumar Software Developer "" I enrolled in the UI/UX Design course at HCL GUVI to master the art of user-centric design. The course was brilliantly structured, moving from wireframing basics to high-fidelity prototyping and user testing. Learning tools like Figma and working on real-world case studies helped me a lot. "" S Shaik Ahmad Associate Product Manager Awards & Achievements HCL GUVI recognized as the Best Partner - Technology Training by Empire Forums. Awarded by ZEE Digital during ZEE National Achievers Awards 2022. Awarded by ENTREPRENEUR INDIA for having the best online personalized learning programs. HCL GUVI recognized as the ""Best GenAI Training Partner"" by UBS Forums For the most users to take an Artificial Intelligence lesson in 24 hours. HCL GUVI recognized as the ""Best Partner - New Hire Training"" by UBS Forums Broke the Record for most users taking an online computer programming lesson in 24 Hrs. Certification Industry-recognized Entrepreneurship - Bootstrap vs Fundraising Certificate Certificates are generated after the completion of course. Certificates are globally recognized",200
https://www.guvi.in/courses/business-and-management/entrepreneurship-bootstrap-vs-fundraising,Best Entrepreneurship Course Online with Certification | GUVI,Course,8,"users taking an online computer programming lesson in 24 Hrs. Certification Industry-recognized Entrepreneurship - Bootstrap vs Fundraising Certificate Certificates are generated after the completion of course. Certificates are globally recognized & they help Enhance your profile. More Courses related to Business and Management English 4.6 Business Intelligence Analyst 6 Hrs 2k+ Enrolled ₹1,499 English 4.8 Business Finance 5 Hrs 2k+ Enrolled ₹1,499 English 4.3 Business Communication 13 Hrs 2k+ Enrolled ₹2,499 English 4.4 SAP S/4 HANA 3 Hrs 2k+ Enrolled ₹1,499 English 5.0 Salesforce Course - Complete CRM & Cloud Training 6 Hrs 2k+ Enrolled ₹1,499 English 4.8 Corporate Financial Analyst 10 Hrs 2k+ Enrolled ₹2,499 English 5.0 Design Thinking 4 Hrs 2k+ Enrolled ₹1,499 English 5.0 Six Sigma 22 Hrs 2k+ Enrolled ₹2,499 View all courses Frequently Asked Questions Which course is best for entrepreneurs? − The best course for entrepreneurs depends on their goals and current skill level. Courses like Entrepreneurship (Bootstrap vs Fundraising) are ideal as they cover the full spectrum of startup funding strategies. This course offers insights into both bootstrapping and raising funds, giving you the tools to make informed financial decisions for your business. Is entrepreneurship a good course? + What is the difference",200
https://www.guvi.in/courses/business-and-management/entrepreneurship-bootstrap-vs-fundraising,Best Entrepreneurship Course Online with Certification | GUVI,Course,9,"offers insights into both bootstrapping and raising funds, giving you the tools to make informed financial decisions for your business. Is entrepreneurship a good course? + What is the difference between bootstrapping and fundraising? + How can I study entrepreneurship? + Is entrepreneurship easy? + Is entrepreneurship a good career? + Course Preview Entrepreneurship - Bootstrap vs Fundraising Master n8n AI Agents: Build & Sell AI Agents and Automations Free Sample Videos NOW PLAYING 12:26 Master n8n AI Agents: Build & Sell AI Agents and Automations Module 1 12:26 What is n8n? (Replace Zapier/Make with n8n) Module 2 1:40 4 Key Components of an AI Agent Module 3 8:15 Understanding AI Workflows Module 4 Enroll Now - ₹1499",118
https://www.guvi.in/courses/business-and-management/email-etiquette,Best Email Etiquette Course Online with Certification | GUVI,Course,0,"Best Email Etiquette Course Online with Certification GUVI LIVE Classes VLSI Design Programme New IIT Delhi certified AI & Machine Learning New Intel & IIT-M Pravartak certified Data Science IIT-M Pravartak certified Full Stack Development IIT-M Pravartak certified UI/UX Design HCL GUVI certified AI DevOps Program HCL GUVI certified Still Confused? Request a Callback Explore all Programs Courses Practice CodeKata Sharpen your coding skills, prepare for interviews WebKata Build basic frontend & backend development skills SQLKata Master SQL concepts in relational database management FixTheCode A series of programs curated by industry experts IDE - Online Compiler Run & test your code in any programming language Resources Free Resources Referral Success Stories Blogs Learn Hub Get The App Rewards Become an Affiliate Leaderboard What's New? Resume Builder Community Hub Our Products HackerKID Coding classes platform for K-12 children GUVI For Corporates Meet your Hiring & Training Needs Placement Preparation Ace Up your Aptitude Login Sign up Login Sign up LIVE Classes VLSI Design Programme New IIT Delhi certified AI & Machine Learning New Intel & IIT-M Pravartak certified Data Science IIT-M Pravartak certified Full Stack Development IIT-M Pravartak certified UI/UX Design HCL GUVI certified AI DevOps Program HCL GUVI certified Explore",200
https://www.guvi.in/courses/business-and-management/email-etiquette,Best Email Etiquette Course Online with Certification | GUVI,Course,1,"Learning New Intel & IIT-M Pravartak certified Data Science IIT-M Pravartak certified Full Stack Development IIT-M Pravartak certified UI/UX Design HCL GUVI certified AI DevOps Program HCL GUVI certified Explore all Programs Courses Practice CodeKata Sharpen your coding skills, prepare for interviews WebKata Build basic frontend & backend development skills SQLKata Master SQL concepts in relational database management FixTheCode A series of programs curated by industry experts IDE - Online Compiler Run & test your code in any programming language Resources Free Resources Referral Success Stories Blogs Learn Hub Get The App Rewards Become an Affiliate Leaderboard What's New? Resume Builder Community Hub Our Products HackerKID Coding classes platform for K-12 children GUVI For Corporates Meet your Hiring & Training Needs Placement Preparation Ace Up your Aptitude Still Confused? Request a Callback Welcome LIVE Classes Courses Practice Platforms Leaderboard Rewards Referral Profile Finish Welcome LIVE Classes Courses Practice Platforms Leaderboard Rewards Referral Profile Finish ✕ Welcome to HCL GUVI Hey there! Welcome to HCL GUVI—Grab Your Vernacular Imprint—where tech learning is easy, fun, and curated specially for you. Incubated by IIT Madras & IIM Ahmedabad in 2014 and now part of HCL Group, we're making quality tech education accessible to",200
https://www.guvi.in/courses/business-and-management/email-etiquette,Best Email Etiquette Course Online with Certification | GUVI,Course,2,"is easy, fun, and curated specially for you. Incubated by IIT Madras & IIM Ahmedabad in 2014 and now part of HCL Group, we're making quality tech education accessible to all. Join 3M+ learners breaking barriers and upskilling for a brighter future. We're here to guide you every step of the way! 🚀 LIVE Classes Zen Classes are HCL GUVI's most refined and flagship product—live, expert-led tech programs for beginners and pros. With IITM Pravartak affiliations, master Full-Stack, Data Science, DevOps, UI/UX, and more in multiple languages! Explore More Courses Looking for flexibility? HCL GUVI's 200+ self-paced courses let you learn anytime, anywhere! From free lessons to IIT-M & Autodesk-certified programs, gain in-demand skills in your preferred language. Explore More Practice Platforms Enhance your coding skills with HCL GUVI's Practice Platforms—interactive, structured, and designed to help you master programming effortlessly. CodeKata: A structured coding practice platform with 1500+ coding problems designed by industry experts. Ideal for beginners and professionals preparing for tech interviews with real-world coding challenges. Try Now > WebKata: An interactive platform to master HTML, CSS, JavaScript, and Bootstrap with a live coding environment. Perfect for hands-on web development practice without any setup. Try Now > SQLKata: A",200
https://www.guvi.in/courses/business-and-management/email-etiquette,Best Email Etiquette Course Online with Certification | GUVI,Course,3,"WebKata: An interactive platform to master HTML, CSS, JavaScript, and Bootstrap with a live coding environment. Perfect for hands-on web development practice without any setup. Try Now > SQLKata: A practice ground for mastering SQL queries used in real-world applications. Write, optimize, and refine your queries to build strong database skills. Try Now > FixTheCode: Hone your bug-fixing skills with real-world debugging challenges in Python, C++, JavaScript, and Golang. More languages coming soon! Try Now > IDE: A free online compiler supporting 20+ programming languages with auto-complete, debugging, and AI-powered code generation—all in the cloud! Try Now > Leaderboard Climb the leaderboard as you earn Geekoins by learning and practicing! The top scorers get featured, making learning competitive and rewarding. Keep going—you could be next! Explore More Rewards Earn Geekoins by watching videos and practicing problems, then redeem them for exciting rewards. The more you engage, the more you win! Explore More Referral Love learning with HCL GUVI? Share it with friends! Invite them using your unique link or code and unlock exciting rewards—Amazon vouchers, iPhones, and more. A Win-Win. Explore More Profile Your HCL GUVI profile is your digital portfolio! Track progress, showcase skills, add projects, and build a",200
https://www.guvi.in/courses/business-and-management/email-etiquette,Best Email Etiquette Course Online with Certification | GUVI,Course,4,"and unlock exciting rewards—Amazon vouchers, iPhones, and more. A Win-Win. Explore More Profile Your HCL GUVI profile is your digital portfolio! Track progress, showcase skills, add projects, and build a resume. Keep it updated—opportunities await! Explore More That's It! You Are Ready! You're all set to dive into your learning journey with HCL GUVI. Explore, upskill, and make each step count—exciting possibilities awaits! close Thank you for Reaching us out Our team will reach you out within the next 24 hours. Explore all Programs ✕ Accelerate your Career Email Etiquette Master email communication with our online etiquette course and global certification. Learn to craft concise, respectful, impactful emails with expert-curated templates. Enhance your business communication skills and ensure your messages are well-received. Enroll now to boost your email skills. Enroll Now Join 2.0k geeks 4.0 2000+ enrolled 4 Hours of Recorded Content 4 Modules with Certifications English Language Only ₹1499 ₹ 2000 25.06 % OFF Enroll Now Professionals from Top Industries Learn from Us Course Overview Syllabus Course Requirements Certificate Recommended course FAQ Course Overview Transform your email writing skills with this comprehensive online email etiquette certification course. Start with the basics and learn the fundamental concepts of email and",200
https://www.guvi.in/courses/business-and-management/email-etiquette,Best Email Etiquette Course Online with Certification | GUVI,Course,5,"Recommended course FAQ Course Overview Transform your email writing skills with this comprehensive online email etiquette certification course. Start with the basics and learn the fundamental concepts of email and the universal principles of etiquette that govern effective email communication. Explore the impact of well-crafted emails and learn the essential dos and don'ts that every professional should know. Dive into effective email writing techniques, exploring different types of emails and the strategic use of email templates provided for various professional scenarios. Learn to tailor your tone and style to different audiences, ensuring clarity and respect in every interaction through practical examples and interactive content. By the end of this course, you will navigate complex email exchanges, manage professional relationships via email, and craft clear, respectful, and impactful messages. Ultimately, you'll receive a globally recognized skill certification enhancing your professional profile and job prospects. Explore Our Industry-Aligned Curriculum Course Syllabus Expand all Beginner Module 23m total length Intermediate Module 52m total length Advanced Module 36m total length Expert Module 26m total length Course Requirements Basic understanding of communicative English. Desire to improve email writing skills and etiquette. Accelerate your Career Email Etiquette Enroll Now Real Career Stories Powered By Upskilling """,200
https://www.guvi.in/courses/business-and-management/email-etiquette,Best Email Etiquette Course Online with Certification | GUVI,Course,6,"length Course Requirements Basic understanding of communicative English. Desire to improve email writing skills and etiquette. Accelerate your Career Email Etiquette Enroll Now Real Career Stories Powered By Upskilling "" Previously in IT services, I wanted to upgrade to a new field but didn’t know how. The trust I got from HCL GUVI was enormous; I quit my job and took HCL Guvi Courses. I’ve now been placed as a Data Scientist at AI Enterprise Software India Ltd. I’m feeling blessed and didn’t expect this level of help! "" S Sonia Kola Data scientist "" I wanted to make a career shift to IT, so I joined the HCL Guvi Courses. I interviewed with 10 companies and received 3 offers. I eventually accepted an offer from a product-based company and am currently working as a Software Developer at iQuanti India Pvt. Ltd. "" R Rakesh Software Developer "" My world changed after joining HCL GUVI. The Courses helped me to develop apps from scratch—a vital skill for any developer—and I worked on projects like GooglePay and YouTube clones. I was placed at a product-based company, Zest Money. If you want to upskill and join a product-based company, I highly recommend",200
https://www.guvi.in/courses/business-and-management/email-etiquette,Best Email Etiquette Course Online with Certification | GUVI,Course,7,"worked on projects like GooglePay and YouTube clones. I was placed at a product-based company, Zest Money. If you want to upskill and join a product-based company, I highly recommend the HCL Guvi Courses. "" M Muntha Pawan Kumar Software Developer "" I enrolled in the UI/UX Design course at HCL GUVI to master the art of user-centric design. The course was brilliantly structured, moving from wireframing basics to high-fidelity prototyping and user testing. Learning tools like Figma and working on real-world case studies helped me a lot. "" S Shaik Ahmad Associate Product Manager Awards & Achievements HCL GUVI recognized as the Best Partner - Technology Training by Empire Forums. Awarded by ZEE Digital during ZEE National Achievers Awards 2022. Awarded by ENTREPRENEUR INDIA for having the best online personalized learning programs. HCL GUVI recognized as the ""Best GenAI Training Partner"" by UBS Forums For the most users to take an Artificial Intelligence lesson in 24 hours. HCL GUVI recognized as the ""Best Partner - New Hire Training"" by UBS Forums Broke the Record for most users taking an online computer programming lesson in 24 Hrs. Certification Industry-recognized Email Etiquette Certificate Certificates are generated after the completion of course.",200
https://www.guvi.in/courses/business-and-management/email-etiquette,Best Email Etiquette Course Online with Certification | GUVI,Course,8,"UBS Forums Broke the Record for most users taking an online computer programming lesson in 24 Hrs. Certification Industry-recognized Email Etiquette Certificate Certificates are generated after the completion of course. Certificates are globally recognized & they help Enhance your profile. More Courses related to Business and Management English 4.6 Business Intelligence Analyst 6 Hrs 2k+ Enrolled ₹1,499 English 4.8 Business Finance 5 Hrs 2k+ Enrolled ₹1,499 English 4.3 Business Communication 13 Hrs 2k+ Enrolled ₹2,499 English 4.7 Advanced Business Finance 11 Hrs 2k+ Enrolled ₹2,499 English 4.4 SAP S/4 HANA 3 Hrs 2k+ Enrolled ₹1,499 English 5.0 Salesforce Course - Complete CRM & Cloud Training 6 Hrs 2k+ Enrolled ₹1,499 English 4.8 Corporate Financial Analyst 10 Hrs 2k+ Enrolled ₹2,499 English 5.0 Design Thinking 4 Hrs 2k+ Enrolled ₹1,499 View all courses Frequently Asked Questions What is an email etiquette course? − An email etiquette course teaches the principles and practices for writing professional emails. It covers various aspects like tone, format, and appropriate language to ensure clear and respectful communication. How do you practice email etiquette? + Should I learn Email Etiquette? + Is email etiquette a skill? + How long does it take to learn Email Etiquette? +",200
https://www.guvi.in/courses/business-and-management/email-etiquette,Best Email Etiquette Course Online with Certification | GUVI,Course,9,communication. How do you practice email etiquette? + Should I learn Email Etiquette? + Is email etiquette a skill? + How long does it take to learn Email Etiquette? + Course Preview Email Etiquette Master n8n AI Agents: Build & Sell AI Agents and Automations Free Sample Videos NOW PLAYING 12:26 Master n8n AI Agents: Build & Sell AI Agents and Automations Module 1 12:26 What is n8n? (Replace Zapier/Make with n8n) Module 2 1:40 4 Key Components of an AI Agent Module 3 8:15 Understanding AI Workflows Module 4 Enroll Now - ₹1499,94
https://www.guvi.in/courses/security/introduction-to-dark-web,Introduction to Dark Web Online Course with Certification,Course,0,"Introduction to Dark Web Online Course with Certification LIVE Classes VLSI Design Programme New IIT Delhi certified AI & Machine Learning New Intel & IIT-M Pravartak certified Data Science IIT-M Pravartak certified Full Stack Development IIT-M Pravartak certified UI/UX Design HCL GUVI certified AI DevOps Program HCL GUVI certified Still Confused? Request a Callback Explore all Programs Courses Practice CodeKata Sharpen your coding skills, prepare for interviews WebKata Build basic frontend & backend development skills SQLKata Master SQL concepts in relational database management FixTheCode A series of programs curated by industry experts IDE - Online Compiler Run & test your code in any programming language Resources Free Resources Referral Success Stories Blogs Learn Hub Get The App Rewards Become an Affiliate Leaderboard What's New? Resume Builder Community Hub Our Products HackerKID Coding classes platform for K-12 children GUVI For Corporates Meet your Hiring & Training Needs Placement Preparation Ace Up your Aptitude Login Sign up Login Sign up LIVE Classes VLSI Design Programme New IIT Delhi certified AI & Machine Learning New Intel & IIT-M Pravartak certified Data Science IIT-M Pravartak certified Full Stack Development IIT-M Pravartak certified UI/UX Design HCL GUVI certified AI DevOps Program HCL GUVI certified Explore",200
https://www.guvi.in/courses/security/introduction-to-dark-web,Introduction to Dark Web Online Course with Certification,Course,1,"Learning New Intel & IIT-M Pravartak certified Data Science IIT-M Pravartak certified Full Stack Development IIT-M Pravartak certified UI/UX Design HCL GUVI certified AI DevOps Program HCL GUVI certified Explore all Programs Courses Practice CodeKata Sharpen your coding skills, prepare for interviews WebKata Build basic frontend & backend development skills SQLKata Master SQL concepts in relational database management FixTheCode A series of programs curated by industry experts IDE - Online Compiler Run & test your code in any programming language Resources Free Resources Referral Success Stories Blogs Learn Hub Get The App Rewards Become an Affiliate Leaderboard What's New? Resume Builder Community Hub Our Products HackerKID Coding classes platform for K-12 children GUVI For Corporates Meet your Hiring & Training Needs Placement Preparation Ace Up your Aptitude Still Confused? Request a Callback Welcome LIVE Classes Courses Practice Platforms Leaderboard Rewards Referral Profile Finish Welcome LIVE Classes Courses Practice Platforms Leaderboard Rewards Referral Profile Finish ✕ Welcome to HCL GUVI Hey there! Welcome to HCL GUVI—Grab Your Vernacular Imprint—where tech learning is easy, fun, and curated specially for you. Incubated by IIT Madras & IIM Ahmedabad in 2014 and now part of HCL Group, we're making quality tech education accessible to",200
https://www.guvi.in/courses/security/introduction-to-dark-web,Introduction to Dark Web Online Course with Certification,Course,2,"is easy, fun, and curated specially for you. Incubated by IIT Madras & IIM Ahmedabad in 2014 and now part of HCL Group, we're making quality tech education accessible to all. Join 3M+ learners breaking barriers and upskilling for a brighter future. We're here to guide you every step of the way! 🚀 LIVE Classes Zen Classes are HCL GUVI's most refined and flagship product—live, expert-led tech programs for beginners and pros. With IITM Pravartak affiliations, master Full-Stack, Data Science, DevOps, UI/UX, and more in multiple languages! Explore More Courses Looking for flexibility? HCL GUVI's 200+ self-paced courses let you learn anytime, anywhere! From free lessons to IIT-M & Autodesk-certified programs, gain in-demand skills in your preferred language. Explore More Practice Platforms Enhance your coding skills with HCL GUVI's Practice Platforms—interactive, structured, and designed to help you master programming effortlessly. CodeKata: A structured coding practice platform with 1500+ coding problems designed by industry experts. Ideal for beginners and professionals preparing for tech interviews with real-world coding challenges. Try Now > WebKata: An interactive platform to master HTML, CSS, JavaScript, and Bootstrap with a live coding environment. Perfect for hands-on web development practice without any setup. Try Now > SQLKata: A",200
https://www.guvi.in/courses/security/introduction-to-dark-web,Introduction to Dark Web Online Course with Certification,Course,3,"WebKata: An interactive platform to master HTML, CSS, JavaScript, and Bootstrap with a live coding environment. Perfect for hands-on web development practice without any setup. Try Now > SQLKata: A practice ground for mastering SQL queries used in real-world applications. Write, optimize, and refine your queries to build strong database skills. Try Now > FixTheCode: Hone your bug-fixing skills with real-world debugging challenges in Python, C++, JavaScript, and Golang. More languages coming soon! Try Now > IDE: A free online compiler supporting 20+ programming languages with auto-complete, debugging, and AI-powered code generation—all in the cloud! Try Now > Leaderboard Climb the leaderboard as you earn Geekoins by learning and practicing! The top scorers get featured, making learning competitive and rewarding. Keep going—you could be next! Explore More Rewards Earn Geekoins by watching videos and practicing problems, then redeem them for exciting rewards. The more you engage, the more you win! Explore More Referral Love learning with HCL GUVI? Share it with friends! Invite them using your unique link or code and unlock exciting rewards—Amazon vouchers, iPhones, and more. A Win-Win. Explore More Profile Your HCL GUVI profile is your digital portfolio! Track progress, showcase skills, add projects, and build a",200
https://www.guvi.in/courses/security/introduction-to-dark-web,Introduction to Dark Web Online Course with Certification,Course,4,"and unlock exciting rewards—Amazon vouchers, iPhones, and more. A Win-Win. Explore More Profile Your HCL GUVI profile is your digital portfolio! Track progress, showcase skills, add projects, and build a resume. Keep it updated—opportunities await! Explore More That's It! You Are Ready! You're all set to dive into your learning journey with HCL GUVI. Explore, upskill, and make each step count—exciting possibilities awaits! close Thank you for Reaching us out Our team will reach you out within the next 24 hours. Explore all Programs ✕ Accelerate your Career Introduction to Dark Web This dark web course gives learners a clear, structured understanding of how the dark web works, covering Tor, anonymity networks, cryptocurrencies, security practices, legal boundaries, and real-world use cases. It stands out for its balanced focus on technology, ethics, and safe, responsible exploration. Enroll Now Join 2.0k geeks 5.0 2000+ enrolled 4 Hours of Recorded Content 4 Modules with Certifications English Language Only ₹1499 ₹ 2000 25.04 % OFF Enroll Now Professionals from Top Industries Learn from Us Course Overview Syllabus Course Requirements Certificate Recommended course FAQ Course Overview The Introduction to the Dark Web course is designed for learners who want to learn dark web concepts with",200
https://www.guvi.in/courses/security/introduction-to-dark-web,Introduction to Dark Web Online Course with Certification,Course,5,"Course Overview Syllabus Course Requirements Certificate Recommended course FAQ Course Overview The Introduction to the Dark Web course is designed for learners who want to learn dark web concepts with clarity, context, and responsibility. This course explains how the dark web operates beyond the surface internet, breaking down its architecture, anonymity networks like Tor, digital payments, and privacy technologies in a structured way. Students gain practical understanding of how information, communication, and marketplaces function, along with the risks involved and how they are monitored. What sets this course apart is its balanced approach. It combines technical foundations with legal, ethical, and cybersecurity perspectives, helping learners understand both use cases and misuse scenarios. The course also explores real-world applications such as research, threat intelligence, and privacy protection for journalists and activists. By the end, students walk away with informed awareness, practical knowledge, and responsible usage insights. Explore Our Industry-Aligned Curriculum Course Syllabus Expand all Beginner Module 43m total length Intermediate Module 30m total length Advanced Module 1h 33m total length Expert Module 1h 18m total length Course Requirements Basic internet knowledge and curiosity about online privacy technologies Willingness to learn ethical, legal, and responsible dark web usage Accelerate your Career Introduction",200
https://www.guvi.in/courses/security/introduction-to-dark-web,Introduction to Dark Web Online Course with Certification,Course,6,"Module 1h 18m total length Course Requirements Basic internet knowledge and curiosity about online privacy technologies Willingness to learn ethical, legal, and responsible dark web usage Accelerate your Career Introduction to Dark Web Enroll Now Real Career Stories Powered By Upskilling "" Previously in IT services, I wanted to upgrade to a new field but didn’t know how. The trust I got from HCL GUVI was enormous; I quit my job and took HCL Guvi Courses. I’ve now been placed as a Data Scientist at AI Enterprise Software India Ltd. I’m feeling blessed and didn’t expect this level of help! "" S Sonia Kola Data scientist "" I wanted to make a career shift to IT, so I joined the HCL Guvi Courses. I interviewed with 10 companies and received 3 offers. I eventually accepted an offer from a product-based company and am currently working as a Software Developer at iQuanti India Pvt. Ltd. "" R Rakesh Software Developer "" My world changed after joining HCL GUVI. The Courses helped me to develop apps from scratch—a vital skill for any developer—and I worked on projects like GooglePay and YouTube clones. I was placed at a product-based company, Zest Money. If",200
https://www.guvi.in/courses/security/introduction-to-dark-web,Introduction to Dark Web Online Course with Certification,Course,7,"me to develop apps from scratch—a vital skill for any developer—and I worked on projects like GooglePay and YouTube clones. I was placed at a product-based company, Zest Money. If you want to upskill and join a product-based company, I highly recommend the HCL Guvi Courses. "" M Muntha Pawan Kumar Software Developer "" I enrolled in the UI/UX Design course at HCL GUVI to master the art of user-centric design. The course was brilliantly structured, moving from wireframing basics to high-fidelity prototyping and user testing. Learning tools like Figma and working on real-world case studies helped me a lot. "" S Shaik Ahmad Associate Product Manager Awards & Achievements HCL GUVI recognized as the Best Partner - Technology Training by Empire Forums. Awarded by ZEE Digital during ZEE National Achievers Awards 2022. Awarded by ENTREPRENEUR INDIA for having the best online personalized learning programs. HCL GUVI recognized as the ""Best GenAI Training Partner"" by UBS Forums For the most users to take an Artificial Intelligence lesson in 24 hours. HCL GUVI recognized as the ""Best Partner - New Hire Training"" by UBS Forums Broke the Record for most users taking an online computer programming lesson in 24 Hrs. Certification",200
https://www.guvi.in/courses/security/introduction-to-dark-web,Introduction to Dark Web Online Course with Certification,Course,8,"HCL GUVI recognized as the ""Best Partner - New Hire Training"" by UBS Forums Broke the Record for most users taking an online computer programming lesson in 24 Hrs. Certification Industry-recognized Introduction to Dark Web Certificate Certificates are generated after the completion of course. Certificates are globally recognized & they help Enhance your profile. More Courses related to Security English 4.3 Advanced Cyber Security and Ethical Hacking Course - Security Expert Training 7 Hrs 3.6k+ Enrolled ₹999 English 4.2 Cyber Security and Ethical Hacking for Beginners - Cyber Security Course 8 Hrs 13.1k+ Enrolled ₹1,499 English 4.4 Ethical Hacking for Beginners: Cybersecurity & Penetration Testing Basics 3 Hrs 3.5k+ Enrolled Free Pay for Certification! English 4.5 Cyber Security for Beginners - Introduction to Cyber Security 8 Hrs 2k+ Enrolled ₹5,000 English 4.8 Advanced Ethical Hacking Course - Penetration Testing and Cyber Security 8 Hrs 2k+ Enrolled ₹5,000 English 4.8 Mobile Application Security - App Security and Vulnerability Testing Course 10 Hrs 2k+ Enrolled ₹5,000 English 4.3 Data Recovery Course - Data Retrieval and Digital Forensics Basics 9 Hrs 2k+ Enrolled ₹999 Tamil 4.0 Mobile Hacking in Tamil 9 Hrs 2k+ Enrolled ₹1,499 View all courses Frequently Asked Questions Who introduced",200
https://www.guvi.in/courses/security/introduction-to-dark-web,Introduction to Dark Web Online Course with Certification,Course,9,"Data Retrieval and Digital Forensics Basics 9 Hrs 2k+ Enrolled ₹999 Tamil 4.0 Mobile Hacking in Tamil 9 Hrs 2k+ Enrolled ₹1,499 View all courses Frequently Asked Questions Who introduced the dark web? − The dark web emerged from research projects focused on anonymous communication, most notably initiatives supported by the U.S. Naval Research Laboratory, which later led to the Tor network. What is the dark web? + How is the dark web different from the deep web? + Is darkweb legal? + What is the dark web used for? + What is an example of a dark web? + What risks or dangers should beginners know about the dark web? + Does learning about the dark web help in cybersecurity careers? + Course Preview Introduction to Dark Web Master n8n AI Agents: Build & Sell AI Agents and Automations Free Sample Videos NOW PLAYING 12:26 Master n8n AI Agents: Build & Sell AI Agents and Automations Module 1 12:26 What is n8n? (Replace Zapier/Make with n8n) Module 2 1:40 4 Key Components of an AI Agent Module 3 8:15 Understanding AI Workflows Module 4 Enroll Now - ₹1499",189
https://www.guvi.in/zen-class/data-science-course/,Data Science Course With Placement | Zen Class | HCL GUVI,Live Program,0,"Data Science Course With Placement Zen Class HCL GUVI Career Transition Syllabus Mentors Tools & Projects Certification Pricing FAQs Apply Now Advanced Data Science & Generative AI Program Learn from the best, build real-world projects, and get placement-ready for a successful data science career! 4.4 3k+ Reviews 4.5M+ Learners Upskilled 1000+ Hiring Partners Live Online Classes Expert Mentors 1:1 Doubt Sessions 6 Months For weekday and weekend English, Hindi, Telugu & தமிழ் Learn in Your Own Language Placement Assistance Apply now to Unlock Offer! Name Email 🇮🇳 +91 🇦🇫 Afghanistan +93 🇦🇽 Aland Islands +358-18 🇦🇱 Albania +355 🇩🇿 Algeria +213 🇦🇸 American Samoa +1-684 🇦🇩 Andorra +376 🇦🇴 Angola +244 🇦🇮 Anguilla +1-264 🇦🇶 Antarctica +672 🇦🇬 Antigua And Barbuda +1-268 🇦🇷 Argentina +54 🇦🇲 Armenia +374 🇦🇼 Aruba +297 🇦🇺 Australia +61 🇦🇹 Austria +43 🇦🇿 Azerbaijan +994 🇧🇭 Bahrain +973 🇧🇩 Bangladesh +880 🇧🇧 Barbados +1-246 🇧🇾 Belarus +375 🇧🇪 Belgium +32 🇧🇿 Belize +501 🇧🇯 Benin +229 🇧🇲 Bermuda +1-441 🇧🇹 Bhutan +975 🇧🇴 Bolivia +591 🇧🇶 Bonaire, Sint Eustatius and Saba +599 🇧🇦 Bosnia and Herzegovina +387 🇧🇼 Botswana +267 🇧🇻 Bouvet Island +0055 🇧🇷 Brazil +55 🇮🇴 British Indian Ocean Territory +246 🇧🇳 Brunei",200
https://www.guvi.in/zen-class/data-science-course/,Data Science Course With Placement | Zen Class | HCL GUVI,Live Program,1,"🇧🇶 Bonaire, Sint Eustatius and Saba +599 🇧🇦 Bosnia and Herzegovina +387 🇧🇼 Botswana +267 🇧🇻 Bouvet Island +0055 🇧🇷 Brazil +55 🇮🇴 British Indian Ocean Territory +246 🇧🇳 Brunei +673 🇧🇬 Bulgaria +359 🇧🇫 Burkina Faso +226 🇧🇮 Burundi +257 🇰🇭 Cambodia +855 🇨🇲 Cameroon +237 🇨🇦 Canada +1 🇨🇻 Cape Verde +238 🇰🇾 Cayman Islands +1-345 🇨🇫 Central African Republic +236 🇹🇩 Chad +235 🇨🇱 Chile +56 🇨🇳 China +86 🇨🇽 Christmas Island +61 🇨🇨 Cocos (Keeling) Islands +61 🇨🇴 Colombia +57 🇰🇲 Comoros +269 🇨🇬 Congo +242 🇨🇰 Cook Islands +682 🇨🇷 Costa Rica +506 🇨🇮 Cote D'Ivoire (Ivory Coast) +225 🇭🇷 Croatia +385 🇨🇺 Cuba +53 🇨🇼 Curaçao +599 🇨🇾 Cyprus +357 🇨🇿 Czech Republic +420 🇨🇩 Democratic Republic of the Congo +243 🇩🇰 Denmark +45 🇩🇯 Djibouti +253 🇩🇲 Dominica +1-767 🇩🇴 Dominican Republic +1-809 and 1-829 🇹🇱 East Timor +670 🇪🇨 Ecuador +593 🇪🇬 Egypt +20 🇸🇻 El Salvador +503 🇬🇶 Equatorial Guinea +240 🇪🇷 Eritrea +291 🇪🇪 Estonia +372 🇪🇹 Ethiopia +251 🇫🇰 Falkland Islands +500 🇫🇴 Faroe Islands +298 🇫🇯 Fiji Islands +679 🇫🇮 Finland +358 🇫🇷 France +33 🇬🇫 French Guiana +594 🇵🇫 French Polynesia +689 🇹🇫 French Southern Territories +262",200
https://www.guvi.in/zen-class/data-science-course/,Data Science Course With Placement | Zen Class | HCL GUVI,Live Program,2,Falkland Islands +500 🇫🇴 Faroe Islands +298 🇫🇯 Fiji Islands +679 🇫🇮 Finland +358 🇫🇷 France +33 🇬🇫 French Guiana +594 🇵🇫 French Polynesia +689 🇹🇫 French Southern Territories +262 🇬🇦 Gabon +241 🇬🇲 Gambia The +220 🇬🇪 Georgia +995 🇩🇪 Germany +49 🇬🇭 Ghana +233 🇬🇮 Gibraltar +350 🇬🇷 Greece +30 🇬🇱 Greenland +299 🇬🇩 Grenada +1-473 🇬🇵 Guadeloupe +590 🇬🇺 Guam +1-671 🇬🇹 Guatemala +502 🇬🇬 Guernsey and Alderney +44-1481 🇬🇳 Guinea +224 🇬🇼 Guinea-Bissau +245 🇬🇾 Guyana +592 🇭🇹 Haiti +509 🇭🇲 Heard Island and McDonald Islands +672 🇭🇳 Honduras +504 🇭🇰 Hong Kong S.A.R. +852 🇭🇺 Hungary +36 🇮🇸 Iceland +354 🇮🇳 India +91 🇮🇩 Indonesia +62 🇮🇷 Iran +98 🇮🇶 Iraq +964 🇮🇪 Ireland +353 🇮🇱 Israel +972 🇮🇹 Italy +39 🇯🇲 Jamaica +1-876 🇯🇵 Japan +81 🇯🇪 Jersey +44-1534 🇯🇴 Jordan +962 🇰🇿 Kazakhstan +7 🇰🇪 Kenya +254 🇰🇮 Kiribati +686 🇽🇰 Kosovo +383 🇰🇼 Kuwait +965 🇰🇬 Kyrgyzstan +996 🇱🇦 Laos +856 🇱🇻 Latvia +371 🇱🇧 Lebanon +961 🇱🇸 Lesotho +266 🇱🇷 Liberia +231 🇱🇾 Libya +218 🇱🇮 Liechtenstein +423 🇱🇹 Lithuania +370 🇱🇺 Luxembourg +352 🇲🇴 Macau S.A.R. +853 🇲🇰 Macedonia +389 🇲🇬 Madagascar +261 🇲🇼 Malawi +265 🇲🇾 Malaysia +60 🇲🇻,200
https://www.guvi.in/zen-class/data-science-course/,Data Science Course With Placement | Zen Class | HCL GUVI,Live Program,3,+231 🇱🇾 Libya +218 🇱🇮 Liechtenstein +423 🇱🇹 Lithuania +370 🇱🇺 Luxembourg +352 🇲🇴 Macau S.A.R. +853 🇲🇰 Macedonia +389 🇲🇬 Madagascar +261 🇲🇼 Malawi +265 🇲🇾 Malaysia +60 🇲🇻 Maldives +960 🇲🇱 Mali +223 🇲🇹 Malta +356 🇮🇲 Man (Isle of) +44-1624 🇲🇭 Marshall Islands +692 🇲🇶 Martinique +596 🇲🇷 Mauritania +222 🇲🇺 Mauritius +230 🇾🇹 Mayotte +262 🇲🇽 Mexico +52 🇫🇲 Micronesia +691 🇲🇩 Moldova +373 🇲🇨 Monaco +377 🇲🇳 Mongolia +976 🇲🇪 Montenegro +382 🇲🇸 Montserrat +1-664 🇲🇦 Morocco +212 🇲🇿 Mozambique +258 🇲🇲 Myanmar +95 🇳🇦 Namibia +264 🇳🇷 Nauru +674 🇳🇵 Nepal +977 🇳🇱 Netherlands +31 🇳🇨 New Caledonia +687 🇳🇿 New Zealand +64 🇳🇮 Nicaragua +505 🇳🇪 Niger +227 🇳🇬 Nigeria +234 🇳🇺 Niue +683 🇳🇫 Norfolk Island +672 🇰🇵 North Korea +850 🇲🇵 Northern Mariana Islands +1-670 🇳🇴 Norway +47 🇴🇲 Oman +968 🇵🇰 Pakistan +92 🇵🇼 Palau +680 🇵🇸 Palestinian Territory Occupied +970 🇵🇦 Panama +507 🇵🇬 Papua new Guinea +675 🇵🇾 Paraguay +595 🇵🇪 Peru +51 🇵🇭 Philippines +63 🇵🇳 Pitcairn Island +870 🇵🇱 Poland +48 🇵🇹 Portugal +351 🇵🇷 Puerto Rico +1-787 and 1-939 🇶🇦 Qatar +974 🇷🇪 Reunion +262 🇷🇴 Romania +40 🇷🇺 Russia +7 🇷🇼 Rwanda +250 🇸🇭,200
https://www.guvi.in/zen-class/data-science-course/,Data Science Course With Placement | Zen Class | HCL GUVI,Live Program,4,Island +870 🇵🇱 Poland +48 🇵🇹 Portugal +351 🇵🇷 Puerto Rico +1-787 and 1-939 🇶🇦 Qatar +974 🇷🇪 Reunion +262 🇷🇴 Romania +40 🇷🇺 Russia +7 🇷🇼 Rwanda +250 🇸🇭 Saint Helena +290 🇰🇳 Saint Kitts And Nevis +1-869 🇱🇨 Saint Lucia +1-758 🇵🇲 Saint Pierre and Miquelon +508 🇻🇨 Saint Vincent And The Grenadines +1-784 🇧🇱 Saint-Barthelemy +590 🇲🇫 Saint-Martin (French part) +590 🇼🇸 Samoa +685 🇸🇲 San Marino +378 🇸🇹 Sao Tome and Principe +239 🇸🇦 Saudi Arabia +966 🇸🇳 Senegal +221 🇷🇸 Serbia +381 🇸🇨 Seychelles +248 🇸🇱 Sierra Leone +232 🇸🇬 Singapore +65 🇸🇽 Sint Maarten (Dutch part) +1721 🇸🇰 Slovakia +421 🇸🇮 Slovenia +386 🇸🇧 Solomon Islands +677 🇸🇴 Somalia +252 🇿🇦 South Africa +27 🇬🇸 South Georgia +500 🇰🇷 South Korea +82 🇸🇸 South Sudan +211 🇪🇸 Spain +34 🇱🇰 Sri Lanka +94 🇸🇩 Sudan +249 🇸🇷 Suriname +597 🇸🇯 Svalbard And Jan Mayen Islands +47 🇸🇿 Swaziland +268 🇸🇪 Sweden +46 🇨🇭 Switzerland +41 🇸🇾 Syria +963 🇹🇼 Taiwan +886 🇹🇯 Tajikistan +992 🇹🇿 Tanzania +255 🇹🇭 Thailand +66 🇧🇸 The Bahamas +1-242 🇹🇬 Togo +228 🇹🇰 Tokelau +690 🇹🇴 Tonga +676 🇹🇹 Trinidad And Tobago +1-868 🇹🇳 Tunisia +216 🇹🇷 Turkey +90,200
https://www.guvi.in/zen-class/data-science-course/,Data Science Course With Placement | Zen Class | HCL GUVI,Live Program,5,🇹🇿 Tanzania +255 🇹🇭 Thailand +66 🇧🇸 The Bahamas +1-242 🇹🇬 Togo +228 🇹🇰 Tokelau +690 🇹🇴 Tonga +676 🇹🇹 Trinidad And Tobago +1-868 🇹🇳 Tunisia +216 🇹🇷 Turkey +90 🇹🇲 Turkmenistan +993 🇹🇨 Turks And Caicos Islands +1-649 🇹🇻 Tuvalu +688 🇺🇬 Uganda +256 🇺🇦 Ukraine +380 🇦🇪 United Arab Emirates +971 🇬🇧 United Kingdom +44 🇺🇸 United States +1 🇺🇲 United States Minor Outlying Islands +1 🇺🇾 Uruguay +598 🇺🇿 Uzbekistan +998 🇻🇺 Vanuatu +678 🇻🇦 Vatican City State (Holy See) +379 🇻🇪 Venezuela +58 🇻🇳 Vietnam +84 🇻🇬 Virgin Islands (British) +1-284 🇻🇮 Virgin Islands (US) +1-340 🇼🇫 Wallis And Futuna Islands +681 🇪🇭 Western Sahara +212 🇾🇪 Yemen +967 🇿🇲 Zambia +260 🇿🇼 Zimbabwe +263 Mobile Number Education Qualification Engineering Degree (CS / IT / ECE / EEE) Engineering Degree (Mech / Civil / Others) Non-Engineering Degree (B.Sc / B.Com / BCA / MBA / M.Sc / Others) ITI / Diploma HSC / SSC Education Qualification Current Profile Working in Non IT Industry Working in IT Industry Student Graduated and Looking for a Career Current Profile Year of Graduation 2027 2028 2029 2030 2031 Year of Graduation Speaking Language English Tamil Hindi Telugu Kannada Malayalam Others,200
https://www.guvi.in/zen-class/data-science-course/,Data Science Course With Placement | Zen Class | HCL GUVI,Live Program,6,"Industry Student Graduated and Looking for a Career Current Profile Year of Graduation 2027 2028 2029 2030 2031 Year of Graduation Speaking Language English Tamil Hindi Telugu Kannada Malayalam Others Speaking Language Have a Coupon code? Redeem Coupon Code Cancel Redeem Remove Redeemed Successfully! Apply Now By registering, I agree to be contacted via phone, SMS, or email for offers & products, even if I am on a DNC/NDNC list Become an AI ready Data Scientist in just 6 months! 🚀 Syllabus Apply Now Our Students Get Hired by Top Companies Join a community of learners building impactful careers in Data Science. Fresher Data Scientist Fresher Data Engineer Fresher Data Analyst Fresher Digital Specialist Engineer Fresher Data Analyst Fresher Data Engineer Become a Future-Ready Data Scientist in the Era of Generative AI 16+ Curriculum Modules Live Sessions Learn in English, Hindi, Telugu & தமிழ் 10+ Projects & Case Studies Placement Assistance & Mock Interviews EMI Starts at ₹11,585 Data Science Careers Are Expanding Faster Than Ever The rise of AI-powered analytics, intelligent automation, recommendation systems, and generative AI is opening up high-growth opportunities across technology, banking, healthcare, e-commerce, retail, and enterprise business operations ₹15LPA Average Annual Salary Source: Ambitionbox Massive",200
https://www.guvi.in/zen-class/data-science-course/,Data Science Course With Placement | Zen Class | HCL GUVI,Live Program,7,"analytics, intelligent automation, recommendation systems, and generative AI is opening up high-growth opportunities across technology, banking, healthcare, e-commerce, retail, and enterprise business operations ₹15LPA Average Annual Salary Source: Ambitionbox Massive Industry Demand for Data Science & AI Talent 35% CAGR in India's Data Science Market 35% CAGR in India’s Data Science Market Businesses across industries are rapidly investing in AI, predictive analytics, and data-driven decision-making. Source: Industry Reports & Analytics Market Studies 1.5M+ Data-Related Jobs Expected by 2026 1.5M+ Data-Related Jobs Expected by 2026 Demand for Data Scientists, ML Engineers, and Analytics professionals continues to grow across India. Source: NASSCOM & LinkedIn Reports 52% Growth in Analytics Job Demand in India 52% Growth in Analytics Job Demand in India Companies are actively hiring professionals skilled in data analytics, AI, and business intelligence tools. Source: Global Skills Economy Report & LinkedIn Insights Hired by the Best: Where Our Alumni Work multicoreware urbanrise integra Xerago TIMS Ramco AI QoD multicoreware urbanrise integra Xerago TIMS Ramco AI QoD multicoreware urbanrise integra Xerago multicoreware urbanrise integra Xerago Xerago TIMS Ramco AI QoD Xerago TIMS Ramco AI QoD Your Complete Data Science & Generative AI Roadmap Build strong foundations in programming, analytics, machine learning, deep",200
https://www.guvi.in/zen-class/data-science-course/,Data Science Course With Placement | Zen Class | HCL GUVI,Live Program,8,"urbanrise integra Xerago Xerago TIMS Ramco AI QoD Xerago TIMS Ramco AI QoD Your Complete Data Science & Generative AI Roadmap Build strong foundations in programming, analytics, machine learning, deep learning, NLP, MLOps, and Generative AI through a structured, industry-focused curriculum designed for modern data careers. Module 1 Module 2 Module 3 Module 4 Module 5 Module 6 Module 7 Module 8 Module 9 Module 10 Module 11 Module 12 Module 13 Module 14 Module 15 Module 16 Introduction to Python Learn Python fundamentals including variables, operators, loops, functions, and data structures Work with lists, tuples, sets, and dictionaries for data processing tasks Understand object-oriented programming concepts like classes, inheritance, and polymorphism Practice file handling, exception handling, and intermediate Python concepts Work with APIs and JSON data for real-world integrations Build coding confidence using Jupyter Notebook, VS Code, and Google Colab Develop strong programming foundations required for Data Science and AI workflows Download Syllabus Get Mentored by Industry Experts Gain insights from professionals who have worked on real AI products, production systems, and modern AI engineering workflows. Harshit Abhishek Sharma Ajantha Devi Pranav Jaipurkar Kousik Krishnan Shabarinath Work With Industry-Standard Data Science & AI Tools Gain hands-on experience with the",200
https://www.guvi.in/zen-class/data-science-course/,Data Science Course With Placement | Zen Class | HCL GUVI,Live Program,9,"production systems, and modern AI engineering workflows. Harshit Abhishek Sharma Ajantha Devi Pranav Jaipurkar Kousik Krishnan Shabarinath Work With Industry-Standard Data Science & AI Tools Gain hands-on experience with the technologies, frameworks, and platforms used in Modern Data Science, Machine Learning, MLOps, and Generative AI workflows. Build Industry-Ready Data Science & AI Projects Create portfolio-ready Data Science and AI projects using Modern Technologies, Machine Learning, Generative AI, and Production-ready workflows. Retail Sales Analysis & Business Insights System Build analytics systems to identify revenue trends, customer behavior, and actionable business insights using retail datasets. Customer Churn Prediction System Develop machine learning models to predict customer drop-offs and improve retention strategies. Customer Segmentation Engine Create intelligent customer segmentation systems using clustering techniques for personalized marketing. Smart Movie Recommendation System Build recommendation engines using collaborative and content-based filtering techniques. AI-Powered Sentiment Analysis System Analyze customer reviews and social media conversations using NLP and machine learning models. Disease Prediction Using Deep Learning Develop deep learning models for disease prediction and healthcare analytics using neural networks. Crop Disease Detection System Build computer vision applications that identify crop diseases from leaf images using CNN models. Fraud Detection & Risk Scoring System Create fraud detection pipelines using",200
https://www.guvi.in/zen-class/data-science-course/,Data Science Course With Placement | Zen Class | HCL GUVI,Live Program,10,"networks. Crop Disease Detection System Build computer vision applications that identify crop diseases from leaf images using CNN models. Fraud Detection & Risk Scoring System Create fraud detection pipelines using anomaly detection and real-time machine learning systems. AI-Powered Data Analyst Develop intelligent analytics applications that can chat with CSV files and automate insight generation. RAG-Based Document Intelligence Assistant Build document intelligence systems using RAG pipelines and vector databases for information retrieval. End-to-End AI Decision Intelligence Platform Create a complete AI-powered decision support platform combining analytics and Generative AI workflows. Benefits of IIT-M Pravartak Certified Zen Class IITM-Pravartak Certification Earn a certification from IIT-M Pravartak, adding credibility to your data science career. Trusted by Employers Increase your hiring potential with a certification trusted by top employers in the industry. Zen Class Edge Learn from expert mentors, access vernacular training, and get dedicated placement support. Get Hired with Our End-to-End Placement Support One-on-One Mock Interviews One-on-One Resume Evaluation One-on-One Mentor Guidance Interview Preparation Support Job Opportunities Success Stories of Our Learners Our students upskilled, worked on real projects, and achieved career breakthroughs. Now it's your turn! Vinoth ML Engineer @ Urbanrise I shared my interview experience with HCL GUVI, trained accordingly, and",200
https://www.guvi.in/zen-class/data-science-course/,Data Science Course With Placement | Zen Class | HCL GUVI,Live Program,11,"students upskilled, worked on real projects, and achieved career breakthroughs. Now it's your turn! Vinoth ML Engineer @ Urbanrise I shared my interview experience with HCL GUVI, trained accordingly, and landed a job with a 135% hike! Prashanth DS & AI Engineer @ Medical Global Solutions I requested HCL GUVI to forward job roles that matched my updated skills. I attended interviews and got selected Shubham Chavan Data Scientist @ Fipsar solutions HCL GUVI’s teaching in my native language and mock interviews helped me grasp real interview scenarios. Vinoth ML Engineer @ Urbanrise I shared my interview experience with HCL GUVI, trained accordingly, and landed a job with a 135% hike! Prashanth DS & AI Engineer @ Medical Global Solutions I requested HCL GUVI to forward job roles that matched my updated skills. I attended interviews and got selected Shubham Chavan Data Scientist @ Fipsar solutions HCL GUVI’s teaching in my native language and mock interviews helped me grasp real interview scenarios. ✕ Why Choose HCL GUVI Over the Rest HCL GUVI Others Learning Languages English, Hindi, Telugu & தமிழ் Only English After Class Support Mail, Chat & Call - 24/7 Chat Support Only Future Ready Training 1:1 Doubt Solving",200
https://www.guvi.in/zen-class/data-science-course/,Data Science Course With Placement | Zen Class | HCL GUVI,Live Program,12,"HCL GUVI Others Learning Languages English, Hindi, Telugu & தமிழ் Only English After Class Support Mail, Chat & Call - 24/7 Chat Support Only Future Ready Training 1:1 Doubt Solving Sessions Softskills Training Inbuilt Practise Platforms Get Premium Learning at an Affordable Price Standard Program Fee Regular Program Value ₹1,24,999 Features IITM Pravartak Certification 6 Months for weekday & weekend 1:1 Query Support In English, Hindi, Telugu & தமிழ் Connect with our counseling team Phone: +91- 9736097320 Connect with our counseling team Phone: +91- 9736097320 Exclusive Scholarship Fee Save More with Limited-Time Scholarship Access ₹99,999 ₹11,585 For 12 Months Connect with our Program Counselor to unlock your scholarship benefit Frequently Asked Questions FAQs Placement Pricing Mentors General How does HCL GUVI assist with job placements? Our placement support includes mock interviews, resume building, and mentorship sessions with industry experts. You also gain access to HyreNet, our AI-powered job portal, to explore job opportunities. How many students have been placed through the support offered by HCL GUVI's Zen Class Data Science Program? Over 10,000+ learners have successfully transitioned into Data Science careers with our placement guidance and expert mentorship. Will I be connected to hiring partners after completing the course? Yes!",200
https://www.guvi.in/zen-class/data-science-course/,Data Science Course With Placement | Zen Class | HCL GUVI,Live Program,13,"Program? Over 10,000+ learners have successfully transitioned into Data Science careers with our placement guidance and expert mentorship. Will I be connected to hiring partners after completing the course? Yes! You'll be connected with our 1000+ hiring partners and gain better access to networking opportunities for exploring potential job openings. What if I don't get placed immediately? Through HCL GUVI's hiring platform, HyreNet, you can continue to access new job opportunities, resume reviews, and interview preparation as part of our placement network. What is the total course fee? The original course fee is ₹1,24,999, but with a flat 20% discount, you can enroll at ₹99,999 (Inclusive of GST) if you opt for full payment mode. Are EMI options available? Yes, flexible EMI options are available, starting from ₹11,585/month for 12 months. What are the payment options for enrolling in this course? You can pay the full amount or choose EMI plans for flexible payment options. Does the course fee cover all study materials and sessions? Yes, the fee includes live expert-led sessions, self-paced modules, mentor support, and placement assistance. Who are the mentors for the Zen Class Data Science Program? Our mentors are industry experts from top companies with extensive",200
https://www.guvi.in/zen-class/data-science-course/,Data Science Course With Placement | Zen Class | HCL GUVI,Live Program,14,"expert-led sessions, self-paced modules, mentor support, and placement assistance. Who are the mentors for the Zen Class Data Science Program? Our mentors are industry experts from top companies with extensive experience in Data Science, AI, and Machine Learning. They provide hands-on guidance, real-world insights, and career support throughout the program. How do mentors help during the course? Mentors provide live interactive sessions, one-on-one doubt resolution, and project feedback to help you master complex concepts and build job-ready skills. Will I have access to mentors after the course ends? Yes! Even after course completion, you can seek mentor guidance through live Q&A sessions, alumni networking, and career support forums. How can I interact with mentors? You can connect with mentors through live sessions, doubt-solving forums, and one-on-one mentorship calls for personalized guidance. Who is eligible to take up the Zen Class Data Science Program? Anyone with a graduation degree and an interest in Data Science can enroll. This program is ideal for graduates, job seekers, and early professionals looking to switch careers. What is the duration of the Zen Class Data Science Course? The course duration of the Zen class Data Science Program is 6 months for weekday and weekend batch",200
https://www.guvi.in/zen-class/data-science-course/,Data Science Course With Placement | Zen Class | HCL GUVI,Live Program,15,"careers. What is the duration of the Zen Class Data Science Course? The course duration of the Zen class Data Science Program is 6 months for weekday and weekend batch learners. Do I need prior coding knowledge for this course? No, prior coding experience is not mandatory. You can start from scratch and still master programming concepts relevant to Data Science. Is this program conducted online or offline? The Zen Class Data Science Program is 100% online, featuring live sessions by industry experts and self-paced modules for flexible learning. Apply now to Unlock Offer! Name Email 🇮🇳 +91 🇦🇫 Afghanistan +93 🇦🇽 Aland Islands +358-18 🇦🇱 Albania +355 🇩🇿 Algeria +213 🇦🇸 American Samoa +1-684 🇦🇩 Andorra +376 🇦🇴 Angola +244 🇦🇮 Anguilla +1-264 🇦🇶 Antarctica +672 🇦🇬 Antigua And Barbuda +1-268 🇦🇷 Argentina +54 🇦🇲 Armenia +374 🇦🇼 Aruba +297 🇦🇺 Australia +61 🇦🇹 Austria +43 🇦🇿 Azerbaijan +994 🇧🇭 Bahrain +973 🇧🇩 Bangladesh +880 🇧🇧 Barbados +1-246 🇧🇾 Belarus +375 🇧🇪 Belgium +32 🇧🇿 Belize +501 🇧🇯 Benin +229 🇧🇲 Bermuda +1-441 🇧🇹 Bhutan +975 🇧🇴 Bolivia +591 🇧🇶 Bonaire, Sint Eustatius and Saba +599 🇧🇦 Bosnia and Herzegovina +387 🇧🇼 Botswana +267 🇧🇻 Bouvet Island +0055 🇧🇷",200
https://www.guvi.in/zen-class/data-science-course/,Data Science Course With Placement | Zen Class | HCL GUVI,Live Program,16,"+229 🇧🇲 Bermuda +1-441 🇧🇹 Bhutan +975 🇧🇴 Bolivia +591 🇧🇶 Bonaire, Sint Eustatius and Saba +599 🇧🇦 Bosnia and Herzegovina +387 🇧🇼 Botswana +267 🇧🇻 Bouvet Island +0055 🇧🇷 Brazil +55 🇮🇴 British Indian Ocean Territory +246 🇧🇳 Brunei +673 🇧🇬 Bulgaria +359 🇧🇫 Burkina Faso +226 🇧🇮 Burundi +257 🇰🇭 Cambodia +855 🇨🇲 Cameroon +237 🇨🇦 Canada +1 🇨🇻 Cape Verde +238 🇰🇾 Cayman Islands +1-345 🇨🇫 Central African Republic +236 🇹🇩 Chad +235 🇨🇱 Chile +56 🇨🇳 China +86 🇨🇽 Christmas Island +61 🇨🇨 Cocos (Keeling) Islands +61 🇨🇴 Colombia +57 🇰🇲 Comoros +269 🇨🇬 Congo +242 🇨🇰 Cook Islands +682 🇨🇷 Costa Rica +506 🇨🇮 Cote D'Ivoire (Ivory Coast) +225 🇭🇷 Croatia +385 🇨🇺 Cuba +53 🇨🇼 Curaçao +599 🇨🇾 Cyprus +357 🇨🇿 Czech Republic +420 🇨🇩 Democratic Republic of the Congo +243 🇩🇰 Denmark +45 🇩🇯 Djibouti +253 🇩🇲 Dominica +1-767 🇩🇴 Dominican Republic +1-809 and 1-829 🇹🇱 East Timor +670 🇪🇨 Ecuador +593 🇪🇬 Egypt +20 🇸🇻 El Salvador +503 🇬🇶 Equatorial Guinea +240 🇪🇷 Eritrea +291 🇪🇪 Estonia +372 🇪🇹 Ethiopia +251 🇫🇰 Falkland Islands +500 🇫🇴 Faroe Islands +298 🇫🇯 Fiji Islands +679 🇫🇮 Finland +358 🇫🇷 France +33 🇬🇫 French Guiana",200
https://www.guvi.in/zen-class/data-science-course/,Data Science Course With Placement | Zen Class | HCL GUVI,Live Program,17,🇪🇷 Eritrea +291 🇪🇪 Estonia +372 🇪🇹 Ethiopia +251 🇫🇰 Falkland Islands +500 🇫🇴 Faroe Islands +298 🇫🇯 Fiji Islands +679 🇫🇮 Finland +358 🇫🇷 France +33 🇬🇫 French Guiana +594 🇵🇫 French Polynesia +689 🇹🇫 French Southern Territories +262 🇬🇦 Gabon +241 🇬🇲 Gambia The +220 🇬🇪 Georgia +995 🇩🇪 Germany +49 🇬🇭 Ghana +233 🇬🇮 Gibraltar +350 🇬🇷 Greece +30 🇬🇱 Greenland +299 🇬🇩 Grenada +1-473 🇬🇵 Guadeloupe +590 🇬🇺 Guam +1-671 🇬🇹 Guatemala +502 🇬🇬 Guernsey and Alderney +44-1481 🇬🇳 Guinea +224 🇬🇼 Guinea-Bissau +245 🇬🇾 Guyana +592 🇭🇹 Haiti +509 🇭🇲 Heard Island and McDonald Islands +672 🇭🇳 Honduras +504 🇭🇰 Hong Kong S.A.R. +852 🇭🇺 Hungary +36 🇮🇸 Iceland +354 🇮🇳 India +91 🇮🇩 Indonesia +62 🇮🇷 Iran +98 🇮🇶 Iraq +964 🇮🇪 Ireland +353 🇮🇱 Israel +972 🇮🇹 Italy +39 🇯🇲 Jamaica +1-876 🇯🇵 Japan +81 🇯🇪 Jersey +44-1534 🇯🇴 Jordan +962 🇰🇿 Kazakhstan +7 🇰🇪 Kenya +254 🇰🇮 Kiribati +686 🇽🇰 Kosovo +383 🇰🇼 Kuwait +965 🇰🇬 Kyrgyzstan +996 🇱🇦 Laos +856 🇱🇻 Latvia +371 🇱🇧 Lebanon +961 🇱🇸 Lesotho +266 🇱🇷 Liberia +231 🇱🇾 Libya +218 🇱🇮 Liechtenstein +423 🇱🇹 Lithuania +370 🇱🇺 Luxembourg +352 🇲🇴 Macau S.A.R. +853 🇲🇰 Macedonia +389,200
https://www.guvi.in/zen-class/data-science-course/,Data Science Course With Placement | Zen Class | HCL GUVI,Live Program,18,Latvia +371 🇱🇧 Lebanon +961 🇱🇸 Lesotho +266 🇱🇷 Liberia +231 🇱🇾 Libya +218 🇱🇮 Liechtenstein +423 🇱🇹 Lithuania +370 🇱🇺 Luxembourg +352 🇲🇴 Macau S.A.R. +853 🇲🇰 Macedonia +389 🇲🇬 Madagascar +261 🇲🇼 Malawi +265 🇲🇾 Malaysia +60 🇲🇻 Maldives +960 🇲🇱 Mali +223 🇲🇹 Malta +356 🇮🇲 Man (Isle of) +44-1624 🇲🇭 Marshall Islands +692 🇲🇶 Martinique +596 🇲🇷 Mauritania +222 🇲🇺 Mauritius +230 🇾🇹 Mayotte +262 🇲🇽 Mexico +52 🇫🇲 Micronesia +691 🇲🇩 Moldova +373 🇲🇨 Monaco +377 🇲🇳 Mongolia +976 🇲🇪 Montenegro +382 🇲🇸 Montserrat +1-664 🇲🇦 Morocco +212 🇲🇿 Mozambique +258 🇲🇲 Myanmar +95 🇳🇦 Namibia +264 🇳🇷 Nauru +674 🇳🇵 Nepal +977 🇳🇱 Netherlands +31 🇳🇨 New Caledonia +687 🇳🇿 New Zealand +64 🇳🇮 Nicaragua +505 🇳🇪 Niger +227 🇳🇬 Nigeria +234 🇳🇺 Niue +683 🇳🇫 Norfolk Island +672 🇰🇵 North Korea +850 🇲🇵 Northern Mariana Islands +1-670 🇳🇴 Norway +47 🇴🇲 Oman +968 🇵🇰 Pakistan +92 🇵🇼 Palau +680 🇵🇸 Palestinian Territory Occupied +970 🇵🇦 Panama +507 🇵🇬 Papua new Guinea +675 🇵🇾 Paraguay +595 🇵🇪 Peru +51 🇵🇭 Philippines +63 🇵🇳 Pitcairn Island +870 🇵🇱 Poland +48 🇵🇹 Portugal +351 🇵🇷 Puerto Rico +1-787 and 1-939 🇶🇦 Qatar +974 🇷🇪 Reunion +262,200
https://www.guvi.in/zen-class/data-science-course/,Data Science Course With Placement | Zen Class | HCL GUVI,Live Program,19,Paraguay +595 🇵🇪 Peru +51 🇵🇭 Philippines +63 🇵🇳 Pitcairn Island +870 🇵🇱 Poland +48 🇵🇹 Portugal +351 🇵🇷 Puerto Rico +1-787 and 1-939 🇶🇦 Qatar +974 🇷🇪 Reunion +262 🇷🇴 Romania +40 🇷🇺 Russia +7 🇷🇼 Rwanda +250 🇸🇭 Saint Helena +290 🇰🇳 Saint Kitts And Nevis +1-869 🇱🇨 Saint Lucia +1-758 🇵🇲 Saint Pierre and Miquelon +508 🇻🇨 Saint Vincent And The Grenadines +1-784 🇧🇱 Saint-Barthelemy +590 🇲🇫 Saint-Martin (French part) +590 🇼🇸 Samoa +685 🇸🇲 San Marino +378 🇸🇹 Sao Tome and Principe +239 🇸🇦 Saudi Arabia +966 🇸🇳 Senegal +221 🇷🇸 Serbia +381 🇸🇨 Seychelles +248 🇸🇱 Sierra Leone +232 🇸🇬 Singapore +65 🇸🇽 Sint Maarten (Dutch part) +1721 🇸🇰 Slovakia +421 🇸🇮 Slovenia +386 🇸🇧 Solomon Islands +677 🇸🇴 Somalia +252 🇿🇦 South Africa +27 🇬🇸 South Georgia +500 🇰🇷 South Korea +82 🇸🇸 South Sudan +211 🇪🇸 Spain +34 🇱🇰 Sri Lanka +94 🇸🇩 Sudan +249 🇸🇷 Suriname +597 🇸🇯 Svalbard And Jan Mayen Islands +47 🇸🇿 Swaziland +268 🇸🇪 Sweden +46 🇨🇭 Switzerland +41 🇸🇾 Syria +963 🇹🇼 Taiwan +886 🇹🇯 Tajikistan +992 🇹🇿 Tanzania +255 🇹🇭 Thailand +66 🇧🇸 The Bahamas +1-242 🇹🇬 Togo +228 🇹🇰 Tokelau +690 🇹🇴 Tonga +676 🇹🇹,200
https://www.guvi.in/zen-class/data-science-course/,Data Science Course With Placement | Zen Class | HCL GUVI,Live Program,20,+41 🇸🇾 Syria +963 🇹🇼 Taiwan +886 🇹🇯 Tajikistan +992 🇹🇿 Tanzania +255 🇹🇭 Thailand +66 🇧🇸 The Bahamas +1-242 🇹🇬 Togo +228 🇹🇰 Tokelau +690 🇹🇴 Tonga +676 🇹🇹 Trinidad And Tobago +1-868 🇹🇳 Tunisia +216 🇹🇷 Turkey +90 🇹🇲 Turkmenistan +993 🇹🇨 Turks And Caicos Islands +1-649 🇹🇻 Tuvalu +688 🇺🇬 Uganda +256 🇺🇦 Ukraine +380 🇦🇪 United Arab Emirates +971 🇬🇧 United Kingdom +44 🇺🇸 United States +1 🇺🇲 United States Minor Outlying Islands +1 🇺🇾 Uruguay +598 🇺🇿 Uzbekistan +998 🇻🇺 Vanuatu +678 🇻🇦 Vatican City State (Holy See) +379 🇻🇪 Venezuela +58 🇻🇳 Vietnam +84 🇻🇬 Virgin Islands (British) +1-284 🇻🇮 Virgin Islands (US) +1-340 🇼🇫 Wallis And Futuna Islands +681 🇪🇭 Western Sahara +212 🇾🇪 Yemen +967 🇿🇲 Zambia +260 🇿🇼 Zimbabwe +263 Mobile Number Education Qualification Engineering Degree (CS / IT / ECE / EEE) Engineering Degree (Mech / Civil / Others) Non-Engineering Degree (B.Sc / B.Com / BCA / MBA / M.Sc / Others) ITI / Diploma HSC / SSC Education Qualification Current Profile Working in Non IT Industry Working in IT Industry Student Graduated and Looking for a Career Current Profile Year of Graduation 2027 2028 2029 2030 2031 Year of,200
https://www.guvi.in/zen-class/data-science-course/,Data Science Course With Placement | Zen Class | HCL GUVI,Live Program,21,"Current Profile Working in Non IT Industry Working in IT Industry Student Graduated and Looking for a Career Current Profile Year of Graduation 2027 2028 2029 2030 2031 Year of Graduation Speaking Language English Tamil Hindi Telugu Kannada Malayalam Others Speaking Language Have a Coupon code? Redeem Coupon Code Cancel Redeem Remove Redeemed Successfully! Apply Now By registering, I agree to be contacted via phone, SMS, or email for offers & products, even if I am on a DNC/NDNC list ✕ Final Step! OTP Verification An OTP has been sent to your Mobile - Edit Resend OTP Verify OTP Edit Mobile 🇮🇳 +91 🇦🇫 Afghanistan +93 🇦🇽 Aland Islands +358-18 🇦🇱 Albania +355 🇩🇿 Algeria +213 🇦🇸 American Samoa +1-684 🇦🇩 Andorra +376 🇦🇴 Angola +244 🇦🇮 Anguilla +1-264 🇦🇶 Antarctica +672 🇦🇬 Antigua And Barbuda +1-268 🇦🇷 Argentina +54 🇦🇲 Armenia +374 🇦🇼 Aruba +297 🇦🇺 Australia +61 🇦🇹 Austria +43 🇦🇿 Azerbaijan +994 🇧🇭 Bahrain +973 🇧🇩 Bangladesh +880 🇧🇧 Barbados +1-246 🇧🇾 Belarus +375 🇧🇪 Belgium +32 🇧🇿 Belize +501 🇧🇯 Benin +229 🇧🇲 Bermuda +1-441 🇧🇹 Bhutan +975 🇧🇴 Bolivia +591 🇧🇶 Bonaire, Sint Eustatius and Saba +599 🇧🇦 Bosnia and Herzegovina +387 🇧🇼 Botswana +267",200
https://www.guvi.in/zen-class/data-science-course/,Data Science Course With Placement | Zen Class | HCL GUVI,Live Program,22,"🇧🇿 Belize +501 🇧🇯 Benin +229 🇧🇲 Bermuda +1-441 🇧🇹 Bhutan +975 🇧🇴 Bolivia +591 🇧🇶 Bonaire, Sint Eustatius and Saba +599 🇧🇦 Bosnia and Herzegovina +387 🇧🇼 Botswana +267 🇧🇻 Bouvet Island +0055 🇧🇷 Brazil +55 🇮🇴 British Indian Ocean Territory +246 🇧🇳 Brunei +673 🇧🇬 Bulgaria +359 🇧🇫 Burkina Faso +226 🇧🇮 Burundi +257 🇰🇭 Cambodia +855 🇨🇲 Cameroon +237 🇨🇦 Canada +1 🇨🇻 Cape Verde +238 🇰🇾 Cayman Islands +1-345 🇨🇫 Central African Republic +236 🇹🇩 Chad +235 🇨🇱 Chile +56 🇨🇳 China +86 🇨🇽 Christmas Island +61 🇨🇨 Cocos (Keeling) Islands +61 🇨🇴 Colombia +57 🇰🇲 Comoros +269 🇨🇬 Congo +242 🇨🇰 Cook Islands +682 🇨🇷 Costa Rica +506 🇨🇮 Cote D'Ivoire (Ivory Coast) +225 🇭🇷 Croatia +385 🇨🇺 Cuba +53 🇨🇼 Curaçao +599 🇨🇾 Cyprus +357 🇨🇿 Czech Republic +420 🇨🇩 Democratic Republic of the Congo +243 🇩🇰 Denmark +45 🇩🇯 Djibouti +253 🇩🇲 Dominica +1-767 🇩🇴 Dominican Republic +1-809 and 1-829 🇹🇱 East Timor +670 🇪🇨 Ecuador +593 🇪🇬 Egypt +20 🇸🇻 El Salvador +503 🇬🇶 Equatorial Guinea +240 🇪🇷 Eritrea +291 🇪🇪 Estonia +372 🇪🇹 Ethiopia +251 🇫🇰 Falkland Islands +500 🇫🇴 Faroe Islands +298 🇫🇯 Fiji Islands +679 🇫🇮 Finland +358 🇫🇷",200
https://www.guvi.in/zen-class/data-science-course/,Data Science Course With Placement | Zen Class | HCL GUVI,Live Program,23,+503 🇬🇶 Equatorial Guinea +240 🇪🇷 Eritrea +291 🇪🇪 Estonia +372 🇪🇹 Ethiopia +251 🇫🇰 Falkland Islands +500 🇫🇴 Faroe Islands +298 🇫🇯 Fiji Islands +679 🇫🇮 Finland +358 🇫🇷 France +33 🇬🇫 French Guiana +594 🇵🇫 French Polynesia +689 🇹🇫 French Southern Territories +262 🇬🇦 Gabon +241 🇬🇲 Gambia The +220 🇬🇪 Georgia +995 🇩🇪 Germany +49 🇬🇭 Ghana +233 🇬🇮 Gibraltar +350 🇬🇷 Greece +30 🇬🇱 Greenland +299 🇬🇩 Grenada +1-473 🇬🇵 Guadeloupe +590 🇬🇺 Guam +1-671 🇬🇹 Guatemala +502 🇬🇬 Guernsey and Alderney +44-1481 🇬🇳 Guinea +224 🇬🇼 Guinea-Bissau +245 🇬🇾 Guyana +592 🇭🇹 Haiti +509 🇭🇲 Heard Island and McDonald Islands +672 🇭🇳 Honduras +504 🇭🇰 Hong Kong S.A.R. +852 🇭🇺 Hungary +36 🇮🇸 Iceland +354 🇮🇳 India +91 🇮🇩 Indonesia +62 🇮🇷 Iran +98 🇮🇶 Iraq +964 🇮🇪 Ireland +353 🇮🇱 Israel +972 🇮🇹 Italy +39 🇯🇲 Jamaica +1-876 🇯🇵 Japan +81 🇯🇪 Jersey +44-1534 🇯🇴 Jordan +962 🇰🇿 Kazakhstan +7 🇰🇪 Kenya +254 🇰🇮 Kiribati +686 🇽🇰 Kosovo +383 🇰🇼 Kuwait +965 🇰🇬 Kyrgyzstan +996 🇱🇦 Laos +856 🇱🇻 Latvia +371 🇱🇧 Lebanon +961 🇱🇸 Lesotho +266 🇱🇷 Liberia +231 🇱🇾 Libya +218 🇱🇮 Liechtenstein +423 🇱🇹 Lithuania +370 🇱🇺 Luxembourg +352 🇲🇴 Macau,200
https://www.guvi.in/zen-class/data-science-course/,Data Science Course With Placement | Zen Class | HCL GUVI,Live Program,24,+996 🇱🇦 Laos +856 🇱🇻 Latvia +371 🇱🇧 Lebanon +961 🇱🇸 Lesotho +266 🇱🇷 Liberia +231 🇱🇾 Libya +218 🇱🇮 Liechtenstein +423 🇱🇹 Lithuania +370 🇱🇺 Luxembourg +352 🇲🇴 Macau S.A.R. +853 🇲🇰 Macedonia +389 🇲🇬 Madagascar +261 🇲🇼 Malawi +265 🇲🇾 Malaysia +60 🇲🇻 Maldives +960 🇲🇱 Mali +223 🇲🇹 Malta +356 🇮🇲 Man (Isle of) +44-1624 🇲🇭 Marshall Islands +692 🇲🇶 Martinique +596 🇲🇷 Mauritania +222 🇲🇺 Mauritius +230 🇾🇹 Mayotte +262 🇲🇽 Mexico +52 🇫🇲 Micronesia +691 🇲🇩 Moldova +373 🇲🇨 Monaco +377 🇲🇳 Mongolia +976 🇲🇪 Montenegro +382 🇲🇸 Montserrat +1-664 🇲🇦 Morocco +212 🇲🇿 Mozambique +258 🇲🇲 Myanmar +95 🇳🇦 Namibia +264 🇳🇷 Nauru +674 🇳🇵 Nepal +977 🇳🇱 Netherlands +31 🇳🇨 New Caledonia +687 🇳🇿 New Zealand +64 🇳🇮 Nicaragua +505 🇳🇪 Niger +227 🇳🇬 Nigeria +234 🇳🇺 Niue +683 🇳🇫 Norfolk Island +672 🇰🇵 North Korea +850 🇲🇵 Northern Mariana Islands +1-670 🇳🇴 Norway +47 🇴🇲 Oman +968 🇵🇰 Pakistan +92 🇵🇼 Palau +680 🇵🇸 Palestinian Territory Occupied +970 🇵🇦 Panama +507 🇵🇬 Papua new Guinea +675 🇵🇾 Paraguay +595 🇵🇪 Peru +51 🇵🇭 Philippines +63 🇵🇳 Pitcairn Island +870 🇵🇱 Poland +48 🇵🇹 Portugal +351 🇵🇷 Puerto Rico +1-787 and 1-939 🇶🇦,200
https://www.guvi.in/zen-class/data-science-course/,Data Science Course With Placement | Zen Class | HCL GUVI,Live Program,25,Papua new Guinea +675 🇵🇾 Paraguay +595 🇵🇪 Peru +51 🇵🇭 Philippines +63 🇵🇳 Pitcairn Island +870 🇵🇱 Poland +48 🇵🇹 Portugal +351 🇵🇷 Puerto Rico +1-787 and 1-939 🇶🇦 Qatar +974 🇷🇪 Reunion +262 🇷🇴 Romania +40 🇷🇺 Russia +7 🇷🇼 Rwanda +250 🇸🇭 Saint Helena +290 🇰🇳 Saint Kitts And Nevis +1-869 🇱🇨 Saint Lucia +1-758 🇵🇲 Saint Pierre and Miquelon +508 🇻🇨 Saint Vincent And The Grenadines +1-784 🇧🇱 Saint-Barthelemy +590 🇲🇫 Saint-Martin (French part) +590 🇼🇸 Samoa +685 🇸🇲 San Marino +378 🇸🇹 Sao Tome and Principe +239 🇸🇦 Saudi Arabia +966 🇸🇳 Senegal +221 🇷🇸 Serbia +381 🇸🇨 Seychelles +248 🇸🇱 Sierra Leone +232 🇸🇬 Singapore +65 🇸🇽 Sint Maarten (Dutch part) +1721 🇸🇰 Slovakia +421 🇸🇮 Slovenia +386 🇸🇧 Solomon Islands +677 🇸🇴 Somalia +252 🇿🇦 South Africa +27 🇬🇸 South Georgia +500 🇰🇷 South Korea +82 🇸🇸 South Sudan +211 🇪🇸 Spain +34 🇱🇰 Sri Lanka +94 🇸🇩 Sudan +249 🇸🇷 Suriname +597 🇸🇯 Svalbard And Jan Mayen Islands +47 🇸🇿 Swaziland +268 🇸🇪 Sweden +46 🇨🇭 Switzerland +41 🇸🇾 Syria +963 🇹🇼 Taiwan +886 🇹🇯 Tajikistan +992 🇹🇿 Tanzania +255 🇹🇭 Thailand +66 🇧🇸 The Bahamas +1-242 🇹🇬 Togo +228 🇹🇰 Tokelau,200
https://www.guvi.in/zen-class/data-science-course/,Data Science Course With Placement | Zen Class | HCL GUVI,Live Program,26,"🇸🇪 Sweden +46 🇨🇭 Switzerland +41 🇸🇾 Syria +963 🇹🇼 Taiwan +886 🇹🇯 Tajikistan +992 🇹🇿 Tanzania +255 🇹🇭 Thailand +66 🇧🇸 The Bahamas +1-242 🇹🇬 Togo +228 🇹🇰 Tokelau +690 🇹🇴 Tonga +676 🇹🇹 Trinidad And Tobago +1-868 🇹🇳 Tunisia +216 🇹🇷 Turkey +90 🇹🇲 Turkmenistan +993 🇹🇨 Turks And Caicos Islands +1-649 🇹🇻 Tuvalu +688 🇺🇬 Uganda +256 🇺🇦 Ukraine +380 🇦🇪 United Arab Emirates +971 🇬🇧 United Kingdom +44 🇺🇸 United States +1 🇺🇲 United States Minor Outlying Islands +1 🇺🇾 Uruguay +598 🇺🇿 Uzbekistan +998 🇻🇺 Vanuatu +678 🇻🇦 Vatican City State (Holy See) +379 🇻🇪 Venezuela +58 🇻🇳 Vietnam +84 🇻🇬 Virgin Islands (British) +1-284 🇻🇮 Virgin Islands (US) +1-340 🇼🇫 Wallis And Futuna Islands +681 🇪🇭 Western Sahara +212 🇾🇪 Yemen +967 🇿🇲 Zambia +260 🇿🇼 Zimbabwe +263 Send OTP Verified successfully! Redirecting you to your dashboard... Oops! We're sorry, but we are unable to verify that you're a human. Please try again. If you continue to experience issues, try registering from another device. Refresh Get in Touch Chat on Whatsapp Request Callback",179
https://www.guvi.in/explore-all-courses,"Explore All GUVI Courses | Learn Coding in English, Hindi, Tamil & More",Course,0,"Explore All GUVI Courses Learn Coding in English, Hindi, Tamil & More LIVE Classes VLSI Design Programme New IIT Delhi certified AI & Machine Learning New Intel & IIT-M Pravartak certified Data Science IIT-M Pravartak certified Full Stack Development IIT-M Pravartak certified UI/UX Design HCL GUVI certified AI DevOps Program HCL GUVI certified Still Confused? Request a Callback Explore all Programs Courses Practice CodeKata Sharpen your coding skills, prepare for interviews WebKata Build basic frontend & backend development skills SQLKata Master SQL concepts in relational database management FixTheCode A series of programs curated by industry experts IDE - Online Compiler Run & test your code in any programming language Resources Free Resources Referral Success Stories Blogs Learn Hub Get The App Rewards Become an Affiliate Leaderboard What's New? Resume Builder Community Hub Our Products HackerKID Coding classes platform for K-12 children GUVI For Corporates Meet your Hiring & Training Needs Placement Preparation Ace Up your Aptitude Login Sign up Login Sign up LIVE Classes VLSI Design Programme New IIT Delhi certified AI & Machine Learning New Intel & IIT-M Pravartak certified Data Science IIT-M Pravartak certified Full Stack Development IIT-M Pravartak certified UI/UX Design HCL GUVI certified AI DevOps Program",200
https://www.guvi.in/explore-all-courses,"Explore All GUVI Courses | Learn Coding in English, Hindi, Tamil & More",Course,1,"certified AI & Machine Learning New Intel & IIT-M Pravartak certified Data Science IIT-M Pravartak certified Full Stack Development IIT-M Pravartak certified UI/UX Design HCL GUVI certified AI DevOps Program HCL GUVI certified Explore all Programs Courses Practice CodeKata Sharpen your coding skills, prepare for interviews WebKata Build basic frontend & backend development skills SQLKata Master SQL concepts in relational database management FixTheCode A series of programs curated by industry experts IDE - Online Compiler Run & test your code in any programming language Resources Free Resources Referral Success Stories Blogs Learn Hub Get The App Rewards Become an Affiliate Leaderboard What's New? Resume Builder Community Hub Our Products HackerKID Coding classes platform for K-12 children GUVI For Corporates Meet your Hiring & Training Needs Placement Preparation Ace Up your Aptitude Still Confused? Request a Callback Welcome LIVE Classes Courses Practice Platforms Leaderboard Rewards Referral Profile Finish Welcome LIVE Classes Courses Practice Platforms Leaderboard Rewards Referral Profile Finish ✕ Welcome to HCL GUVI Hey there! Welcome to HCL GUVI—Grab Your Vernacular Imprint—where tech learning is easy, fun, and curated specially for you. Incubated by IIT Madras & IIM Ahmedabad in 2014 and now part of HCL Group, we're making quality",200
https://www.guvi.in/explore-all-courses,"Explore All GUVI Courses | Learn Coding in English, Hindi, Tamil & More",Course,2,"Vernacular Imprint—where tech learning is easy, fun, and curated specially for you. Incubated by IIT Madras & IIM Ahmedabad in 2014 and now part of HCL Group, we're making quality tech education accessible to all. Join 3M+ learners breaking barriers and upskilling for a brighter future. We're here to guide you every step of the way! 🚀 LIVE Classes Zen Classes are HCL GUVI's most refined and flagship product—live, expert-led tech programs for beginners and pros. With IITM Pravartak affiliations, master Full-Stack, Data Science, DevOps, UI/UX, and more in multiple languages! Explore More Courses Looking for flexibility? HCL GUVI's 200+ self-paced courses let you learn anytime, anywhere! From free lessons to IIT-M & Autodesk-certified programs, gain in-demand skills in your preferred language. Explore More Practice Platforms Enhance your coding skills with HCL GUVI's Practice Platforms—interactive, structured, and designed to help you master programming effortlessly. CodeKata: A structured coding practice platform with 1500+ coding problems designed by industry experts. Ideal for beginners and professionals preparing for tech interviews with real-world coding challenges. Try Now > WebKata: An interactive platform to master HTML, CSS, JavaScript, and Bootstrap with a live coding environment. Perfect for hands-on web development practice without any setup. Try",200
https://www.guvi.in/explore-all-courses,"Explore All GUVI Courses | Learn Coding in English, Hindi, Tamil & More",Course,3,"challenges. Try Now > WebKata: An interactive platform to master HTML, CSS, JavaScript, and Bootstrap with a live coding environment. Perfect for hands-on web development practice without any setup. Try Now > SQLKata: A practice ground for mastering SQL queries used in real-world applications. Write, optimize, and refine your queries to build strong database skills. Try Now > FixTheCode: Hone your bug-fixing skills with real-world debugging challenges in Python, C++, JavaScript, and Golang. More languages coming soon! Try Now > IDE: A free online compiler supporting 20+ programming languages with auto-complete, debugging, and AI-powered code generation—all in the cloud! Try Now > Leaderboard Climb the leaderboard as you earn Geekoins by learning and practicing! The top scorers get featured, making learning competitive and rewarding. Keep going—you could be next! Explore More Rewards Earn Geekoins by watching videos and practicing problems, then redeem them for exciting rewards. The more you engage, the more you win! Explore More Referral Love learning with HCL GUVI? Share it with friends! Invite them using your unique link or code and unlock exciting rewards—Amazon vouchers, iPhones, and more. A Win-Win. Explore More Profile Your HCL GUVI profile is your digital portfolio! Track progress, showcase skills, add",200
https://www.guvi.in/explore-all-courses,"Explore All GUVI Courses | Learn Coding in English, Hindi, Tamil & More",Course,4,"unique link or code and unlock exciting rewards—Amazon vouchers, iPhones, and more. A Win-Win. Explore More Profile Your HCL GUVI profile is your digital portfolio! Track progress, showcase skills, add projects, and build a resume. Keep it updated—opportunities await! Explore More That's It! You Are Ready! You're all set to dive into your learning journey with HCL GUVI. Explore, upskill, and make each step count—exciting possibilities awaits! close Thank you for Reaching us out Our team will reach you out within the next 24 hours. Explore all Programs ✕ Home Explore Sort by Filter by Topic Language Rating Price Duration Course Type Sort by - Popularity English 4.0 Struts 6 Hrs 3.9k+ Enrolled ₹1,499 Tamil 4.0 Codeigniter in Tamil 6 Hrs 2k+ Enrolled ₹1,499 Tamil 4.2 PHP 5 Hrs 5.0k+ Enrolled ₹1,499 English 4.4 HTML & CSS 17 Hrs 20.0k+ Enrolled ₹1,999 English 5.0 Mastering jQuery 13 Hrs 2k+ Enrolled ₹3,499 Tamil 4.2 HTML & CSS in Tamil 12 Hrs 2k+ Enrolled ₹1,999 English 4.5 NodeJS 15 Hrs 2.4k+ Enrolled ₹3,499 English 4.6 Bootstrap 11 Hrs 2k+ Enrolled ₹3,499 Tamil 4.1 React.js in Tamil 6 Hrs 2k+ Enrolled ₹1,499 View more courses",192
